date,origin_country,destination_country,tariff_rate_pct,export_levy_usd,cpo_benchmark_price_usd,soybean_oil_price_usd,sunflower_oil_price_usd,crude_brent_usd,freight_rate_usd,usd_fx_index,domestic_stocks_kmt,gdp_growth_pct,monsoon_seasonality_idx,biodiesel_mandate_pct,crush_margin_usd,vegetable_oil_spread_usd,landed_cost_usd_mt,import_volume_kmt
2021-09-01,Indonesia,USA,0.0,37.04,795.99,912.45,912.45,72.66,36.46,1.323,125.8,4.96,0.68,26.6,30.59,116.46,869.49,117.31
2018-01-01,Indonesia,Pakistan,16.98,29.47,735.68,812.02,902.57,54.09,31.95,1.184,193.5,5.22,0.167,21.1,28.53,76.34,932.41,96.36
2018-12-01,Indonesia,Pakistan,21.12,39.49,745.35,899.98,917.17,51.49,24.45,1.146,196.4,4.1,0.169,22.5,28.23,154.63,980.2,99.13
2017-08-01,Malaysia,India,11.54,25.99,692.28,838.53,847.08,54.02,23.12,1.134,287.8,5.14,0.768,20.5,31.62,146.25,826.92,213.75
2021-05-01,Indonesia,India,20.34,39.85,812.14,961.67,987.18,65.12,33.97,1.414,329.0,4.39,0.699,26.1,25.51,149.53,1066.14,238.06
2022-05-01,Indonesia,India,22.07,33.65,781.92,891.38,953.88,60.08,38.88,1.378,345.0,6.59,0.687,27.6,31.49,109.46,1042.98,216.47
2015-01-01,Malaysia,China,9.82,39.57,749.96,870.57,914.0,55.74,31.49,1.062,242.7,5.47,0.145,16.6,28.16,120.61,901.66,185.07
2014-03-01,Indonesia,Pakistan,16.15,32.03,696.81,826.92,840.24,41.37,22.79,1.0,194.2,6.69,0.328,15.4,31.29,130.11,873.05,124.26
2014-12-01,Malaysia,China,9.33,35.89,750.66,843.84,870.63,44.84,23.36,1.046,253.7,4.54,0.185,16.5,27.89,93.18,885.46,164.96
2019-08-01,Indonesia,USA,0.0,46.22,830.46,955.75,961.17,61.84,25.91,1.343,127.1,4.36,0.811,23.5,39.67,125.28,902.6,108.4
2021-06-01,Indonesia,China,6.06,47.31,769.51,901.02,889.77,63.87,36.87,1.318,310.4,3.57,0.808,26.2,36.54,131.51,905.41,216.6
2017-01-01,Indonesia,EU-27,3.09,34.3,696.9,823.67,851.96,58.37,26.42,1.205,204.8,5.45,0.172,19.6,20.75,126.77,781.05,151.7
2022-03-01,Indonesia,Pakistan,13.24,39.71,772.93,860.37,927.15,62.77,45.37,1.324,175.1,5.9,0.338,27.4,45.31,87.44,971.64,101.66
2023-01-01,Malaysia,EU-27,2.29,50.31,818.65,968.69,967.82,54.67,30.69,1.387,182.6,7.58,0.149,28.6,29.94,150.03,920.25,148.01
2014-06-01,Indonesia,EU-27,9.85,33.89,720.05,866.34,857.38,52.79,22.3,0.987,217.9,4.89,0.816,15.8,38.81,146.29,852.67,170.03
2024-07-01,Malaysia,EU-27,8.41,45.77,907.04,1060.3,1058.48,71.41,31.53,1.5,167.0,5.1,0.855,30.9,30.12,153.26,1067.14,157.0
2016-12-01,Indonesia,Pakistan,16.49,38.31,706.45,861.43,883.16,56.66,22.91,1.12,181.7,4.88,0.243,19.5,20.66,154.98,894.27,119.44
2018-01-01,Malaysia,EU-27,5.41,35.06,678.95,789.3,819.58,63.15,20.92,1.353,201.3,6.16,0.167,21.1,30.08,110.35,774.7,121.43
2023-12-01,Indonesia,China,7.93,46.42,875.11,968.39,1003.5,74.31,27.27,1.342,312.2,6.07,0.204,30.0,38.26,93.28,1024.04,185.69
2021-02-01,Malaysia,Pakistan,14.81,29.64,848.12,987.89,1019.81,56.27,35.9,1.308,141.1,6.43,0.168,25.8,27.8,139.76,1048.98,103.83
2021-12-01,Malaysia,Pakistan,17.07,41.49,785.76,935.77,930.09,62.7,32.41,1.453,150.0,6.91,0.211,27.0,30.35,150.01,1006.41,103.38
2017-07-01,Malaysia,Pakistan,13.42,30.06,687.63,823.81,820.19,53.41,29.4,1.188,148.9,5.7,0.856,20.4,34.06,136.18,847.37,138.22
2022-05-01,Indonesia,Pakistan,21.59,38.24,790.03,933.46,939.45,63.74,42.19,1.368,185.5,5.9,0.692,27.6,34.07,143.43,1058.38,137.2
2015-07-01,Malaysia,EU-27,6.9,34.51,757.47,894.6,903.83,51.33,34.37,1.002,158.5,5.96,0.866,17.4,33.12,137.13,883.4,165.16
2017-06-01,Indonesia,EU-27,5.67,41.63,721.37,860.27,873.89,54.71,23.98,1.064,185.9,4.88,0.824,20.2,31.19,138.9,831.62,172.97
2017-09-01,Indonesia,USA,5.02,32.61,701.48,816.86,889.56,44.56,25.98,1.123,131.9,6.07,0.69,20.6,32.46,115.39,798.25,111.29
2018-08-01,Indonesia,India,14.46,35.91,706.03,861.17,802.92,59.4,24.11,1.227,324.9,4.24,0.785,22.0,37.63,155.14,876.83,253.21
2015-04-01,Malaysia,Pakistan,17.51,38.18,762.05,889.61,939.38,43.14,20.58,1.133,133.3,2.89,0.507,17.0,32.86,127.56,964.51,109.92
2020-10-01,Indonesia,China,8.01,41.08,861.67,953.6,1015.65,65.49,25.57,1.418,290.4,6.24,0.505,25.2,36.16,91.93,1002.67,213.55
2021-11-01,Indonesia,EU-27,8.42,36.53,771.85,908.88,927.27,70.23,45.42,1.308,198.9,3.95,0.306,26.9,31.67,137.03,925.72,139.58
2016-08-01,Malaysia,USA,3.0,31.99,710.4,831.03,896.12,52.34,27.65,1.215,74.0,4.14,0.815,19.0,36.06,120.63,793.14,106.16
2022-02-01,Malaysia,India,17.05,30.0,776.79,924.91,984.26,63.96,47.85,1.353,280.5,6.71,0.201,27.2,29.03,148.11,1000.33,197.74
2020-02-01,Indonesia,India,15.18,50.38,847.58,966.99,965.43,56.09,17.3,1.423,306.8,6.3,0.179,24.2,32.81,119.41,1054.18,217.43
2021-09-01,Indonesia,China,7.31,36.91,816.33,948.01,976.22,65.03,34.79,1.356,292.2,2.65,0.685,26.6,23.91,131.67,952.93,212.1
2017-11-01,Malaysia,Pakistan,16.97,36.73,686.81,821.52,833.67,53.95,23.88,1.138,154.7,2.5,0.295,20.9,36.83,134.71,874.23,107.22
2023-07-01,Malaysia,USA,3.58,44.73,842.09,984.77,1000.8,80.64,22.18,1.323,113.3,4.04,0.822,29.4,26.77,142.68,941.56,108.92
2015-01-01,Indonesia,Pakistan,17.75,36.43,784.14,933.54,933.92,57.35,32.09,1.087,174.0,4.61,0.132,16.6,23.09,149.4,1003.99,115.55
2018-11-01,Malaysia,USA,0.0,40.42,808.82,939.43,962.39,55.04,23.5,1.197,104.7,3.97,0.314,22.4,17.49,130.61,872.74,84.44
2014-06-01,Malaysia,China,6.68,33.68,729.31,857.44,885.95,50.27,28.11,1.037,275.6,6.42,0.822,15.8,26.19,128.13,843.98,200.81
2015-08-01,Indonesia,China,11.55,31.3,737.48,857.39,878.9,43.38,27.07,1.271,276.4,4.65,0.795,17.5,26.99,119.91,887.8,234.08
2020-01-01,Indonesia,EU-27,8.35,45.3,853.96,1015.67,934.75,54.97,27.48,1.234,209.2,4.64,0.173,24.1,31.27,161.71,1004.09,146.62
2014-05-01,Indonesia,China,10.95,43.22,708.44,852.82,822.29,47.38,29.3,1.143,293.4,5.05,0.691,15.6,18.37,144.37,866.45,236.8
2018-05-01,Indonesia,India,16.08,34.75,735.39,882.35,843.99,61.67,28.53,1.36,334.0,5.05,0.666,21.6,25.75,146.96,927.13,246.19
2021-02-01,Malaysia,China,9.83,30.74,799.53,928.39,1001.07,58.87,42.7,1.484,233.9,7.97,0.201,25.8,17.14,128.86,958.81,180.81
2021-11-01,Malaysia,India,14.73,38.96,804.52,978.51,974.63,70.09,33.28,1.317,283.7,5.01,0.342,26.9,25.32,173.98,1005.92,192.99
2023-12-01,Malaysia,China,7.41,51.04,886.79,1003.53,1073.24,62.86,24.44,1.368,231.6,5.34,0.17,30.0,36.99,116.74,1033.62,173.53
2018-09-01,Malaysia,Pakistan,19.06,35.9,774.9,853.85,918.47,59.69,19.99,1.198,142.8,4.65,0.675,22.1,23.4,78.94,989.18,90.64
2016-05-01,Indonesia,India,11.46,48.52,720.67,891.34,902.21,51.01,26.24,1.111,331.2,5.0,0.672,18.6,27.13,170.68,886.57,256.41
2015-07-01,Malaysia,USA,0.0,41.59,782.09,853.58,873.89,44.65,27.16,1.054,108.4,5.33,0.867,17.4,23.37,71.49,850.83,93.56
2021-09-01,Malaysia,India,16.5,53.65,784.95,941.84,874.07,58.1,40.6,1.409,246.7,4.94,0.695,26.6,34.31,156.89,1024.3,212.14
2020-06-01,Malaysia,USA,0.0,45.92,865.01,1004.26,1007.29,54.41,31.45,1.349,115.1,5.67,0.814,24.8,31.31,139.25,942.38,90.58
2023-11-01,Malaysia,India,11.56,40.96,896.58,1043.22,1007.02,72.08,23.82,1.5,272.6,4.46,0.352,29.9,40.78,146.64,1072.46,193.52
2015-10-01,Indonesia,USA,6.42,39.8,727.63,859.85,832.0,54.06,24.12,1.12,155.3,6.37,0.48,17.8,32.55,132.22,842.35,96.71
2017-10-01,Malaysia,Pakistan,16.86,27.22,710.53,832.87,866.08,47.73,22.81,1.268,146.2,5.37,0.465,20.8,40.41,122.34,888.78,107.96
2019-09-01,Malaysia,EU-27,5.76,43.4,803.01,930.29,918.52,59.08,24.08,1.422,157.7,3.47,0.708,23.6,26.48,127.27,920.59,130.69
2024-11-01,Indonesia,China,12.23,51.49,972.87,1096.1,1104.42,70.97,26.18,1.5,308.6,5.64,0.352,31.4,36.77,123.23,1179.04,204.43
2023-01-01,Indonesia,Pakistan,15.15,40.2,800.1,932.65,915.07,77.38,22.72,1.456,185.8,3.84,0.163,28.6,33.96,132.55,993.81,100.67
2022-07-01,Malaysia,Pakistan,14.01,40.57,768.28,900.4,905.34,61.28,38.09,1.478,146.1,4.61,0.841,27.9,37.23,132.11,965.6,126.96
2015-04-01,Indonesia,Pakistan,16.1,34.18,776.46,902.14,895.82,38.54,36.39,1.015,179.0,3.28,0.495,17.0,26.68,125.68,983.4,134.77
2014-03-01,Indonesia,India,17.38,26.45,705.09,794.14,846.7,50.72,28.55,0.994,319.1,4.15,0.341,15.4,31.37,89.05,892.2,217.14
2014-11-01,Malaysia,USA,1.98,35.15,745.85,877.04,927.72,47.99,24.34,1.034,117.7,5.99,0.327,16.4,22.5,131.2,821.26,88.65
2020-10-01,Malaysia,Pakistan,17.03,49.06,875.51,987.2,1038.71,57.54,19.94,1.419,183.7,4.19,0.492,25.2,31.43,111.69,1105.31,96.34
2016-01-01,Malaysia,USA,2.83,31.27,725.28,857.58,826.32,45.46,22.64,1.094,120.2,3.74,0.1,18.1,25.65,132.3,801.23,76.82
2017-04-01,Malaysia,USA,0.0,36.56,695.08,840.08,896.79,56.92,30.43,1.209,117.6,5.87,0.523,20.0,36.91,145.0,762.08,113.83
2017-09-01,Indonesia,USA,1.18,31.25,690.22,823.45,874.0,50.67,26.11,1.26,135.3,4.85,0.648,20.6,33.73,133.23,756.4,111.21
2019-10-01,Indonesia,China,7.72,52.01,876.94,1033.04,1020.32,52.57,28.71,1.301,290.3,5.55,0.52,23.8,26.52,156.1,1031.62,222.92
2018-02-01,Malaysia,USA,3.64,35.67,749.45,863.18,851.71,62.41,25.55,1.104,111.7,5.97,0.186,21.2,34.39,113.72,840.16,82.22
2015-10-01,Malaysia,China,13.96,33.31,761.22,900.7,918.03,49.58,21.31,1.149,259.0,5.15,0.494,17.8,32.51,139.48,929.72,189.85
2018-12-01,Malaysia,USA,1.47,43.97,786.69,911.62,956.5,60.61,22.22,1.25,128.0,5.29,0.176,22.5,29.75,124.94,865.43,74.86
2014-09-01,Malaysia,China,6.82,40.23,725.39,854.51,835.33,49.99,23.39,1.003,220.5,4.35,0.627,16.1,22.08,129.12,842.83,208.94
2016-09-01,Indonesia,Pakistan,12.79,35.42,723.32,871.93,864.27,53.19,30.73,1.079,202.8,4.89,0.647,19.1,24.46,148.61,890.43,143.38
2023-11-01,Malaysia,Pakistan,19.43,41.21,886.02,1023.76,1039.74,74.36,29.44,1.5,166.4,4.46,0.373,29.9,33.26,137.74,1142.53,104.74
2018-10-01,Malaysia,EU-27,10.54,44.59,765.19,928.16,962.39,54.4,35.47,1.19,170.6,2.77,0.511,22.2,31.88,162.97,934.37,127.74
2017-01-01,Malaysia,India,13.18,38.82,692.1,797.29,857.9,51.04,25.56,1.205,285.2,2.94,0.132,19.6,22.19,105.19,856.17,179.17
2022-02-01,Indonesia,EU-27,8.59,33.74,795.32,924.47,940.48,67.12,45.91,1.468,199.2,5.2,0.207,27.2,31.3,129.15,950.1,131.5
2023-11-01,Malaysia,India,18.05,55.17,863.99,978.51,1010.01,61.38,19.42,1.5,285.4,5.07,0.311,29.9,25.63,114.52,1108.02,166.84
2014-05-01,Indonesia,China,2.3,38.13,735.8,850.22,842.23,47.39,24.96,1.105,308.1,3.41,0.658,15.6,32.6,114.42,817.23,233.62
2018-01-01,Indonesia,EU-27,7.26,35.1,729.99,868.39,892.03,60.5,25.21,1.181,207.5,5.53,0.151,21.1,33.66,138.4,847.71,140.14
2014-12-01,Indonesia,EU-27,0.0,52.97,753.5,893.46,899.76,55.23,22.52,1.074,194.9,5.44,0.202,16.5,26.75,139.96,828.99,157.52
2016-10-01,Malaysia,EU-27,3.35,35.84,699.69,827.43,848.94,56.44,28.03,1.143,171.9,4.98,0.515,19.2,34.2,127.74,789.11,153.87
2019-03-01,Malaysia,India,23.66,44.4,801.71,938.94,960.71,59.56,25.02,1.306,289.7,3.57,0.337,22.9,33.51,137.23,1077.28,167.2
2021-04-01,Indonesia,India,16.32,50.32,830.8,982.35,943.43,66.75,48.11,1.395,301.3,5.86,0.545,26.0,28.48,151.55,1080.91,237.39
2023-02-01,Indonesia,China,3.78,45.62,834.57,979.92,1072.55,64.67,16.33,1.379,321.7,5.13,0.2,28.8,39.1,145.35,930.43,219.24
2024-04-01,Indonesia,EU-27,4.96,45.46,930.64,1063.49,1091.28,60.51,25.62,1.497,192.5,6.85,0.506,30.5,30.29,132.84,1051.39,162.43
2022-10-01,Malaysia,USA,0.0,42.62,817.68,964.68,950.78,55.97,36.12,1.44,136.4,5.02,0.503,28.2,25.31,147.01,896.42,110.99
2023-12-01,Indonesia,India,22.32,51.44,881.76,989.72,1033.67,78.73,30.64,1.422,316.4,4.98,0.202,30.0,21.91,107.96,1178.98,201.6
2018-02-01,Malaysia,China,7.18,38.21,725.55,865.62,904.36,58.35,21.43,1.172,254.0,4.44,0.246,21.2,20.54,140.07,841.59,187.38
2014-11-01,Indonesia,China,17.26,32.44,730.71,848.45,842.36,49.21,32.56,1.159,291.2,5.37,0.358,16.4,28.1,117.74,933.01,200.03
2022-01-01,Malaysia,USA,0.0,48.2,747.53,912.31,857.29,56.44,41.97,1.435,113.2,4.2,0.163,27.1,22.22,164.78,837.71,88.02
2014-03-01,Malaysia,Pakistan,15.36,39.56,715.26,812.26,828.03,48.39,18.82,1.103,168.3,4.47,0.301,15.4,36.25,97.01,892.49,83.56
2014-03-01,Indonesia,India,22.42,34.56,682.4,805.44,866.37,49.16,26.77,0.99,333.4,4.65,0.339,15.4,34.78,123.04,910.48,215.34
2014-02-01,Indonesia,EU-27,1.38,42.45,670.86,802.78,840.69,44.06,21.47,1.066,208.4,5.05,0.197,15.2,28.08,131.92,744.9,149.63
2017-06-01,Indonesia,India,12.75,38.42,728.18,873.15,888.62,64.31,28.31,1.123,325.4,4.26,0.805,20.2,32.73,144.97,896.27,253.62
2016-09-01,Malaysia,EU-27,6.78,35.59,719.17,848.62,892.07,59.9,20.75,1.05,171.2,4.19,0.671,19.1,30.28,129.45,828.13,148.9
2018-12-01,Malaysia,China,4.74,42.01,782.71,907.64,895.97,49.19,25.68,1.124,256.0,6.17,0.185,22.5,21.3,124.92,890.72,176.8
2020-08-01,Indonesia,USA,2.0,42.59,853.2,1003.82,1045.79,53.63,23.19,1.337,118.2,5.27,0.818,25.0,27.84,150.62,937.39,139.19
2014-07-01,Indonesia,China,8.26,28.23,693.33,882.73,831.96,43.24,27.55,1.122,285.1,5.38,0.819,15.9,35.16,189.39,810.96,260.9
2020-10-01,Indonesia,EU-27,13.6,42.62,850.72,950.18,979.37,60.25,24.17,1.362,190.7,5.24,0.524,25.2,28.46,99.47,1042.28,138.0
2023-05-01,Malaysia,Pakistan,14.72,50.81,852.52,957.86,957.74,62.92,31.64,1.5,162.5,5.6,0.662,29.1,30.84,105.34,1072.57,94.86
2021-03-01,Indonesia,India,19.54,38.92,811.62,936.58,964.14,62.23,45.2,1.261,312.9,5.48,0.348,25.9,27.74,124.96,1070.79,221.43
2014-05-01,Indonesia,EU-27,1.95,44.48,737.2,883.02,915.09,44.97,24.71,1.001,226.6,5.36,0.684,15.6,40.83,145.82,822.12,176.88
2014-02-01,Malaysia,USA,1.9,30.65,711.52,873.55,911.9,52.03,27.44,1.047,107.6,4.21,0.171,15.2,21.31,162.02,784.23,85.2
2023-06-01,Indonesia,Pakistan,20.25,41.9,835.21,959.12,993.82,69.18,25.33,1.452,185.0,6.41,0.813,29.2,33.67,123.91,1085.22,138.35
2021-05-01,Malaysia,EU-27,6.85,43.98,822.79,950.71,970.38,65.41,34.03,1.372,185.6,7.1,0.697,26.1,20.5,127.92,962.49,147.72
2015-11-01,Indonesia,China,8.56,32.79,761.34,899.73,947.46,54.82,25.16,1.028,290.9,5.39,0.358,17.9,31.97,138.39,889.4,211.13
2023-04-01,Indonesia,Pakistan,13.96,42.36,832.92,969.04,1023.66,57.55,22.72,1.367,159.2,5.39,0.507,29.0,21.51,136.12,1023.36,141.42
2018-06-01,Indonesia,EU-27,4.69,35.76,710.45,868.23,845.0,68.89,32.17,1.345,236.9,6.01,0.824,21.8,32.96,157.78,814.92,188.55
2019-03-01,Indonesia,India,23.18,27.57,792.94,947.49,924.76,62.19,29.2,1.208,319.1,3.96,0.322,22.9,32.4,154.55,1046.7,206.49
2023-10-01,Indonesia,Pakistan,16.78,41.24,850.4,1021.19,1034.59,68.61,24.51,1.5,214.9,6.34,0.49,29.8,24.4,170.79,1069.84,129.76
2016-11-01,Indonesia,China,10.29,30.43,667.38,820.1,811.92,51.41,31.56,1.055,298.3,5.01,0.317,19.4,15.64,152.73,804.39,218.3
2022-04-01,Indonesia,Pakistan,19.95,45.33,764.88,905.2,886.93,64.51,39.6,1.365,176.2,3.97,0.495,27.5,31.84,140.31,1019.36,123.37
2019-10-01,Malaysia,Pakistan,17.83,47.57,823.54,953.07,952.62,46.38,24.87,1.27,165.8,3.24,0.489,23.8,33.97,129.53,1055.73,87.23
2018-01-01,Malaysia,Pakistan,12.65,31.26,716.38,845.59,821.15,61.17,26.8,1.266,144.4,4.86,0.159,21.1,33.47,129.22,872.4,99.24
2022-02-01,Indonesia,India,20.81,37.3,769.29,897.48,896.08,56.37,48.04,1.495,317.0,4.09,0.198,27.2,36.99,128.18,1032.52,209.1
2022-03-01,Malaysia,Pakistan,15.39,47.23,763.87,876.29,900.36,58.08,41.29,1.357,154.5,3.24,0.343,27.4,29.61,112.42,983.61,93.2
2015-11-01,Malaysia,EU-27,0.4,47.02,805.26,925.88,987.41,52.02,23.33,1.218,190.6,4.35,0.351,17.9,30.34,120.62,879.08,129.15
2018-12-01,Malaysia,Pakistan,14.15,44.38,799.52,943.96,972.86,54.86,23.81,1.191,162.8,5.56,0.193,22.5,24.18,144.44,990.49,92.61
2014-12-01,Indonesia,Pakistan,18.47,40.21,754.66,865.76,936.65,49.75,23.54,1.073,177.7,4.3,0.208,16.5,31.47,111.09,969.57,106.54
2023-08-01,Indonesia,Pakistan,17.93,47.28,859.0,1005.1,977.93,61.2,19.5,1.451,180.1,6.44,0.808,29.5,32.11,146.11,1091.77,140.93
2024-08-01,Indonesia,USA,0.0,45.73,903.15,1055.11,1041.06,69.22,27.3,1.402,149.2,4.34,0.807,31.0,31.42,151.96,976.18,118.41
2021-03-01,Indonesia,India,19.1,41.55,806.45,923.38,947.04,63.21,37.99,1.431,336.3,5.02,0.339,25.9,27.03,116.93,1055.2,222.51
2021-07-01,Indonesia,USA,0.0,40.78,799.63,895.29,909.64,58.79,35.95,1.338,152.4,4.75,0.844,26.4,31.94,95.66,876.35,92.1
2024-11-01,Indonesia,China,7.28,57.62,944.72,1088.26,1068.52,73.08,27.47,1.5,295.9,4.45,0.325,31.4,28.48,143.54,1104.82,228.67
2020-06-01,Indonesia,China,8.46,43.42,813.42,964.33,1011.32,59.18,30.65,1.231,302.3,5.78,0.813,24.8,30.95,150.91,962.57,246.27
2020-04-01,Indonesia,USA,0.0,43.72,843.72,992.99,982.84,54.98,25.69,1.332,140.7,6.0,0.484,24.5,31.94,149.26,913.14,120.38
2021-02-01,Indonesia,China,8.94,39.11,802.8,913.09,926.73,62.67,33.8,1.333,292.4,4.6,0.203,25.8,17.49,110.29,953.97,192.58
2022-03-01,Indonesia,India,20.34,40.73,783.64,886.36,908.6,59.5,44.34,1.335,338.2,7.53,0.333,27.4,29.1,102.72,1045.43,209.33
2015-05-01,Indonesia,Pakistan,17.57,47.91,755.0,877.98,882.71,55.93,25.76,1.015,167.3,3.0,0.643,17.1,31.34,122.98,974.24,133.02
2017-09-01,Indonesia,India,18.44,37.41,705.61,844.84,845.05,57.63,23.32,1.189,347.3,7.0,0.671,20.6,34.29,139.23,907.68,254.07
2016-05-01,Malaysia,India,12.56,38.25,708.87,814.88,898.38,51.86,26.93,1.177,277.0,4.19,0.682,18.6,24.28,106.01,871.28,194.47
2014-12-01,Indonesia,India,15.51,32.76,748.68,837.28,883.32,50.26,31.06,0.985,345.1,5.23,0.184,16.5,38.88,88.6,938.53,201.97
2024-02-01,Indonesia,EU-27,0.0,58.51,912.84,1011.83,1075.86,61.66,27.83,1.457,203.2,6.2,0.259,30.2,32.24,98.99,999.18,123.1
2018-08-01,Indonesia,EU-27,3.73,39.54,756.28,839.73,941.94,53.91,26.43,1.296,211.8,5.96,0.784,22.0,30.71,83.45,852.93,150.38
2022-11-01,Malaysia,Pakistan,13.86,41.27,796.74,902.58,936.61,55.03,40.92,1.422,171.3,3.26,0.295,28.4,32.64,105.84,1000.79,66.02
2018-01-01,Indonesia,EU-27,9.9,30.48,685.16,817.87,853.54,52.9,22.56,1.225,236.5,4.89,0.163,21.1,27.46,132.71,811.27,122.16
2024-05-01,Malaysia,USA,0.0,56.79,916.03,1091.66,1040.28,54.1,33.83,1.387,117.5,4.33,0.673,30.6,43.22,175.63,1006.65,108.99
2019-04-01,Indonesia,China,6.83,45.52,839.25,1003.61,972.6,47.11,24.55,1.38,299.3,5.45,0.504,23.0,28.27,164.36,971.42,232.11
2022-06-01,Malaysia,China,5.3,39.02,776.67,965.48,953.46,73.71,42.7,1.424,251.3,2.6,0.769,27.8,37.59,188.82,903.85,237.77
2023-01-01,Indonesia,USA,0.0,37.29,808.62,938.45,919.85,69.17,29.54,1.468,133.7,5.88,0.179,28.6,36.54,129.83,875.46,77.67
2016-06-01,Indonesia,China,11.29,39.09,737.3,855.52,911.29,55.08,23.62,1.162,315.6,5.38,0.812,18.8,26.16,118.22,890.34,228.08
2016-10-01,Indonesia,Pakistan,14.96,32.44,699.71,813.32,830.8,52.38,18.43,1.144,188.5,3.98,0.513,19.2,34.69,113.61,862.88,110.53
2017-03-01,Malaysia,India,10.27,32.39,676.18,771.14,804.96,51.5,24.63,1.16,289.8,4.39,0.297,19.9,26.49,94.96,808.48,191.49
2015-11-01,Indonesia,USA,1.36,48.72,745.32,899.3,901.46,57.9,19.74,1.072,117.4,3.78,0.305,17.9,30.84,153.98,824.85,110.02
2016-10-01,Indonesia,USA,0.05,39.6,710.33,847.71,833.8,49.97,21.87,1.069,148.4,4.53,0.484,19.2,33.64,137.38,772.19,94.81
2022-04-01,Malaysia,China,11.36,37.91,741.89,845.73,897.06,65.3,41.85,1.442,241.2,4.19,0.497,27.5,31.0,103.84,915.0,162.64
2016-01-01,Malaysia,China,12.85,35.98,733.5,849.91,874.65,54.83,24.2,1.095,255.4,3.36,0.104,18.1,27.25,116.41,895.69,147.3
2024-04-01,Indonesia,Pakistan,14.84,57.31,902.78,1039.98,992.16,73.29,27.57,1.5,204.6,5.37,0.513,30.5,29.18,137.2,1134.22,119.17
2016-04-01,Malaysia,EU-27,6.93,32.67,717.37,827.55,885.24,50.56,25.35,1.109,161.5,5.54,0.49,18.5,28.86,110.19,829.12,132.82
2024-11-01,Indonesia,Pakistan,19.22,53.43,945.44,1022.42,1093.27,67.73,34.07,1.5,203.3,4.08,0.327,31.4,37.74,76.98,1231.49,65.21
2016-09-01,Malaysia,EU-27,11.14,44.2,709.86,821.24,880.34,57.73,29.15,1.197,177.3,5.32,0.714,19.1,31.86,111.37,870.46,143.31
2017-09-01,Malaysia,USA,0.0,39.46,664.41,776.18,811.52,46.53,26.08,1.187,92.9,4.18,0.667,20.6,28.41,111.77,729.95,109.25
2014-11-01,Indonesia,China,10.66,37.85,757.63,888.1,918.21,55.26,27.67,1.063,323.4,4.97,0.317,16.4,32.25,130.47,910.87,205.38
2018-04-01,Malaysia,China,11.09,34.47,694.32,808.49,824.75,62.06,27.13,1.307,244.6,3.49,0.522,21.5,30.91,114.17,839.78,183.19
2020-03-01,Indonesia,India,22.06,43.46,844.69,984.54,1005.08,59.49,19.53,1.234,333.7,4.96,0.326,24.4,32.74,139.85,1107.92,212.4
2015-05-01,Malaysia,India,9.42,42.87,758.97,901.56,906.6,44.33,31.57,1.147,276.3,3.6,0.675,17.1,37.81,142.59,911.95,215.6
2022-08-01,Malaysia,Pakistan,12.21,40.24,779.27,919.6,949.27,62.83,38.05,1.338,163.3,4.04,0.772,28.0,23.28,140.33,962.25,110.89
2021-10-01,Indonesia,EU-27,0.2,42.43,749.57,901.73,880.4,66.05,35.16,1.407,208.2,3.85,0.492,26.8,33.43,152.17,828.77,168.44
2022-03-01,Malaysia,USA,0.0,47.98,786.02,936.4,922.76,61.76,37.86,1.276,113.5,3.94,0.304,27.4,27.85,150.38,871.86,96.69
2019-08-01,Indonesia,Pakistan,20.38,49.15,842.79,964.75,967.49,57.75,30.23,1.224,147.6,6.05,0.8,23.5,33.33,121.96,1110.09,153.97
2018-06-01,Indonesia,Pakistan,15.62,40.4,781.73,941.8,908.09,53.19,25.12,1.163,175.0,5.61,0.83,21.8,37.41,160.07,979.58,150.29
2018-02-01,Malaysia,Pakistan,17.26,30.06,697.71,807.4,837.67,51.38,21.31,1.199,140.5,3.0,0.2,21.2,21.25,109.68,878.36,86.25
2015-05-01,Malaysia,EU-27,7.57,36.84,733.38,828.43,905.58,55.4,22.18,0.903,177.7,5.88,0.695,17.1,34.08,95.05,852.38,138.92
2024-02-01,Indonesia,USA,0.0,45.16,908.28,1047.56,1081.78,63.21,27.76,1.5,139.0,6.47,0.197,30.2,33.34,139.27,981.2,74.51
2023-05-01,Malaysia,China,5.8,44.96,824.99,953.66,987.72,68.82,31.28,1.5,247.6,4.56,0.68,29.1,31.22,128.67,953.46,205.67
2021-05-01,Malaysia,Pakistan,18.39,44.53,793.05,904.06,962.46,59.39,42.73,1.242,175.6,5.06,0.668,26.1,30.72,111.02,1042.21,96.76
2016-03-01,Indonesia,EU-27,5.91,30.02,739.68,884.55,885.83,57.1,28.39,1.055,204.7,6.04,0.302,18.4,30.82,144.88,845.22,169.46
2020-07-01,Malaysia,China,8.91,44.28,845.16,967.23,1008.42,66.53,27.55,1.302,228.3,5.04,0.823,24.9,31.87,122.07,998.72,200.61
2014-10-01,Indonesia,China,15.75,33.45,744.26,911.78,897.6,53.51,27.74,0.955,303.8,6.57,0.487,16.2,25.57,167.52,932.35,228.74
2018-05-01,Malaysia,India,8.91,33.07,745.76,850.49,918.68,63.64,30.07,1.22,280.7,5.14,0.683,21.6,23.37,104.74,880.96,214.19
2023-05-01,Indonesia,India,21.21,49.85,853.01,996.67,998.45,68.46,22.42,1.5,341.3,5.45,0.653,29.1,38.5,143.67,1121.57,229.68
2021-01-01,Malaysia,India,24.1,50.26,816.95,965.12,954.72,52.72,34.83,1.37,266.0,5.06,0.156,25.6,28.83,148.17,1119.42,161.81
2017-07-01,Indonesia,EU-27,9.69,34.21,677.15,844.66,818.73,62.52,27.81,1.065,210.9,6.22,0.864,20.4,30.77,167.51,810.8,201.15
2020-01-01,Indonesia,China,12.2,45.23,855.18,972.29,1029.07,57.01,30.22,1.307,344.6,4.75,0.158,24.1,27.6,117.11,1044.14,183.4
2014-04-01,Malaysia,Pakistan,14.9,27.43,660.46,753.84,855.99,46.23,22.39,1.067,156.4,4.84,0.48,15.5,34.28,93.38,816.13,107.78
2020-11-01,Malaysia,China,18.44,49.95,821.62,938.15,941.24,56.32,20.6,1.222,253.7,5.35,0.336,25.4,28.73,116.53,1056.66,164.32
2022-10-01,Malaysia,Pakistan,14.08,43.25,796.32,906.5,924.83,67.09,31.37,1.421,161.6,4.29,0.459,28.2,28.94,110.19,993.59,104.85
2016-05-01,Indonesia,Pakistan,8.66,30.45,681.71,788.26,810.23,59.74,28.48,1.139,209.0,4.96,0.682,18.6,20.81,106.55,804.81,125.4
2024-02-01,Malaysia,Pakistan,10.11,40.05,864.21,977.06,1006.15,66.83,28.4,1.452,150.3,4.06,0.183,30.2,30.56,112.85,1026.98,105.93
2016-09-01,Indonesia,Pakistan,17.5,29.96,730.55,809.28,910.96,58.23,30.06,1.108,196.2,7.02,0.68,19.1,25.42,78.73,928.93,124.36
2016-02-01,Malaysia,USA,3.55,38.47,722.35,829.97,873.26,55.65,31.34,1.128,122.6,5.74,0.192,18.2,33.63,107.62,820.27,56.34
2018-06-01,Indonesia,Pakistan,17.33,43.55,742.96,911.65,903.38,58.05,30.39,1.161,170.0,4.6,0.787,21.8,29.68,168.69,958.48,160.61
2024-08-01,Indonesia,China,9.14,52.3,916.77,1040.7,1093.11,69.68,23.76,1.471,289.7,4.51,0.83,31.0,24.61,123.93,1083.59,223.45
2019-04-01,Malaysia,EU-27,4.58,42.99,837.12,984.97,946.44,50.61,25.27,1.288,179.9,5.11,0.529,23.0,23.06,147.85,946.87,151.93
2018-10-01,Indonesia,Pakistan,22.01,40.58,756.59,902.08,928.68,57.12,22.56,1.318,198.3,4.36,0.49,22.2,31.48,145.5,1000.16,115.36
2024-11-01,Indonesia,India,18.46,59.93,957.86,1079.99,1111.7,73.46,32.56,1.45,350.7,3.04,0.333,31.4,23.86,122.13,1244.27,211.58
2014-02-01,Indonesia,India,14.81,42.58,710.31,836.66,830.02,51.13,17.33,1.161,338.9,3.99,0.212,15.2,36.49,126.35,884.26,217.54
2024-02-01,Indonesia,EU-27,7.62,50.86,912.47,1014.17,1079.66,68.94,28.66,1.5,199.0,5.26,0.193,30.2,22.56,101.7,1067.57,118.73
2020-07-01,Indonesia,China,12.73,46.33,812.27,930.43,964.14,53.67,24.83,1.266,308.0,4.09,0.853,24.9,35.81,118.16,995.86,215.04
2023-01-01,Malaysia,Pakistan,14.05,51.48,849.78,953.9,969.64,58.55,21.87,1.491,159.1,3.69,0.115,28.6,22.36,104.12,1052.86,69.82
2020-02-01,Indonesia,China,9.64,37.94,842.23,977.37,962.21,64.37,20.41,1.386,317.9,2.28,0.17,24.2,35.7,135.14,987.36,190.34
2015-02-01,Malaysia,Pakistan,16.79,37.58,754.73,870.36,938.04,55.96,26.01,0.964,174.2,5.88,0.171,16.8,34.34,115.63,955.68,98.42
2022-08-01,Malaysia,China,10.52,41.78,764.61,885.86,965.57,68.36,45.32,1.453,254.0,3.82,0.864,28.0,24.48,121.25,941.29,186.47
2019-06-01,Indonesia,EU-27,3.92,43.15,823.64,970.48,924.95,63.46,29.73,1.268,212.6,5.6,0.812,23.2,28.29,146.84,931.63,183.36
2021-04-01,Indonesia,EU-27,11.64,45.7,809.85,926.58,942.03,65.53,40.63,1.302,212.6,3.98,0.461,26.0,38.18,116.73,1000.54,128.36
2021-10-01,Malaysia,Pakistan,14.69,35.0,792.05,881.45,930.97,68.94,39.55,1.302,163.3,4.82,0.511,26.8,23.91,89.4,993.94,94.14
2024-05-01,Malaysia,China,5.1,49.09,932.66,1081.38,1124.68,66.37,30.03,1.482,245.6,5.11,0.674,30.6,37.73,148.72,1063.42,207.52
2014-09-01,Indonesia,EU-27,3.05,39.29,729.3,835.28,885.41,49.45,32.07,1.059,172.4,6.79,0.69,16.1,39.78,105.98,825.06,175.82
2017-12-01,Indonesia,Pakistan,16.62,34.91,726.64,819.15,850.75,63.01,24.8,1.315,211.3,7.02,0.194,21.0,31.48,92.51,917.07,87.89
2020-05-01,Indonesia,Pakistan,14.59,40.67,828.03,966.87,941.86,61.0,27.77,1.262,193.8,4.61,0.676,24.6,32.23,138.85,1027.28,126.71
2024-11-01,Indonesia,China,14.21,63.48,913.49,1036.78,1084.18,70.25,35.07,1.5,306.4,6.15,0.358,31.4,29.26,123.29,1155.85,193.08
2024-09-01,Indonesia,India,18.9,47.53,914.92,1039.16,1088.13,67.21,25.72,1.5,353.8,4.59,0.674,31.1,23.93,124.24,1174.93,240.34
2015-01-01,Indonesia,USA,1.23,36.99,728.56,846.98,917.43,48.02,17.48,1.103,135.6,5.31,0.229,16.6,19.58,118.42,792.62,97.73
2023-03-01,Malaysia,EU-27,2.39,38.48,790.2,913.57,947.18,60.18,30.88,1.386,195.5,4.19,0.332,28.9,27.77,123.37,880.14,129.85
2018-08-01,Indonesia,EU-27,6.94,33.05,732.06,847.98,877.4,64.07,21.18,1.247,210.7,5.5,0.774,22.0,24.14,115.92,840.86,176.88
2017-02-01,Malaysia,India,10.57,30.89,675.47,826.48,850.0,61.06,19.44,1.116,287.0,4.33,0.21,19.8,29.05,151.02,802.5,190.47
2023-11-01,Malaysia,USA,0.03,56.81,855.42,984.2,1019.0,57.6,24.51,1.5,121.9,5.67,0.328,29.9,32.83,128.79,937.04,84.37
2015-03-01,Indonesia,India,13.77,44.96,777.34,904.83,950.85,45.41,22.78,1.128,322.7,4.48,0.358,16.9,27.82,127.49,961.46,228.81
2023-08-01,Malaysia,China,9.86,37.65,865.11,1002.87,999.14,56.3,25.73,1.344,274.8,5.71,0.805,29.5,36.32,137.76,1020.07,194.12
2021-07-01,Malaysia,China,10.49,46.75,827.76,975.58,971.7,65.95,40.71,1.281,232.6,4.7,0.853,26.4,26.6,147.82,1011.27,209.96
2021-06-01,Indonesia,USA,1.21,51.63,834.88,979.79,1007.01,53.66,38.57,1.301,126.7,3.3,0.806,26.2,30.15,144.91,936.29,123.13
2020-07-01,Indonesia,Pakistan,15.63,50.29,838.73,997.89,952.69,52.86,19.92,1.101,182.2,5.35,0.874,24.9,27.68,159.17,1051.03,141.88
2018-12-01,Indonesia,India,13.36,36.47,802.6,940.0,1007.4,56.87,24.75,1.239,332.2,6.52,0.207,22.5,29.33,137.39,979.19,221.61
2015-07-01,Indonesia,USA,0.0,30.76,775.67,935.27,946.31,45.39,32.38,1.047,165.3,6.76,0.832,17.4,26.46,159.61,838.81,138.57
2021-06-01,Malaysia,China,9.06,40.39,765.84,862.53,924.85,70.27,42.77,1.252,270.8,5.0,0.836,26.2,26.33,96.68,925.92,203.95
2024-06-01,Malaysia,India,12.21,46.16,921.81,1046.35,1105.43,67.6,25.26,1.499,272.2,6.02,0.764,30.8,30.72,124.53,1114.46,199.4
2022-10-01,Indonesia,China,13.09,47.54,804.09,932.01,965.84,59.58,42.33,1.392,307.1,4.09,0.517,28.2,38.25,127.92,1011.02,212.06
2015-06-01,Indonesia,India,7.81,45.59,766.08,870.73,896.06,45.56,24.69,1.044,352.4,4.32,0.786,17.2,28.88,104.66,901.64,237.59
2014-11-01,Indonesia,China,5.92,36.36,753.79,860.06,878.73,44.78,20.44,0.993,313.6,5.62,0.304,16.4,34.79,106.27,858.56,192.43
2024-10-01,Malaysia,EU-27,5.13,46.95,930.96,1045.22,1124.76,69.56,21.35,1.471,165.7,3.73,0.493,31.2,28.92,114.26,1050.49,131.33
2015-02-01,Indonesia,EU-27,1.28,31.56,746.85,812.9,886.35,44.91,26.44,1.146,212.4,4.19,0.206,16.8,27.7,66.05,815.15,101.49
2024-10-01,Malaysia,China,10.68,49.15,960.49,1071.45,1154.38,63.2,28.09,1.47,242.6,5.41,0.491,31.2,22.86,110.97,1148.57,185.14
2014-09-01,Indonesia,Pakistan,16.3,31.3,718.4,827.41,871.48,49.99,26.28,1.03,182.0,3.77,0.675,16.1,27.68,109.01,902.49,112.54
2021-01-01,Indonesia,China,4.09,33.55,811.94,957.61,1025.82,57.66,42.85,1.19,293.8,5.24,0.154,25.6,32.13,145.67,924.66,229.42
2019-11-01,Malaysia,China,7.73,44.84,863.8,1008.39,993.52,61.58,29.58,1.332,270.6,6.42,0.343,23.9,21.4,144.6,1010.76,194.35
2016-04-01,Malaysia,EU-27,9.39,38.65,714.71,860.58,835.3,55.99,27.14,1.037,163.6,6.05,0.516,18.5,29.8,145.87,853.75,140.47
2014-10-01,Indonesia,Pakistan,16.63,41.79,707.13,833.05,848.12,49.88,17.17,1.0,176.3,5.02,0.502,16.2,38.11,125.92,893.47,144.6
2023-02-01,Malaysia,USA,0.0,41.82,815.26,927.71,982.86,63.3,22.01,1.489,137.1,5.04,0.199,28.8,30.76,112.45,879.09,77.35
2017-02-01,Malaysia,India,17.1,33.8,712.37,822.98,842.42,59.63,26.18,1.081,289.4,5.47,0.236,19.8,25.61,110.62,904.39,178.8
2018-06-01,Indonesia,India,17.82,40.97,742.08,886.3,886.04,51.74,22.33,1.299,347.9,4.93,0.805,21.8,32.77,144.22,948.91,234.99
2021-11-01,Indonesia,Pakistan,15.6,39.07,781.11,942.31,886.63,55.31,37.52,1.358,192.3,5.87,0.327,26.9,27.19,161.2,991.48,135.18
2020-09-01,Indonesia,India,25.31,42.61,855.42,984.65,1051.85,64.08,22.84,1.331,309.4,5.27,0.669,25.1,36.65,129.23,1153.99,233.76
2021-02-01,Indonesia,Pakistan,19.75,46.17,834.68,962.9,930.03,57.72,33.99,1.199,191.2,3.74,0.178,25.8,33.36,128.23,1095.55,109.11
2014-12-01,Indonesia,USA,0.13,40.78,737.48,866.5,885.4,48.98,23.3,0.939,156.3,5.89,0.175,16.5,30.68,129.02,802.61,96.78
2023-09-01,Indonesia,China,11.79,48.48,874.95,1042.95,1031.13,62.98,27.4,1.457,306.0,3.82,0.646,29.6,37.17,168.0,1062.9,223.81
2016-04-01,Malaysia,India,12.5,29.99,695.06,845.82,841.1,58.9,27.23,1.104,261.6,7.02,0.481,18.5,18.79,150.76,846.29,224.73
2020-02-01,Indonesia,India,25.77,40.61,834.77,1018.55,969.59,50.12,24.55,1.202,326.5,3.96,0.21,24.2,30.4,183.78,1131.84,208.77
2016-11-01,Malaysia,India,15.32,41.93,693.28,811.97,850.91,43.95,24.92,1.112,275.2,5.82,0.319,19.4,34.67,118.69,876.57,197.01
2017-03-01,Malaysia,Pakistan,12.91,35.44,732.41,830.89,882.75,58.99,28.74,1.08,150.0,3.63,0.349,19.9,37.71,98.48,899.45,79.51
2021-02-01,Malaysia,USA,2.69,37.83,770.07,878.46,934.87,67.31,32.27,1.387,106.3,4.87,0.193,25.8,23.22,108.39,862.78,65.25
2014-11-01,Malaysia,Pakistan,13.21,44.48,751.67,888.84,935.5,55.36,26.85,1.129,166.6,3.28,0.36,16.4,30.26,137.17,931.72,99.18
2023-11-01,Indonesia,China,6.8,52.07,868.71,998.31,1030.87,67.99,26.63,1.5,319.1,3.36,0.308,29.9,34.07,129.59,1011.79,186.54
2020-05-01,Malaysia,EU-27,4.96,47.81,869.65,981.41,1002.24,58.39,24.28,1.306,175.6,4.15,0.659,24.6,33.04,111.76,988.47,142.47
2023-05-01,Malaysia,EU-27,4.71,43.56,824.54,957.44,961.81,63.86,26.21,1.354,165.5,3.52,0.695,29.1,19.47,132.9,936.41,151.19
2019-08-01,Indonesia,Pakistan,21.13,39.47,855.55,987.98,1019.76,53.62,23.74,1.301,203.1,3.4,0.856,23.5,25.51,132.43,1112.89,109.57
2016-11-01,Indonesia,China,11.17,42.88,720.71,826.15,935.3,52.36,23.58,1.19,288.2,6.2,0.31,19.4,30.19,105.44,875.05,204.37
2020-08-01,Malaysia,USA,0.33,52.56,851.93,1004.73,1044.93,56.66,28.53,1.339,133.3,3.76,0.799,25.0,21.23,152.8,936.13,100.83
2019-04-01,Indonesia,China,5.01,40.42,825.85,979.12,994.11,58.26,21.57,1.283,284.1,4.09,0.496,23.0,21.65,153.27,932.36,238.88
2023-01-01,Indonesia,Pakistan,17.63,33.0,803.76,905.18,943.29,58.86,23.58,1.348,196.4,3.99,0.115,28.6,28.99,101.42,1011.98,90.7
2020-03-01,Malaysia,EU-27,5.74,42.78,857.02,989.73,1003.85,52.75,17.24,1.368,188.9,4.85,0.33,24.4,35.37,132.71,969.72,123.86
2016-01-01,Indonesia,China,9.92,34.39,756.86,893.92,912.3,45.4,23.45,1.038,284.1,6.92,0.177,18.1,39.6,137.06,895.5,208.64
2016-07-01,Indonesia,USA,3.97,33.3,715.95,817.5,846.48,48.06,30.27,1.16,164.9,3.32,0.875,18.9,35.73,101.54,810.44,84.04
2019-07-01,Malaysia,USA,0.0,45.53,844.16,968.07,1006.78,55.68,30.6,1.175,121.1,5.59,0.866,23.4,25.97,123.91,920.29,92.35
2022-07-01,Indonesia,USA,2.22,44.14,780.84,913.29,925.82,65.43,36.06,1.37,149.3,5.69,0.823,27.9,31.76,132.45,880.13,95.87
2020-03-01,Malaysia,India,13.96,41.54,846.34,1004.72,1017.73,56.74,23.45,1.292,274.1,6.14,0.311,24.4,22.46,158.39,1038.57,184.7
2023-03-01,Indonesia,Pakistan,26.85,40.04,832.59,949.46,987.68,60.86,23.2,1.482,182.5,5.68,0.328,28.9,27.98,116.87,1136.33,90.31
2016-04-01,Malaysia,India,8.47,38.76,713.74,851.96,872.49,58.16,28.36,1.096,277.7,5.83,0.517,18.5,24.28,138.21,847.04,220.26
2022-08-01,Indonesia,China,12.51,47.67,781.9,910.97,946.03,61.2,45.85,1.265,295.8,2.86,0.788,28.0,18.01,129.07,984.93,222.61
2024-04-01,Indonesia,India,20.29,56.28,911.88,1029.3,1071.19,71.27,31.81,1.406,319.8,4.66,0.506,30.5,27.38,117.42,1202.83,233.63
2015-01-01,Malaysia,China,0.29,42.93,752.68,887.55,864.37,43.68,26.06,1.123,231.1,4.82,0.154,16.6,27.19,134.87,824.04,167.79
2015-10-01,Indonesia,EU-27,12.35,32.3,782.25,923.47,918.67,46.32,24.86,1.089,231.1,5.7,0.467,17.8,29.99,141.23,943.05,142.87
2015-04-01,Malaysia,China,9.41,35.54,778.32,865.53,960.0,50.07,18.74,1.068,254.7,5.5,0.512,17.0,31.84,87.21,910.97,171.4
2024-12-01,Indonesia,India,16.28,50.76,946.09,1028.19,1101.08,74.94,27.32,1.5,325.2,4.11,0.158,31.5,30.52,82.1,1190.92,214.25
2016-06-01,Malaysia,India,13.29,27.09,715.23,878.32,864.94,53.98,27.15,1.074,253.1,4.28,0.793,18.8,35.15,163.09,871.77,219.59
2024-08-01,Malaysia,USA,0.0,40.48,910.78,1001.82,1073.99,58.04,25.66,1.474,105.9,3.76,0.78,31.0,32.32,91.04,976.92,82.15
2018-08-01,Malaysia,EU-27,4.41,31.28,734.89,838.56,932.77,55.56,20.07,1.206,170.7,4.8,0.805,22.0,42.45,103.67,820.95,138.95
2014-02-01,Indonesia,China,9.05,39.81,723.26,841.99,848.12,55.53,31.2,1.019,282.3,4.58,0.182,15.2,27.48,118.73,866.18,211.3
2020-07-01,Malaysia,Pakistan,16.29,42.29,838.0,977.06,1003.6,59.18,31.26,1.26,175.4,3.32,0.842,24.9,28.35,139.07,1060.05,116.56
2017-07-01,Malaysia,India,7.95,29.56,705.09,830.64,840.3,59.63,24.41,1.25,278.3,3.83,0.844,20.4,26.93,125.54,819.38,215.41
2018-03-01,Malaysia,Pakistan,13.44,39.87,739.98,906.81,862.4,62.67,31.64,1.183,154.0,5.6,0.303,21.4,35.74,166.83,920.56,119.51
2017-05-01,Indonesia,EU-27,6.35,34.61,678.1,796.31,820.71,48.84,25.15,1.202,196.7,5.8,0.677,20.1,37.73,118.2,784.75,186.5
2017-06-01,Malaysia,India,15.54,32.73,668.97,766.48,798.27,60.26,19.87,1.145,277.2,4.98,0.766,20.2,25.55,97.51,833.71,201.41
2024-11-01,Indonesia,EU-27,7.77,50.58,941.07,1086.43,1083.99,75.22,30.27,1.5,204.9,5.99,0.314,31.4,30.8,145.36,1101.36,146.25
2018-06-01,Malaysia,China,14.17,34.62,727.9,855.04,924.64,51.39,31.3,1.106,255.2,4.06,0.775,21.8,31.09,127.14,906.29,198.24
2019-03-01,Malaysia,China,4.29,37.94,787.65,919.35,910.57,65.44,29.75,1.242,254.7,6.33,0.345,22.9,30.69,131.69,892.06,203.54
2019-06-01,Malaysia,China,10.34,40.46,820.38,948.12,940.44,49.98,33.63,1.245,243.5,5.89,0.811,23.2,29.12,127.75,986.91,200.05
2015-10-01,Malaysia,China,4.69,36.57,816.66,912.22,995.39,52.51,27.55,1.18,231.6,5.59,0.489,17.8,34.12,95.56,922.11,188.17
2015-03-01,Indonesia,Pakistan,19.12,42.15,749.64,863.64,946.32,50.86,26.54,1.074,173.3,3.9,0.306,16.9,33.03,114.0,974.82,112.45
2024-02-01,Malaysia,Pakistan,19.39,53.58,880.17,1013.01,1025.23,65.91,30.05,1.475,171.0,3.97,0.209,30.2,29.23,132.84,1150.65,65.21
2024-07-01,Indonesia,Pakistan,20.11,53.92,911.8,1009.13,1042.52,64.96,29.34,1.429,190.5,2.38,0.859,30.9,33.05,97.33,1195.21,105.46
2015-08-01,Indonesia,USA,0.0,38.72,760.84,890.94,933.8,56.92,23.82,1.118,129.3,4.83,0.798,17.5,29.47,130.1,823.37,127.23
2023-12-01,Malaysia,Pakistan,6.35,45.53,883.43,1023.83,995.16,68.96,24.05,1.499,158.9,3.39,0.177,30.0,30.99,140.4,1013.48,115.98
2014-02-01,Indonesia,EU-27,4.73,41.17,684.4,802.94,790.14,47.99,33.38,0.921,192.3,4.52,0.181,15.2,31.09,118.54,794.87,144.45
2015-01-01,Malaysia,India,17.69,36.2,734.62,886.51,864.22,60.69,22.15,0.968,285.2,4.77,0.169,16.6,41.02,151.89,933.22,173.11
2022-08-01,Malaysia,Pakistan,16.26,35.18,760.87,906.28,989.68,63.08,40.73,1.426,161.3,3.78,0.807,28.0,37.31,145.42,972.82,120.66
2014-05-01,Indonesia,EU-27,6.23,42.21,726.89,837.94,851.25,43.06,22.14,1.136,220.7,3.34,0.667,15.6,24.8,111.05,840.56,158.38
2021-01-01,Indonesia,EU-27,5.34,40.09,801.52,905.71,948.59,59.3,45.89,1.297,208.7,4.74,0.14,25.6,30.4,104.19,934.91,124.65
2014-12-01,Indonesia,Pakistan,15.49,26.07,781.68,884.65,906.22,51.25,33.74,0.97,196.4,3.55,0.18,16.5,21.89,102.98,971.84,90.23
2014-04-01,Malaysia,EU-27,0.78,38.72,697.5,805.37,799.64,51.86,27.58,1.036,198.8,3.51,0.517,15.5,28.51,107.87,769.74,140.16
2016-04-01,Malaysia,India,10.56,35.2,723.57,811.99,860.84,47.0,29.83,1.121,277.3,3.7,0.482,18.5,38.99,88.42,871.85,181.13
2024-10-01,Indonesia,USA,3.48,60.57,959.73,1090.58,1150.07,63.38,26.19,1.34,125.4,6.59,0.506,31.2,33.47,130.85,1082.95,98.62
2023-05-01,Malaysia,China,8.2,45.05,818.17,947.41,906.61,71.55,26.89,1.5,220.9,4.91,0.698,29.1,29.51,129.24,963.1,192.31
2022-04-01,Malaysia,China,7.39,38.83,764.85,890.54,896.06,53.1,37.43,1.325,229.1,5.0,0.537,27.5,36.39,125.68,903.31,199.73
2014-09-01,Indonesia,India,16.65,27.9,732.71,834.64,880.71,52.97,27.01,0.972,351.0,5.13,0.693,16.1,30.11,101.93,918.73,230.72
2023-08-01,Malaysia,USA,1.93,45.1,880.94,972.62,1020.55,57.17,19.71,1.384,112.6,4.59,0.78,29.5,21.48,91.68,964.05,89.19
2023-01-01,Malaysia,China,6.44,36.01,804.21,958.21,932.55,72.04,28.1,1.499,249.5,5.24,0.189,28.6,36.22,154.0,924.22,190.45
2015-07-01,Malaysia,China,11.7,37.92,749.33,886.47,848.82,38.89,30.71,0.976,254.3,6.67,0.858,17.4,31.38,137.14,913.69,204.43
2015-05-01,Malaysia,India,17.11,39.46,764.1,901.69,912.35,49.66,31.06,0.995,281.2,4.07,0.664,17.1,27.94,137.59,977.46,196.3
2023-04-01,Malaysia,EU-27,5.64,51.48,816.47,948.05,979.67,70.09,28.49,1.371,172.2,2.54,0.482,29.0,28.1,131.58,946.95,132.71
2016-11-01,Indonesia,China,11.31,33.45,713.66,907.39,888.32,55.73,24.65,1.108,291.0,4.45,0.318,19.4,28.78,193.72,859.03,219.88
2021-11-01,Indonesia,USA,0.0,40.46,784.95,870.47,932.11,59.26,41.46,1.5,111.4,5.96,0.344,26.9,26.1,85.52,866.86,83.66
2017-09-01,Indonesia,USA,0.0,30.57,678.39,823.42,824.5,60.78,23.73,1.092,144.0,6.99,0.667,20.6,26.6,145.03,732.69,127.39
2015-09-01,Indonesia,EU-27,3.64,44.96,741.18,877.64,889.3,45.46,26.13,1.087,209.5,6.19,0.654,17.6,28.02,136.46,841.86,167.83
2014-02-01,Indonesia,Pakistan,15.06,38.74,694.47,822.11,878.63,42.92,23.62,1.071,212.3,4.4,0.211,15.2,24.23,127.64,870.8,113.05
2018-09-01,Indonesia,India,9.35,43.36,763.15,902.44,956.74,55.55,18.78,1.228,344.9,5.12,0.721,22.1,20.17,139.29,902.42,252.53
2015-08-01,Indonesia,Pakistan,15.57,38.37,734.75,846.16,853.96,50.46,28.6,1.116,182.8,5.08,0.824,17.5,32.23,111.41,926.55,154.28
2023-06-01,Malaysia,EU-27,5.71,37.84,856.87,975.31,1007.78,61.74,23.82,1.355,177.4,5.79,0.816,29.2,18.14,118.44,971.01,167.97
2023-11-01,Indonesia,EU-27,9.69,39.03,857.18,983.17,1028.77,72.38,24.84,1.348,224.4,4.39,0.324,29.9,32.4,125.99,1010.26,157.26
2024-05-01,Malaysia,EU-27,4.42,59.71,917.86,1042.62,1033.11,74.04,30.42,1.441,156.0,5.07,0.663,30.6,30.2,124.76,1052.54,153.82
2022-07-01,Indonesia,China,12.85,43.23,793.9,941.68,905.72,65.55,39.54,1.47,289.3,3.27,0.846,27.9,32.68,147.78,989.33,228.1
2021-06-01,Indonesia,EU-27,5.3,40.95,806.98,915.17,982.75,57.69,40.44,1.411,211.7,4.67,0.822,26.2,25.99,108.19,935.46,150.41
2021-06-01,Malaysia,EU-27,4.32,47.02,789.03,885.75,947.74,53.61,42.39,1.199,178.3,4.48,0.778,26.2,31.68,96.71,916.39,136.11
2019-11-01,Malaysia,EU-27,5.92,38.78,832.04,987.33,990.34,64.99,20.67,1.16,184.8,5.99,0.362,23.9,34.22,155.29,944.29,157.55
2017-06-01,Indonesia,USA,0.0,34.18,673.08,795.53,833.8,50.28,33.47,1.246,142.5,5.78,0.816,20.2,32.25,122.45,740.72,121.46
2024-09-01,Indonesia,India,23.18,47.76,903.15,1047.03,1035.41,63.85,26.53,1.465,331.3,4.13,0.662,31.1,25.9,143.88,1204.02,231.21
2014-11-01,Indonesia,Pakistan,16.81,39.12,747.14,905.21,850.51,48.19,20.7,1.08,215.3,5.27,0.327,16.4,23.11,158.07,942.59,107.94
2016-12-01,Malaysia,EU-27,6.73,40.35,695.17,855.06,835.25,47.68,20.96,1.274,181.3,5.83,0.226,19.5,34.86,159.89,807.4,139.52
2020-01-01,Indonesia,China,7.49,41.14,811.12,921.78,1015.57,57.22,24.66,1.317,306.1,4.41,0.146,24.1,36.56,110.66,942.64,188.18
2020-09-01,Indonesia,China,4.72,50.01,833.74,961.21,958.21,63.34,25.71,1.275,284.9,5.83,0.662,25.1,24.16,127.47,952.36,243.85
2020-03-01,Malaysia,India,21.03,41.25,826.23,994.05,951.13,60.35,29.41,1.198,293.3,4.81,0.313,24.4,28.5,167.82,1085.53,196.34
2016-06-01,Indonesia,Pakistan,9.04,37.36,708.53,834.12,835.78,54.87,27.1,1.202,200.8,4.12,0.818,18.8,29.16,125.59,842.87,130.89
2017-08-01,Malaysia,Pakistan,11.52,33.53,694.09,824.93,880.45,51.03,19.23,1.215,160.0,4.46,0.795,20.5,34.55,130.84,832.9,133.05
2014-11-01,Indonesia,India,12.86,33.07,743.16,847.55,944.45,45.98,30.59,0.954,331.8,4.53,0.346,16.4,27.18,104.4,910.56,224.08
2017-04-01,Indonesia,USA,2.66,35.94,671.39,845.1,781.69,54.59,21.38,1.122,121.4,2.82,0.503,20.0,26.41,173.71,748.13,135.55
2022-11-01,Indonesia,India,17.09,32.4,806.06,921.12,874.46,66.67,28.67,1.462,333.3,4.57,0.353,28.4,33.19,115.06,1015.36,230.17
2020-02-01,Malaysia,USA,0.58,49.51,857.68,976.27,977.55,44.07,25.59,1.346,92.0,4.63,0.192,24.2,29.45,118.59,938.23,82.76
2018-03-01,Malaysia,India,15.58,42.42,716.79,839.68,864.53,53.73,29.45,1.069,264.0,4.62,0.288,21.4,25.62,122.88,911.55,190.92
2024-10-01,Indonesia,Pakistan,18.77,57.38,928.69,1050.99,1083.72,59.97,25.18,1.5,192.8,4.19,0.479,31.2,25.41,122.3,1201.09,110.8
2020-06-01,Malaysia,Pakistan,17.59,44.93,841.51,978.36,966.71,60.96,26.3,1.257,158.9,5.04,0.792,24.8,24.6,136.85,1073.29,129.58
2020-04-01,Indonesia,China,9.88,38.38,835.19,978.61,999.04,59.62,27.53,1.281,289.5,3.27,0.501,24.5,31.78,143.42,990.09,202.18
2022-09-01,Malaysia,USA,1.84,36.88,786.74,879.78,966.27,68.03,41.45,1.347,119.8,5.78,0.664,28.1,35.66,93.03,880.99,88.26
2017-12-01,Indonesia,China,10.66,35.61,689.17,819.92,800.95,58.71,26.01,1.211,321.5,4.51,0.2,21.0,24.57,130.75,830.83,190.03
2017-03-01,Malaysia,Pakistan,14.61,33.49,691.66,818.86,843.91,49.21,25.49,1.106,162.6,3.88,0.302,19.9,33.55,127.19,860.29,104.8
2014-07-01,Malaysia,India,12.11,30.43,718.48,846.31,856.94,40.13,27.02,1.104,242.0,4.39,0.859,15.9,19.08,127.83,869.85,230.16
2020-05-01,Malaysia,USA,0.0,49.47,850.93,968.43,1031.03,59.95,26.55,1.32,113.5,5.01,0.691,24.6,42.92,117.5,926.95,103.91
2021-04-01,Malaysia,Pakistan,16.56,32.57,803.98,939.79,949.77,54.88,31.8,1.385,165.7,4.74,0.472,26.0,26.46,135.81,1012.11,101.78
2019-06-01,Malaysia,China,3.87,46.38,792.2,927.13,925.98,57.57,22.15,1.175,280.3,5.35,0.822,23.2,32.29,134.94,894.04,199.45
2018-11-01,Malaysia,USA,0.0,41.58,773.94,874.71,942.98,55.86,30.03,1.313,105.2,4.95,0.326,22.4,37.45,100.77,845.54,63.22
2016-05-01,Indonesia,EU-27,6.05,41.04,715.13,827.39,867.25,55.78,28.12,0.957,200.6,4.24,0.685,18.6,16.88,112.26,831.72,184.85
2022-12-01,Indonesia,China,8.12,42.43,788.63,919.89,919.67,66.28,35.81,1.351,279.9,4.09,0.145,28.5,28.46,131.25,937.24,203.02
2014-06-01,Malaysia,India,10.92,40.34,725.0,912.08,906.85,46.63,19.27,1.001,269.7,5.38,0.815,15.8,26.28,187.07,870.3,229.33
2021-04-01,Malaysia,India,20.52,41.54,823.93,984.16,950.06,63.58,36.91,1.446,276.2,5.44,0.484,26.0,23.9,160.23,1087.59,194.53
2023-10-01,Malaysia,Pakistan,12.88,45.17,866.61,991.02,989.54,71.74,27.51,1.351,138.3,5.18,0.491,29.8,25.49,124.41,1060.3,120.02
2018-05-01,Indonesia,USA,0.0,36.8,721.82,880.98,894.98,56.74,30.25,1.174,151.5,6.09,0.708,21.6,31.53,159.16,788.88,131.35
2016-01-01,Malaysia,Pakistan,14.54,44.77,766.05,886.18,922.73,45.3,17.23,1.202,174.3,4.34,0.161,18.1,30.02,120.13,948.46,95.71
2014-06-01,Malaysia,EU-27,12.06,41.36,717.05,833.98,828.06,55.32,20.96,1.078,189.8,4.4,0.813,15.8,27.72,116.93,873.35,146.27
2016-09-01,Malaysia,China,5.97,33.79,712.98,818.34,858.12,53.37,23.89,1.05,261.5,6.01,0.696,19.1,29.58,105.36,816.69,192.21
2017-03-01,Malaysia,USA,0.0,28.52,717.42,845.64,839.19,43.42,31.51,1.156,116.0,2.58,0.301,19.9,34.44,128.22,777.46,75.66
2021-01-01,Indonesia,EU-27,10.91,42.66,816.66,952.16,950.94,56.1,36.93,1.457,198.8,5.94,0.127,25.6,28.23,135.5,994.06,131.89
2014-11-01,Indonesia,Pakistan,16.77,30.7,721.36,835.7,847.34,48.82,27.4,1.058,178.3,5.1,0.347,16.4,37.14,114.34,910.14,122.89
2015-10-01,Indonesia,USA,0.0,29.05,759.12,926.13,888.68,53.38,18.15,1.012,123.4,6.97,0.514,17.8,33.94,167.01,806.32,133.9
2016-09-01,Malaysia,USA,0.74,39.73,715.24,866.99,879.48,52.01,24.12,1.127,106.9,3.19,0.693,19.1,40.29,151.75,784.89,103.19
2021-02-01,Malaysia,India,21.93,34.21,832.26,958.51,959.5,65.04,39.91,1.404,270.4,5.53,0.204,25.8,31.71,126.25,1105.13,172.16
2015-07-01,Indonesia,India,12.48,41.29,749.28,879.73,852.47,47.26,23.71,1.034,326.2,4.05,0.855,17.4,31.89,130.46,915.92,260.47
2024-02-01,Malaysia,EU-27,3.38,57.16,908.05,1058.58,1008.74,67.77,23.93,1.368,175.1,3.9,0.214,30.2,25.96,150.54,1022.57,135.77
2015-11-01,Malaysia,EU-27,6.57,35.53,716.58,851.45,869.0,49.33,23.06,1.085,192.4,4.98,0.338,17.9,28.61,134.87,826.13,130.12
2023-05-01,Indonesia,China,9.22,47.96,810.19,959.75,928.78,61.12,28.01,1.445,300.1,5.2,0.679,29.1,24.85,149.56,967.84,227.67
2017-04-01,Malaysia,EU-27,4.57,35.02,680.25,866.12,829.14,46.98,32.69,1.11,153.3,5.62,0.472,20.0,27.82,185.87,782.15,173.28
2021-09-01,Malaysia,Pakistan,15.31,42.98,784.95,908.93,934.55,62.7,43.38,1.38,165.0,3.22,0.676,26.6,32.4,123.98,1004.73,113.58
2020-03-01,Indonesia,Pakistan,19.52,48.08,858.89,1019.39,1024.89,59.07,29.7,1.347,185.4,4.14,0.317,24.4,32.68,160.5,1119.52,112.68
2019-11-01,Malaysia,Pakistan,19.65,44.47,827.27,941.35,977.25,62.83,27.83,1.286,129.3,3.65,0.34,23.9,34.29,114.08,1076.34,100.34
2020-05-01,Indonesia,India,21.75,47.6,810.3,937.02,972.61,50.8,20.06,1.408,317.4,5.37,0.673,24.6,30.35,126.73,1068.91,224.22
2015-02-01,Malaysia,Pakistan,13.15,40.32,778.61,918.34,898.67,49.29,29.21,1.098,162.2,4.81,0.218,16.8,20.37,139.73,959.7,89.58
2020-05-01,Indonesia,India,22.39,48.3,839.98,1001.64,965.06,51.94,23.66,1.267,335.2,4.64,0.695,24.6,42.19,161.65,1116.16,227.73
2024-01-01,Indonesia,Pakistan,19.38,51.95,912.01,1004.83,1057.05,62.98,22.91,1.47,182.6,6.87,0.158,30.1,22.2,92.82,1178.07,88.03
2018-03-01,Malaysia,USA,0.0,34.93,723.04,810.78,906.13,58.86,31.02,1.138,128.6,4.55,0.34,21.4,30.43,87.74,788.98,85.64
2014-10-01,Indonesia,Pakistan,22.16,34.71,727.62,892.41,868.95,49.37,28.04,1.099,185.7,5.11,0.513,16.2,28.0,164.79,965.52,137.02
2014-02-01,Malaysia,USA,0.0,29.22,686.42,783.8,813.53,42.63,19.49,1.149,128.0,4.02,0.202,15.2,32.09,97.37,735.13,66.88
2024-09-01,Malaysia,India,20.85,52.85,913.04,1035.06,1038.72,64.32,29.87,1.5,250.4,6.91,0.683,31.1,32.57,122.02,1203.37,201.77
2020-09-01,Indonesia,EU-27,7.39,52.45,845.75,930.0,1014.71,54.75,29.29,1.393,223.7,4.28,0.687,25.1,21.38,84.25,996.0,134.13
2015-10-01,Indonesia,Pakistan,19.93,43.55,775.89,934.99,921.15,51.7,27.12,1.069,184.1,5.66,0.511,17.8,28.71,159.1,1015.26,133.5
2017-12-01,Indonesia,China,15.1,24.93,676.4,798.77,853.67,51.47,24.96,1.136,296.5,6.17,0.177,21.0,27.74,122.37,835.99,209.02
2021-04-01,Malaysia,India,22.12,34.57,807.72,941.57,930.69,60.84,37.21,1.206,280.5,6.03,0.496,26.0,24.97,133.85,1074.05,185.63
2019-10-01,Indonesia,China,6.11,43.24,878.03,1044.06,1095.32,60.68,31.59,1.269,300.8,4.25,0.491,23.8,31.92,166.03,1011.08,236.52
2017-03-01,Indonesia,India,10.08,34.53,694.53,872.12,876.58,50.45,30.37,1.026,318.5,3.69,0.342,19.9,28.15,177.59,836.01,251.03
2016-04-01,Malaysia,India,10.94,43.91,724.52,821.57,912.69,50.68,21.03,1.027,257.7,4.73,0.509,18.5,33.7,97.06,875.79,215.58
2021-10-01,Malaysia,Pakistan,12.72,41.22,742.68,854.49,914.24,62.24,38.19,1.246,144.6,4.62,0.512,26.8,25.68,111.81,926.68,113.05
2017-07-01,Indonesia,EU-27,9.99,25.27,683.19,784.6,894.15,48.83,27.83,1.145,199.2,5.0,0.851,20.4,25.94,101.41,809.88,154.55
2020-01-01,Malaysia,India,16.19,47.83,816.09,946.18,982.68,59.99,24.37,1.183,269.0,5.39,0.137,24.1,34.39,130.09,1032.07,176.71
2020-02-01,Indonesia,Pakistan,17.61,39.12,838.39,924.92,972.42,53.2,29.7,1.274,186.0,5.46,0.216,24.2,29.9,86.53,1066.96,90.39
2014-03-01,Indonesia,China,12.79,33.32,670.13,815.27,802.97,48.16,25.76,0.969,290.1,3.95,0.314,15.4,33.78,145.13,822.47,206.85
2022-06-01,Malaysia,USA,0.0,38.81,790.33,917.29,996.31,69.0,45.35,1.457,90.8,5.89,0.8,27.8,25.7,126.97,874.5,92.55
2019-06-01,Indonesia,EU-27,7.3,41.65,816.08,902.8,965.49,59.37,26.5,1.356,213.3,4.43,0.793,23.2,29.15,86.72,948.77,161.78
2014-03-01,Malaysia,USA,0.0,28.31,720.05,848.24,839.35,57.42,17.95,1.018,107.5,5.83,0.337,15.4,31.45,128.19,766.31,84.42
2017-10-01,Malaysia,China,11.5,33.27,715.99,887.07,894.24,52.58,21.58,1.111,242.0,4.9,0.541,20.8,25.59,171.08,859.49,206.99
2022-02-01,Indonesia,Pakistan,15.71,47.19,794.85,923.17,972.63,60.87,36.57,1.405,185.5,5.68,0.233,27.2,28.04,128.32,1016.61,104.97
2016-03-01,Indonesia,Pakistan,22.47,42.54,744.3,839.01,857.35,47.44,24.17,1.123,179.0,5.16,0.302,18.4,33.75,94.71,993.27,74.78
2018-03-01,Malaysia,India,12.41,36.75,726.99,885.61,860.81,55.61,27.76,1.129,282.1,3.17,0.298,21.4,40.68,158.62,889.72,184.14
2019-03-01,Indonesia,EU-27,2.72,50.54,815.99,970.77,984.16,65.65,23.04,1.312,207.5,5.57,0.326,22.9,20.8,154.78,913.76,139.52
2016-09-01,Malaysia,India,18.88,32.92,745.53,837.15,868.61,41.38,18.05,1.082,253.5,4.2,0.676,19.1,34.02,91.62,946.88,171.66
2015-01-01,Malaysia,China,12.03,39.46,754.23,932.38,897.69,42.35,28.01,1.025,234.6,5.96,0.156,16.6,22.78,178.15,920.58,188.88
2018-10-01,Indonesia,USA,0.0,42.28,773.37,948.85,916.54,55.81,23.32,1.291,123.4,5.14,0.499,22.2,37.78,175.48,838.96,131.11
2015-04-01,Malaysia,Pakistan,12.79,41.22,783.24,912.4,911.64,53.06,29.42,1.171,160.9,5.66,0.515,17.0,28.09,129.16,963.1,127.31
2016-10-01,Malaysia,China,15.67,29.39,705.37,841.93,833.45,56.64,24.64,1.145,258.0,4.24,0.443,19.2,36.8,136.57,878.4,179.77
2016-02-01,Malaysia,India,8.87,29.65,705.19,835.16,886.66,62.14,27.29,1.041,286.1,5.89,0.186,18.2,26.18,129.97,829.72,197.39
2020-10-01,Malaysia,USA,2.22,48.1,831.48,928.95,967.82,53.12,19.08,1.404,145.5,4.85,0.487,25.2,44.12,97.47,918.61,57.13
2024-11-01,Indonesia,USA,1.63,52.83,931.78,1037.93,1085.22,66.91,21.52,1.456,122.3,3.08,0.298,31.4,28.94,106.15,1022.5,79.37
2015-11-01,Indonesia,Pakistan,22.98,40.54,749.01,840.59,908.3,46.21,24.4,1.035,187.0,5.41,0.324,17.9,28.91,91.58,1000.96,82.34
2024-11-01,Indonesia,Pakistan,20.14,65.46,920.55,1031.46,1084.74,75.73,19.79,1.461,175.3,6.03,0.321,31.4,30.95,110.91,1208.39,113.88
2018-08-01,Indonesia,India,13.98,23.81,722.96,844.82,888.85,51.23,20.53,1.135,332.9,5.13,0.802,22.0,28.09,121.86,874.53,249.85
2019-05-01,Indonesia,India,22.67,59.71,828.22,986.67,1032.82,51.52,27.12,1.254,330.7,5.29,0.69,23.1,23.78,158.45,1122.51,233.63
2024-11-01,Malaysia,Pakistan,14.37,47.24,930.6,1033.48,1119.55,60.87,28.28,1.473,151.3,5.65,0.326,31.4,32.58,102.87,1150.74,83.32
2015-12-01,Malaysia,EU-27,14.07,33.57,719.07,833.01,924.35,43.81,26.73,1.051,166.9,4.02,0.209,18.0,22.95,113.94,889.01,111.9
2019-01-01,Indonesia,Pakistan,17.06,42.31,766.88,881.83,929.69,67.64,25.57,1.367,164.0,4.89,0.117,22.6,17.47,114.94,977.16,108.87
2017-10-01,Indonesia,EU-27,7.04,35.78,698.52,828.41,831.89,48.62,28.78,1.308,177.6,4.73,0.524,20.8,29.38,129.89,816.79,138.69
2022-10-01,Malaysia,India,18.67,36.0,776.36,912.07,899.87,65.2,46.23,1.282,271.0,3.96,0.537,28.2,32.99,135.72,1018.89,187.11
2024-08-01,Indonesia,India,17.02,59.76,919.97,1041.13,1075.9,68.95,27.64,1.466,334.6,5.73,0.774,31.0,29.47,121.17,1178.79,231.46
2018-11-01,Indonesia,EU-27,8.81,37.75,780.9,884.58,889.09,46.23,37.71,1.154,195.1,4.23,0.33,22.4,27.65,103.68,931.78,138.3
2016-04-01,Malaysia,Pakistan,14.16,40.24,710.33,820.51,791.39,48.26,20.97,1.019,172.0,3.42,0.496,18.5,29.21,110.18,880.81,106.45
2022-04-01,Indonesia,Pakistan,19.06,49.38,781.75,892.04,893.67,69.14,43.14,1.29,189.8,3.78,0.467,27.5,27.76,110.29,1040.92,121.22
2018-12-01,Indonesia,USA,0.53,42.64,786.78,924.39,966.96,62.35,27.36,1.152,146.9,3.54,0.175,22.5,30.28,137.61,861.35,76.16
2018-04-01,Indonesia,India,14.44,21.26,721.99,875.31,846.96,53.86,32.69,1.134,338.6,4.71,0.525,21.5,32.03,153.32,887.95,235.34
2016-06-01,Indonesia,USA,8.02,35.09,702.97,813.8,833.59,52.94,15.72,1.069,142.2,3.67,0.82,18.8,30.79,110.84,814.27,112.74
2015-08-01,Malaysia,USA,5.18,40.0,754.9,850.96,845.72,50.24,23.33,1.151,123.2,6.07,0.817,17.5,34.43,96.06,860.6,95.63
2023-04-01,Malaysia,India,21.17,40.3,816.33,946.35,923.08,67.26,30.66,1.308,252.1,4.94,0.501,29.0,26.42,130.02,1075.11,201.39
2024-11-01,Malaysia,China,3.66,53.8,934.47,1044.19,1117.17,67.66,27.9,1.5,252.7,3.32,0.296,31.4,36.29,109.72,1053.4,156.5
2019-12-01,Malaysia,USA,0.45,44.67,815.03,942.64,954.44,52.98,21.19,1.304,113.8,5.81,0.221,24.0,30.47,127.61,884.83,68.18
2017-09-01,Indonesia,Pakistan,18.89,33.78,721.85,839.33,849.53,54.95,28.15,1.192,174.5,5.32,0.692,20.6,30.86,117.48,931.85,141.6
2020-06-01,Malaysia,EU-27,7.68,42.04,820.6,929.88,955.26,58.63,19.66,1.375,163.8,4.74,0.812,24.8,31.0,109.27,950.05,145.25
2014-03-01,Indonesia,Pakistan,20.4,33.69,704.54,877.59,876.68,49.98,25.7,1.127,165.6,5.77,0.323,15.4,28.54,173.05,919.75,126.76
2020-05-01,Malaysia,EU-27,3.36,46.5,846.85,961.4,943.5,55.93,33.85,1.249,161.2,4.09,0.678,24.6,32.94,114.54,958.37,149.07
2014-12-01,Indonesia,India,15.35,37.37,768.17,924.98,979.83,48.02,26.01,1.153,312.7,3.94,0.224,16.5,35.1,156.81,959.2,218.28
2023-12-01,Malaysia,USA,0.65,51.21,898.49,1044.98,1049.1,56.73,25.42,1.475,93.4,6.44,0.204,30.0,21.13,146.49,981.43,97.13
2018-12-01,Indonesia,India,15.59,44.06,797.44,916.5,963.58,49.46,32.83,1.173,313.6,3.9,0.17,22.5,36.68,119.06,1010.65,231.02
2021-11-01,Indonesia,China,8.7,40.23,786.34,887.81,917.93,58.42,43.09,1.362,303.2,5.2,0.33,26.9,33.52,101.47,945.3,199.58
2021-02-01,Malaysia,USA,0.58,40.56,827.65,962.66,995.14,55.39,42.04,1.275,105.7,2.93,0.173,25.8,31.77,135.02,915.49,62.25
2020-04-01,Indonesia,India,19.55,42.91,864.24,977.48,1025.03,51.73,29.53,1.32,314.2,4.6,0.485,24.5,34.75,113.24,1119.8,236.09
2016-08-01,Indonesia,India,18.67,35.1,719.74,859.36,832.25,58.95,27.82,1.106,342.0,3.99,0.83,19.0,33.51,139.62,928.77,247.75
2019-12-01,Malaysia,EU-27,1.68,50.64,841.03,990.91,952.34,53.78,24.78,1.415,175.5,3.33,0.183,24.0,30.59,149.88,931.83,135.44
2016-04-01,Malaysia,China,8.49,30.53,714.03,824.87,884.32,54.44,26.37,0.997,249.0,5.67,0.475,18.5,22.34,110.84,836.4,207.07
2021-10-01,Indonesia,EU-27,5.7,50.16,772.16,857.44,888.77,57.18,41.45,1.349,225.3,3.35,0.49,26.8,26.81,85.29,913.02,134.96
2023-03-01,Malaysia,USA,0.15,49.08,809.95,952.6,924.17,68.38,26.83,1.346,134.7,3.81,0.32,28.9,34.79,142.65,887.17,75.82
2023-06-01,Malaysia,Pakistan,18.12,57.48,865.11,967.3,976.73,65.54,28.33,1.5,141.6,6.96,0.766,29.2,27.48,102.2,1123.19,118.63
2023-03-01,Malaysia,India,19.16,45.2,866.45,981.37,1001.05,68.63,29.84,1.418,272.3,5.03,0.29,28.9,22.03,114.92,1121.92,189.96
2020-05-01,Indonesia,USA,0.0,47.45,831.9,948.54,981.11,53.97,30.19,1.258,155.5,5.77,0.707,24.6,28.5,116.63,909.55,115.13
2022-06-01,Malaysia,China,10.72,45.38,802.07,952.5,935.13,65.79,33.22,1.457,239.0,4.44,0.856,27.8,31.51,150.44,975.07,191.05
2014-10-01,Indonesia,USA,3.56,29.19,703.9,808.25,870.51,52.64,24.08,1.054,125.6,5.37,0.51,16.2,32.4,104.35,784.1,103.44
2019-08-01,Malaysia,USA,0.0,36.55,842.19,975.58,986.77,57.58,27.86,1.343,105.9,6.39,0.8,23.5,20.23,133.39,906.59,113.42
2014-08-01,Malaysia,EU-27,2.1,32.41,725.29,865.22,902.95,45.43,24.6,0.969,166.0,5.68,0.801,16.0,31.53,139.93,798.74,155.2
2015-05-01,Malaysia,Pakistan,17.76,33.46,760.76,907.88,947.21,47.09,34.3,1.009,168.3,3.71,0.672,17.1,37.73,147.12,975.63,103.73
2015-11-01,Indonesia,EU-27,4.99,46.98,787.46,926.32,950.25,44.32,24.62,1.097,186.3,4.26,0.347,17.9,23.59,138.86,901.9,154.27
2015-09-01,Indonesia,Pakistan,16.12,46.91,748.38,867.58,887.12,55.8,27.2,1.039,202.1,5.42,0.642,17.6,24.83,119.2,955.05,131.63
2015-11-01,Indonesia,USA,0.0,38.91,719.28,845.34,840.83,54.61,23.8,1.041,122.1,5.2,0.311,17.9,28.98,126.06,781.98,93.05
2022-02-01,Indonesia,Pakistan,19.08,41.93,780.35,948.44,964.96,59.62,45.88,1.196,204.1,4.53,0.182,27.2,26.14,168.09,1033.82,104.3
2020-03-01,Malaysia,EU-27,3.25,43.21,834.44,977.42,977.25,66.75,24.11,1.326,185.3,5.3,0.323,24.4,23.3,142.98,931.02,141.07
2018-02-01,Malaysia,Pakistan,12.11,36.3,678.13,808.05,783.61,52.18,26.47,1.099,170.9,3.37,0.203,21.2,25.93,129.92,830.63,92.19
2014-02-01,Indonesia,Pakistan,18.53,39.01,703.9,810.44,927.8,46.28,19.85,0.95,211.6,4.58,0.217,15.2,27.73,106.54,904.08,94.8
2024-02-01,Indonesia,India,23.45,43.46,890.09,1005.06,1023.52,72.51,26.35,1.457,335.9,4.2,0.219,30.2,29.99,114.97,1185.0,203.71
2015-07-01,Indonesia,EU-27,5.35,34.98,742.97,868.21,864.5,39.22,25.4,1.028,233.6,5.32,0.84,17.4,29.68,125.25,846.36,180.58
2023-11-01,Indonesia,USA,0.0,43.79,851.18,1001.02,1023.13,61.36,16.99,1.474,128.8,5.77,0.303,29.9,26.9,149.84,911.95,94.98
2020-08-01,Malaysia,USA,0.0,40.76,819.74,964.2,965.84,67.56,24.52,1.292,105.7,4.47,0.796,25.0,19.64,144.46,885.01,126.42
2016-02-01,Malaysia,China,8.22,35.76,703.62,847.18,882.66,47.35,28.77,0.957,234.6,4.47,0.211,18.2,42.49,143.55,831.3,180.03
2021-09-01,Indonesia,Pakistan,16.8,45.11,760.88,887.74,883.71,63.77,43.47,1.486,181.7,6.2,0.652,26.6,29.45,126.86,992.14,127.52
2024-04-01,Indonesia,USA,0.0,50.56,919.29,1068.75,1051.07,62.79,21.68,1.425,84.1,4.47,0.518,30.5,21.67,149.46,991.53,114.06
2019-11-01,Indonesia,Pakistan,20.1,50.34,884.74,990.2,1034.29,60.22,21.89,1.231,179.7,5.34,0.336,23.9,33.47,105.46,1149.32,101.93
2015-08-01,Indonesia,EU-27,7.69,43.19,747.44,881.89,913.6,47.7,25.11,1.081,214.8,5.35,0.821,17.5,24.93,134.45,878.46,164.54
2023-07-01,Indonesia,China,14.01,48.71,837.72,896.12,1021.19,57.48,24.38,1.479,305.0,3.7,0.85,29.4,25.1,58.4,1038.44,187.35
2021-10-01,Indonesia,EU-27,5.61,35.3,794.77,901.01,959.06,70.99,40.74,1.284,186.2,4.07,0.49,26.8,25.06,106.24,919.68,153.01
2023-09-01,Indonesia,USA,0.0,57.65,895.48,1039.07,1056.23,64.84,25.75,1.411,146.8,4.73,0.695,29.6,27.95,143.6,978.88,123.25
2024-12-01,Malaysia,EU-27,0.0,45.93,926.72,1090.71,1091.2,74.13,28.06,1.5,159.5,4.41,0.205,31.5,22.74,163.99,1000.7,154.73
2023-07-01,Malaysia,USA,3.28,44.86,798.41,969.97,967.72,59.98,25.84,1.385,118.2,4.92,0.836,29.4,23.28,171.57,897.66,124.01
2023-11-01,Indonesia,EU-27,0.0,50.62,895.69,1077.73,1005.4,64.72,27.46,1.448,198.8,2.75,0.332,29.9,37.28,182.04,973.77,161.48
2021-12-01,Indonesia,EU-27,9.27,40.81,786.39,912.71,959.98,58.86,33.03,1.273,203.3,6.02,0.179,27.0,27.33,126.32,939.95,143.45
2017-09-01,Indonesia,EU-27,10.04,33.05,675.62,845.18,841.1,50.07,27.03,1.146,197.5,5.14,0.664,20.6,39.08,169.57,809.56,166.94
2014-08-01,Indonesia,India,20.12,41.13,761.57,910.31,942.78,50.21,26.54,1.009,322.7,5.22,0.805,16.0,31.3,148.74,996.09,252.38
2015-10-01,Malaysia,Pakistan,15.5,41.5,774.49,932.75,928.52,50.88,24.93,1.096,136.6,4.88,0.51,17.8,27.55,158.26,971.31,112.55
2019-08-01,Indonesia,India,24.39,43.92,810.59,916.73,954.41,68.85,28.22,1.329,341.0,4.49,0.786,23.5,29.37,106.14,1098.05,225.02
2017-03-01,Indonesia,USA,0.0,24.57,669.57,781.44,852.92,53.12,25.0,1.066,126.8,4.83,0.354,19.9,28.55,111.88,719.14,104.08
2017-07-01,Indonesia,USA,0.0,34.85,715.3,849.92,906.17,50.3,30.0,1.179,146.4,5.83,0.862,20.4,24.68,134.62,780.15,130.25
2018-04-01,Malaysia,EU-27,5.06,37.4,732.6,871.03,879.36,57.67,20.58,1.133,186.9,3.59,0.509,21.5,29.59,138.43,830.62,140.77
2023-09-01,Indonesia,USA,0.0,42.84,873.14,965.51,1012.13,57.71,22.31,1.376,139.9,4.29,0.671,29.6,34.47,92.37,938.3,83.01
2022-04-01,Indonesia,Pakistan,17.75,47.78,772.17,869.04,952.15,62.57,43.63,1.41,188.5,4.79,0.505,27.5,32.03,96.87,1016.91,119.91
2023-10-01,Indonesia,Pakistan,17.73,62.58,913.36,1079.69,1062.83,66.13,25.13,1.445,176.9,4.41,0.479,29.8,25.95,166.33,1178.59,112.11
2018-10-01,Malaysia,India,13.25,39.25,763.11,911.31,975.31,57.59,30.23,1.25,264.9,5.92,0.491,22.2,22.01,148.2,942.9,191.9
2024-08-01,Indonesia,India,21.04,45.26,921.38,1065.48,1073.62,72.26,19.97,1.5,300.1,4.6,0.863,31.0,32.3,144.1,1194.19,237.62
2018-12-01,Indonesia,India,11.92,29.48,813.14,919.79,934.92,56.99,25.09,1.287,331.2,5.42,0.207,22.5,24.87,106.65,971.11,213.14
2019-06-01,Indonesia,USA,0.0,49.49,793.47,980.37,943.25,56.35,22.38,1.377,118.4,5.69,0.771,23.2,27.79,186.89,865.35,143.59
2024-10-01,Indonesia,India,18.46,64.72,930.14,1053.37,1092.55,68.01,28.96,1.5,324.3,5.75,0.484,31.2,25.64,123.23,1212.84,239.35
2022-11-01,Malaysia,EU-27,1.0,46.39,795.54,944.24,962.93,68.92,39.28,1.412,192.4,5.5,0.332,28.4,20.08,148.7,890.03,145.53
2024-10-01,Indonesia,EU-27,2.18,49.36,920.44,1021.35,1081.9,70.83,20.61,1.43,215.7,4.07,0.494,31.2,21.86,100.91,1012.01,136.44
2024-01-01,Malaysia,India,16.9,44.4,889.07,1014.8,1011.16,62.16,22.91,1.5,281.6,5.56,0.149,30.1,35.06,125.73,1118.03,182.15
2020-06-01,Malaysia,EU-27,3.28,52.56,834.56,987.84,970.09,53.26,23.86,1.318,166.9,5.56,0.814,24.8,22.54,153.28,940.91,172.44
2018-11-01,Indonesia,EU-27,10.22,42.88,744.17,827.75,931.67,53.42,20.86,1.147,243.8,6.55,0.324,22.4,31.29,83.58,890.49,128.41
2015-04-01,Indonesia,EU-27,3.04,38.05,749.34,917.05,870.4,49.03,32.36,1.051,206.1,3.1,0.494,17.0,35.75,167.71,844.7,177.02
2020-06-01,Indonesia,USA,5.27,49.98,836.8,995.22,950.83,63.09,18.53,1.251,129.2,5.81,0.776,24.8,24.91,158.43,953.0,116.71
2018-05-01,Indonesia,India,23.53,35.54,713.19,804.59,865.83,64.98,30.47,1.217,338.5,4.46,0.679,21.6,32.69,91.41,962.57,196.12
2021-02-01,Indonesia,EU-27,9.07,38.78,813.54,917.88,963.23,60.34,40.94,1.216,204.2,5.26,0.208,25.8,32.77,104.34,974.24,134.58
2019-03-01,Indonesia,EU-27,3.5,45.59,798.83,898.08,977.08,64.5,21.32,1.253,213.7,4.37,0.327,22.9,34.24,99.25,896.03,130.78
2018-08-01,Malaysia,China,8.05,41.13,740.03,861.18,856.04,57.99,19.57,1.166,247.1,4.84,0.817,22.0,25.43,121.15,865.21,201.19
2020-12-01,Malaysia,China,4.73,43.04,832.68,914.31,993.46,64.42,31.97,1.364,253.3,5.79,0.233,25.5,30.09,81.63,950.65,163.15
2022-07-01,Malaysia,China,12.92,33.98,798.02,939.04,920.52,71.48,36.27,1.23,236.0,5.57,0.842,27.9,32.3,141.02,980.43,190.97
2015-12-01,Indonesia,USA,3.65,35.46,758.06,904.11,867.98,53.15,28.05,1.011,138.0,4.93,0.21,18.0,33.0,146.05,851.56,91.57
2022-11-01,Malaysia,EU-27,9.99,38.08,797.44,969.7,962.36,56.38,37.9,1.477,194.6,3.8,0.354,28.4,34.37,172.26,960.66,121.83
2020-02-01,Malaysia,USA,0.0,47.92,840.59,971.22,964.44,66.5,23.61,1.203,84.3,4.58,0.172,24.2,30.28,130.63,912.13,93.1
2016-10-01,Indonesia,Pakistan,16.45,36.08,706.23,865.96,925.91,47.41,24.15,1.123,199.4,5.44,0.505,19.2,30.74,159.72,892.54,125.15
2022-01-01,Malaysia,EU-27,5.28,32.86,748.23,894.89,926.89,65.74,45.57,1.37,162.8,4.48,0.157,27.1,22.19,146.66,870.27,138.47
2020-09-01,Malaysia,India,13.01,53.11,827.27,977.92,1016.95,50.96,22.38,1.5,247.7,4.97,0.675,25.1,28.96,150.65,1020.17,211.02
2018-06-01,Malaysia,India,13.82,40.71,750.95,841.94,880.92,52.63,26.4,1.031,249.9,4.56,0.793,21.8,30.03,90.99,931.08,204.59
2023-07-01,Malaysia,EU-27,7.37,43.55,874.14,1034.2,1003.48,68.68,28.64,1.409,146.5,5.97,0.834,29.4,25.73,160.06,1016.09,182.1
2014-05-01,Malaysia,EU-27,7.76,34.2,708.96,836.77,865.1,44.45,26.34,1.114,177.3,6.35,0.665,15.6,24.51,127.81,829.25,144.87
2021-09-01,Indonesia,USA,0.0,26.66,735.54,851.95,905.6,62.55,45.2,1.403,161.4,4.2,0.646,26.6,34.97,116.41,807.4,95.07
2014-11-01,Indonesia,India,17.6,36.14,779.55,877.01,933.46,49.98,19.03,1.053,335.4,6.29,0.3,16.4,35.77,97.46,981.66,236.65
2022-10-01,Malaysia,Pakistan,19.98,35.12,783.61,913.92,949.4,60.94,33.04,1.479,126.8,4.6,0.562,28.2,29.94,130.31,1021.93,97.33
2017-11-01,Malaysia,Pakistan,19.04,39.55,728.92,882.65,901.56,54.08,27.62,1.17,163.1,5.09,0.314,20.9,26.13,153.73,947.64,90.88
2015-12-01,Indonesia,EU-27,4.49,35.62,727.56,838.78,859.55,55.09,26.06,0.957,187.4,5.14,0.182,18.0,35.28,111.22,824.65,156.72
2015-01-01,Indonesia,China,9.27,40.01,761.64,900.46,918.49,47.87,28.53,1.056,328.5,3.59,0.165,16.6,29.79,138.83,907.12,197.78
2015-07-01,Malaysia,EU-27,5.83,29.08,742.47,842.93,874.34,57.85,29.53,0.96,171.2,5.36,0.874,17.4,18.31,100.46,847.78,152.17
2014-12-01,Malaysia,USA,0.75,32.29,701.53,855.92,836.44,48.07,24.17,1.073,89.6,5.96,0.192,16.5,24.97,154.39,763.68,92.11
2024-05-01,Malaysia,India,18.29,44.48,913.8,1013.25,1057.37,65.97,28.82,1.5,262.6,3.65,0.66,30.6,32.48,99.45,1167.64,178.74
2023-08-01,Malaysia,EU-27,1.64,42.12,862.23,925.25,1040.83,72.58,24.2,1.386,178.6,2.85,0.781,29.5,37.7,63.02,943.77,103.62
2017-12-01,Malaysia,China,6.53,36.5,725.79,846.51,876.81,54.45,26.7,1.231,267.6,4.44,0.221,21.0,30.33,120.71,840.48,159.21
2015-09-01,Malaysia,India,9.73,41.49,788.25,904.3,936.32,51.24,22.74,0.993,272.5,6.39,0.67,17.6,34.71,116.05,935.39,216.22
2017-06-01,Indonesia,India,18.77,37.81,665.62,775.48,819.16,51.79,29.46,1.181,328.3,3.61,0.842,20.2,26.2,109.86,870.46,236.94
2023-03-01,Malaysia,EU-27,9.49,40.43,832.09,956.94,950.58,65.12,27.34,1.336,160.9,6.1,0.339,28.9,31.74,124.85,985.23,114.77
2024-09-01,Malaysia,China,2.43,54.59,917.83,1026.59,1022.16,74.04,23.87,1.5,232.4,7.41,0.683,31.1,32.84,108.77,1020.48,191.78
2016-01-01,Malaysia,Pakistan,19.44,36.08,717.05,839.46,868.28,42.57,27.53,1.19,149.8,5.37,0.148,18.1,29.08,122.41,932.44,84.19
2022-04-01,Malaysia,India,19.15,36.31,805.7,924.6,959.28,63.83,45.04,1.388,262.9,4.3,0.505,27.5,22.99,118.9,1056.9,196.85
2023-05-01,Malaysia,EU-27,4.09,41.83,833.35,939.47,949.81,63.0,26.51,1.387,179.1,4.28,0.688,29.1,28.45,106.12,938.56,140.51
2017-09-01,Malaysia,EU-27,5.29,36.12,704.97,801.55,894.55,51.35,25.27,1.265,158.4,6.53,0.688,20.6,28.77,96.58,806.89,140.0
2020-06-01,Malaysia,EU-27,6.25,43.11,843.16,969.39,962.96,60.62,24.66,1.337,147.8,3.95,0.807,24.8,27.37,126.23,967.91,144.39
2016-07-01,Indonesia,India,8.85,28.15,730.9,865.78,864.64,42.74,24.83,1.187,345.0,5.59,0.84,18.9,35.72,134.87,853.27,256.47
2022-11-01,Indonesia,India,21.07,29.69,788.5,932.2,961.65,56.49,39.51,1.379,338.4,3.73,0.317,28.4,13.92,143.7,1038.43,216.92
2020-10-01,Indonesia,EU-27,4.9,42.22,829.75,973.61,981.54,60.77,22.83,1.274,216.3,5.51,0.474,25.2,25.52,143.85,938.69,164.05
2015-01-01,Malaysia,China,12.13,38.69,764.77,898.15,899.51,51.05,25.26,1.09,243.2,5.94,0.191,16.6,25.54,133.38,929.23,158.24
2023-11-01,Indonesia,USA,0.0,42.14,882.77,1001.29,1045.06,65.27,17.16,1.38,150.3,5.24,0.321,29.9,33.65,118.52,942.07,74.69
2021-10-01,Malaysia,China,13.05,47.66,810.03,940.85,917.53,64.58,39.88,1.34,246.5,6.03,0.515,26.8,28.07,130.82,1014.69,178.95
2022-10-01,Malaysia,EU-27,0.0,38.75,781.74,933.14,956.18,65.72,35.1,1.484,167.3,3.71,0.501,28.2,26.8,151.39,855.59,163.41
2023-02-01,Indonesia,USA,0.0,42.23,812.51,962.09,943.96,68.01,23.53,1.385,131.2,5.94,0.174,28.8,19.06,149.58,878.27,95.21
2024-01-01,Malaysia,Pakistan,9.3,49.67,908.27,1035.17,1079.93,64.98,28.93,1.5,162.5,3.31,0.142,30.1,32.38,126.89,1078.66,101.04
2020-03-01,Malaysia,India,16.61,48.11,841.25,980.8,1026.66,61.4,23.35,1.303,255.5,4.83,0.349,24.4,28.51,139.55,1064.3,196.74
2023-09-01,Malaysia,Pakistan,15.88,56.34,917.14,1042.64,1086.26,64.82,24.93,1.5,135.1,6.4,0.639,29.6,36.76,125.49,1156.96,105.47
2020-11-01,Malaysia,EU-27,0.0,43.07,807.83,929.87,998.02,51.31,24.23,1.315,188.7,4.25,0.288,25.4,40.22,122.04,875.13,117.85
2024-09-01,Indonesia,China,12.68,43.08,908.72,993.55,1025.65,66.14,27.18,1.5,322.4,5.37,0.688,31.1,33.5,84.84,1103.08,192.3
2017-10-01,Malaysia,EU-27,1.45,30.79,675.29,805.29,842.74,48.95,24.51,1.173,171.4,4.96,0.524,20.8,32.69,130.0,741.16,142.42
2023-02-01,Indonesia,EU-27,11.38,40.72,791.81,911.5,914.71,74.99,21.67,1.467,201.1,5.69,0.187,28.8,38.23,119.69,951.39,125.19
2020-01-01,Indonesia,EU-27,9.35,41.47,862.99,961.99,1025.45,63.2,23.37,1.346,197.3,4.5,0.182,24.1,29.76,99.0,1014.62,114.83
2019-02-01,Malaysia,Pakistan,11.07,43.17,780.3,926.88,934.05,60.19,23.36,1.164,151.5,6.16,0.19,22.8,41.01,146.57,940.56,91.27
2024-04-01,Indonesia,USA,1.19,53.82,937.4,1035.91,1051.4,58.52,32.17,1.487,126.9,4.8,0.502,30.5,21.64,98.51,1035.6,101.55
2014-05-01,Indonesia,India,16.92,37.95,725.21,870.82,871.28,45.59,22.76,1.118,335.6,5.53,0.703,15.6,30.11,145.61,918.88,246.18
2019-12-01,Malaysia,China,9.0,42.96,838.63,958.04,997.74,61.12,29.46,1.181,256.6,5.22,0.201,24.0,29.95,119.41,993.08,159.68
2024-10-01,Indonesia,India,22.42,58.47,954.89,1104.5,1099.17,66.05,28.41,1.5,317.2,4.57,0.481,31.2,28.07,149.61,1275.35,227.38
2019-11-01,Indonesia,China,2.29,44.29,841.9,992.06,1012.04,61.16,24.73,1.192,311.7,2.77,0.342,23.9,36.65,150.16,931.81,222.44
2022-11-01,Malaysia,USA,0.0,37.51,793.65,926.82,892.3,59.88,40.77,1.394,102.7,5.23,0.359,28.4,38.2,133.17,871.93,68.76
2019-09-01,Malaysia,EU-27,5.68,39.28,847.33,956.78,957.89,54.21,23.47,1.219,186.4,5.46,0.676,23.6,32.26,109.45,961.81,136.05
2014-09-01,Malaysia,China,9.37,42.03,732.48,840.13,872.19,53.45,24.63,0.964,277.7,3.12,0.665,16.1,31.4,107.65,873.99,184.26
2021-07-01,Indonesia,Pakistan,17.28,36.39,791.28,902.07,935.13,60.05,43.14,1.371,170.8,5.77,0.834,26.4,24.09,110.79,1021.29,140.73
2023-03-01,Malaysia,India,16.69,31.55,786.52,917.73,958.35,70.41,23.64,1.481,281.9,5.47,0.339,28.9,36.7,131.21,982.14,180.16
2019-01-01,Malaysia,India,18.59,39.86,770.2,872.46,954.47,58.4,25.58,1.316,251.8,3.24,0.131,22.6,31.45,102.26,990.99,176.25
2023-10-01,Malaysia,EU-27,9.23,47.1,884.48,972.81,1052.11,64.66,17.96,1.434,177.7,4.67,0.512,29.8,27.18,88.32,1037.17,109.72
2023-06-01,Malaysia,China,9.27,44.3,846.19,950.37,1027.34,64.74,29.09,1.487,251.7,5.36,0.799,29.2,32.71,104.17,1004.87,187.05
2018-08-01,Malaysia,EU-27,3.22,39.68,752.22,874.1,895.5,52.66,29.07,1.233,185.9,5.56,0.797,22.0,32.63,121.88,847.42,137.81
2017-02-01,Malaysia,USA,0.0,40.57,697.12,794.46,864.15,60.43,25.24,1.203,79.4,7.22,0.227,19.8,28.58,97.34,762.93,63.32
2018-05-01,Indonesia,Pakistan,16.57,38.69,736.34,900.52,909.62,48.02,28.21,1.183,179.5,4.87,0.653,21.6,35.5,164.18,936.3,159.26
2014-02-01,Indonesia,India,15.29,33.63,719.16,895.35,868.01,59.1,23.48,1.122,320.6,5.54,0.186,15.2,27.7,176.19,894.98,246.0
2022-01-01,Malaysia,China,6.07,51.33,770.06,865.46,904.34,57.19,42.83,1.187,242.6,4.71,0.12,27.1,32.67,95.4,916.67,151.39
2019-07-01,Indonesia,China,9.21,41.96,814.98,992.97,916.19,60.32,29.23,1.171,303.4,4.99,0.833,23.4,39.75,177.99,967.77,248.05
2022-04-01,Indonesia,USA,1.36,37.56,773.23,902.39,893.48,68.57,40.76,1.301,118.5,4.17,0.496,27.5,30.71,129.16,863.15,98.51
2015-06-01,Indonesia,EU-27,1.17,39.85,756.44,857.46,810.52,41.51,22.11,0.93,206.2,3.72,0.812,17.2,32.19,101.02,827.97,164.33
2024-07-01,Malaysia,USA,0.0,46.05,875.55,985.28,1072.74,72.29,25.87,1.471,88.8,5.88,0.845,30.9,39.49,109.73,947.47,103.02
2017-02-01,Malaysia,USA,4.75,28.06,707.93,863.46,792.45,50.62,30.79,1.143,109.6,4.87,0.204,19.8,25.22,155.53,803.21,89.78
2021-01-01,Malaysia,China,14.03,46.47,825.98,930.11,997.56,64.3,38.43,1.358,245.9,5.67,0.177,25.6,29.16,104.13,1038.67,165.1
2018-01-01,Malaysia,China,10.76,39.88,693.96,816.37,868.17,56.1,27.74,1.051,250.8,4.18,0.186,21.1,32.0,122.41,843.49,162.19
2017-01-01,Malaysia,China,8.84,33.11,703.77,872.64,883.63,55.97,23.4,1.12,246.3,3.43,0.134,19.6,19.44,168.86,827.49,182.83
2014-06-01,Indonesia,China,10.67,33.12,702.57,833.22,841.25,50.16,21.35,1.074,289.3,3.93,0.806,15.8,20.36,130.65,837.81,232.44
2022-03-01,Malaysia,China,12.85,43.94,779.02,905.61,915.14,64.99,43.69,1.334,246.9,4.23,0.327,27.4,36.36,126.58,978.03,172.51
2018-10-01,Malaysia,Pakistan,15.77,36.28,778.96,904.66,924.13,52.01,26.29,1.139,156.0,6.82,0.492,22.2,29.34,125.7,974.21,115.09
2019-06-01,Malaysia,EU-27,4.18,41.71,824.07,931.3,1025.02,60.5,21.09,1.242,184.8,3.99,0.805,23.2,28.16,107.24,923.96,144.86
2018-01-01,Indonesia,EU-27,9.12,26.37,699.19,795.06,862.21,46.22,20.58,1.102,198.0,5.74,0.18,21.1,26.94,95.87,814.16,133.09
2019-04-01,Malaysia,China,6.13,42.57,818.11,1018.7,945.43,54.37,32.3,1.313,225.9,6.0,0.514,23.0,32.41,200.59,947.71,220.71
2016-11-01,Malaysia,USA,0.0,42.0,720.11,840.51,905.49,44.93,26.03,1.197,111.9,4.79,0.298,19.4,29.87,120.4,788.15,90.7
2016-11-01,Malaysia,India,11.67,44.51,700.23,807.95,874.23,51.68,28.39,1.088,273.9,4.84,0.359,19.4,30.2,107.72,863.34,201.05
2017-02-01,Malaysia,USA,5.54,39.33,677.74,796.86,814.5,50.14,27.61,1.111,100.9,5.54,0.203,19.8,29.28,119.11,785.92,82.87
2015-11-01,Malaysia,Pakistan,10.74,30.84,763.82,926.5,856.49,50.35,29.87,1.125,164.9,5.72,0.315,17.9,27.84,162.68,913.05,135.25
2023-12-01,Malaysia,India,21.88,52.6,883.22,972.56,975.97,63.11,29.66,1.385,295.6,3.84,0.201,30.0,29.95,89.34,1176.72,133.77
2022-06-01,Malaysia,EU-27,7.16,40.13,802.18,932.62,940.98,80.19,35.78,1.255,161.1,4.91,0.832,27.8,35.61,130.44,940.99,155.49
2020-11-01,Malaysia,USA,1.88,43.93,824.18,922.4,966.77,63.58,29.59,1.374,103.2,3.28,0.329,25.4,26.27,98.22,914.59,63.61
2017-06-01,Malaysia,India,6.32,33.79,712.94,877.63,883.9,54.77,32.59,1.251,279.5,4.08,0.804,20.2,33.87,164.68,828.58,254.73
2023-09-01,Indonesia,USA,0.0,35.94,843.39,994.17,997.64,60.43,25.65,1.5,143.9,6.99,0.693,29.6,35.14,150.78,904.98,139.27
2021-01-01,Malaysia,EU-27,5.44,48.25,826.1,988.09,962.66,57.14,43.19,1.222,202.3,4.16,0.145,25.6,25.49,161.98,967.49,161.39
2023-05-01,Malaysia,EU-27,3.68,48.66,837.1,971.25,1002.53,64.4,25.1,1.345,195.7,2.93,0.705,29.1,32.53,134.15,944.42,127.62
2016-09-01,Malaysia,India,12.1,33.47,706.84,833.32,850.02,53.23,30.57,1.136,283.0,5.83,0.683,19.1,25.15,126.48,864.16,200.36
2018-08-01,Indonesia,EU-27,10.98,50.35,746.1,902.81,895.68,57.7,23.89,1.197,209.0,4.9,0.811,22.0,27.55,156.72,910.45,149.67
2015-01-01,Indonesia,Pakistan,18.18,33.88,785.34,924.96,986.67,46.01,25.53,1.092,172.9,4.61,0.166,16.6,32.95,139.62,998.29,98.62
2017-11-01,Malaysia,EU-27,5.49,38.96,718.64,821.25,860.15,57.48,24.26,1.267,175.4,5.56,0.317,20.9,30.29,102.62,824.75,106.55
2023-10-01,Malaysia,EU-27,6.19,43.36,853.78,986.49,962.95,73.85,20.99,1.475,173.9,6.37,0.493,29.8,25.81,132.72,974.91,146.09
2018-02-01,Indonesia,India,16.05,36.52,711.99,863.3,874.4,56.41,18.14,1.27,330.0,5.51,0.151,21.2,38.3,151.31,889.73,214.01
2015-05-01,Malaysia,Pakistan,15.83,39.45,804.24,931.02,982.42,45.26,27.18,1.06,159.9,4.25,0.665,17.1,31.44,126.78,1008.76,119.87
2017-04-01,Indonesia,USA,0.0,23.64,685.23,775.18,823.08,62.3,29.26,1.087,135.6,4.63,0.535,20.0,29.14,89.95,738.13,81.59
2024-11-01,Malaysia,India,25.57,47.91,922.98,1057.12,1049.15,70.98,27.33,1.373,279.4,3.91,0.313,31.4,24.49,134.14,1253.46,172.92
2020-02-01,Malaysia,China,10.24,46.72,857.72,977.67,1022.2,55.36,24.31,1.284,232.2,5.11,0.205,24.2,31.73,119.94,1023.86,187.0
2015-05-01,Malaysia,China,11.31,25.54,756.79,876.52,894.89,47.02,31.72,1.134,249.9,4.66,0.697,17.1,29.79,119.74,906.1,184.11
2016-06-01,Malaysia,Pakistan,12.32,36.23,707.99,837.95,834.24,48.11,26.0,1.117,154.1,5.35,0.824,18.8,32.88,129.96,865.14,128.14
2019-04-01,Malaysia,India,14.81,34.55,787.32,873.47,931.74,64.61,28.55,1.046,278.3,6.27,0.483,23.0,24.78,86.15,976.36,198.41
2019-02-01,Malaysia,Pakistan,15.4,46.04,813.91,973.87,984.02,44.83,23.94,1.248,151.4,3.94,0.227,22.8,31.08,159.95,1020.0,84.0
2015-10-01,Indonesia,China,12.09,31.82,726.04,833.56,887.31,56.12,27.55,1.02,296.1,5.32,0.521,17.8,19.25,107.51,880.35,208.36
2017-02-01,Indonesia,Pakistan,17.65,22.63,663.51,796.57,804.64,49.31,26.3,1.177,192.8,5.59,0.22,19.8,29.59,133.06,838.17,121.03
2020-08-01,Indonesia,China,9.06,51.06,836.28,986.7,992.12,48.23,28.11,1.334,274.9,4.08,0.811,25.0,32.05,150.42,998.37,243.78
2018-08-01,Malaysia,India,13.02,45.26,738.6,861.8,864.31,56.47,23.61,1.199,290.6,6.61,0.813,22.0,28.73,123.2,912.59,212.83
2024-12-01,Indonesia,China,12.99,52.09,899.1,1026.38,1026.53,57.2,20.63,1.5,316.8,5.58,0.179,31.5,26.34,127.28,1098.09,185.9
2021-04-01,Malaysia,India,26.78,43.04,786.81,924.41,926.05,57.39,42.45,1.413,253.1,6.55,0.45,26.0,26.16,137.6,1105.86,182.66
2016-01-01,Malaysia,USA,0.0,29.65,751.06,935.26,898.01,56.51,29.66,1.133,104.0,6.51,0.115,18.1,23.85,184.2,810.37,104.73
2014-02-01,Indonesia,USA,4.08,30.09,722.1,877.32,840.96,42.46,28.04,0.964,155.2,4.03,0.22,15.2,30.92,155.22,812.05,99.15
2024-07-01,Malaysia,China,7.46,47.32,886.13,1011.95,1054.87,68.36,21.92,1.401,242.8,5.95,0.829,30.9,34.18,125.82,1026.65,203.15
2019-04-01,Indonesia,EU-27,7.15,36.35,794.85,889.51,961.61,59.0,29.1,1.198,210.8,4.34,0.507,23.0,24.02,94.66,921.79,143.1
2015-03-01,Indonesia,China,9.53,41.5,769.26,921.03,920.52,54.15,38.21,1.074,278.0,4.6,0.319,16.9,28.68,151.78,929.83,225.58
2014-10-01,Indonesia,USA,0.46,35.65,744.83,899.87,897.87,49.08,26.78,1.01,120.0,4.72,0.498,16.2,39.38,155.03,810.96,114.34
2016-06-01,Malaysia,EU-27,9.63,37.66,716.18,851.59,862.2,54.46,26.87,1.052,195.3,3.39,0.769,18.8,31.86,135.41,855.89,134.89
2024-07-01,Malaysia,India,15.83,48.7,900.72,1078.82,1007.43,64.62,22.6,1.416,256.4,5.44,0.845,30.9,27.5,178.1,1125.84,229.61
2020-11-01,Indonesia,EU-27,7.53,41.06,800.68,929.29,965.22,68.67,21.27,1.147,209.8,3.54,0.274,25.4,28.25,128.61,928.02,142.88
2022-08-01,Indonesia,USA,0.59,34.93,802.86,951.79,946.82,72.19,40.4,1.43,130.7,4.39,0.838,28.0,24.07,148.94,883.39,102.56
2017-08-01,Indonesia,India,13.74,32.96,720.22,886.05,875.4,62.6,21.14,1.221,338.7,3.68,0.76,20.5,32.08,165.83,880.69,260.52
2020-03-01,Malaysia,USA,2.01,45.85,866.8,971.17,983.09,60.38,28.72,1.234,80.9,4.38,0.326,24.4,28.62,104.38,960.32,62.52
2017-09-01,Indonesia,EU-27,5.51,35.75,660.54,809.78,815.38,54.75,18.68,1.086,233.6,3.55,0.686,20.6,33.68,149.23,754.34,159.24
2021-11-01,Malaysia,Pakistan,16.68,33.13,763.06,872.26,898.47,57.4,32.14,1.441,142.7,4.05,0.342,26.9,30.35,109.2,966.53,95.19
2024-09-01,Malaysia,China,11.25,54.04,942.99,1079.38,1056.33,71.52,18.33,1.5,253.1,4.78,0.671,31.1,27.32,136.39,1129.62,180.83
2015-08-01,Malaysia,EU-27,3.16,29.27,746.27,894.64,916.39,50.4,25.94,1.009,160.4,5.73,0.82,17.5,27.56,148.37,826.83,163.95
2016-05-01,Indonesia,India,18.54,34.17,708.63,813.16,871.85,68.1,30.21,1.045,320.8,4.72,0.677,18.6,23.53,104.53,916.31,230.34
2017-07-01,Malaysia,EU-27,5.5,37.5,687.76,824.53,867.63,45.89,30.33,1.132,169.5,4.71,0.854,20.4,36.51,136.77,797.16,146.11
2018-07-01,Malaysia,China,9.99,44.46,730.79,846.73,851.13,60.57,26.81,1.26,263.4,5.35,0.842,21.9,27.15,115.94,882.18,201.75
2014-07-01,Indonesia,China,11.23,43.35,714.05,863.25,843.39,39.3,28.23,0.894,298.7,4.53,0.858,15.9,25.76,149.2,873.86,232.74
2024-10-01,Malaysia,China,5.65,57.38,904.36,1053.26,1091.57,62.58,25.51,1.43,261.6,5.3,0.515,31.2,25.79,148.9,1043.03,207.8
2022-08-01,Indonesia,India,17.84,41.94,808.48,979.0,954.41,65.34,39.2,1.407,336.2,5.36,0.808,28.0,23.95,170.52,1048.32,246.54
2014-10-01,Malaysia,Pakistan,17.9,35.34,733.76,854.99,852.26,47.83,24.8,1.017,172.8,6.09,0.508,16.2,30.68,121.23,936.0,110.13
2020-10-01,Malaysia,Pakistan,16.25,37.6,833.48,944.87,966.48,58.23,25.57,1.261,152.8,4.14,0.504,25.2,29.21,111.39,1042.39,110.1
2014-02-01,Malaysia,India,9.06,27.6,702.05,810.66,809.5,41.62,34.08,0.899,286.1,4.77,0.201,15.2,25.47,108.6,832.92,188.04
2024-11-01,Malaysia,Pakistan,14.35,63.53,924.65,1017.48,1108.16,66.3,29.84,1.449,150.1,5.06,0.34,31.4,38.76,92.83,1164.15,76.81
2020-07-01,Indonesia,China,7.38,47.13,853.5,966.21,1027.26,69.03,22.99,1.418,310.5,3.98,0.808,24.9,35.19,112.71,991.78,222.33
2023-05-01,Malaysia,India,19.19,46.08,832.55,992.18,1004.22,64.91,27.61,1.3,268.8,3.32,0.701,29.1,29.7,159.63,1080.18,196.36
2020-07-01,Indonesia,China,9.22,47.37,856.55,981.74,1013.36,58.5,25.86,1.287,286.5,5.39,0.844,24.9,28.18,125.18,1015.53,242.21
2016-08-01,Indonesia,Pakistan,23.1,33.75,732.95,836.78,854.06,56.14,27.65,1.038,175.5,5.93,0.81,19.0,35.82,103.84,977.87,136.27
2021-11-01,Malaysia,USA,0.0,37.83,742.96,880.15,913.24,64.52,40.63,1.333,114.9,5.08,0.323,26.9,24.98,137.19,821.42,82.45
2019-04-01,Malaysia,EU-27,7.9,24.18,812.22,897.48,953.13,61.86,25.23,1.284,159.0,4.43,0.524,23.0,27.58,85.26,929.67,136.22
2018-02-01,Malaysia,India,14.23,39.29,699.74,863.46,861.52,64.74,24.71,1.19,285.8,6.41,0.211,21.2,29.58,163.71,872.41,210.83
2023-08-01,Indonesia,India,23.67,49.79,859.94,930.12,1011.95,68.71,29.83,1.5,346.8,5.0,0.8,29.5,30.57,70.18,1161.92,196.63
2018-10-01,Indonesia,China,10.21,41.55,787.12,910.24,915.32,50.43,26.59,1.344,301.3,4.43,0.498,22.2,30.49,123.12,942.57,220.11
2015-02-01,Malaysia,EU-27,5.23,49.16,782.49,823.31,931.5,49.52,22.95,0.97,176.6,5.92,0.208,16.8,30.17,40.81,899.29,89.36
2023-08-01,Indonesia,EU-27,3.92,44.83,817.89,930.2,992.78,67.72,25.36,1.412,197.0,4.92,0.798,29.5,31.42,112.31,922.86,172.81
2021-02-01,Indonesia,China,5.08,40.49,818.48,952.61,981.16,63.41,39.19,1.357,321.4,3.99,0.214,25.8,27.16,134.13,943.8,210.31
2016-08-01,Malaysia,Pakistan,17.0,39.77,744.86,823.15,847.54,44.66,29.2,1.164,165.4,4.91,0.8,19.0,35.1,78.29,952.16,108.13
2020-02-01,Malaysia,USA,0.0,50.79,840.29,953.8,983.82,58.87,23.03,1.29,118.0,4.93,0.212,24.2,27.83,113.5,914.11,76.55
2022-06-01,Malaysia,Pakistan,13.68,42.62,789.82,946.37,947.36,58.8,39.25,1.452,137.2,3.31,0.807,27.8,27.54,156.54,990.9,116.86
2021-10-01,Indonesia,Pakistan,13.36,44.16,770.65,899.39,895.62,68.09,45.87,1.383,186.6,5.05,0.491,26.8,19.82,128.75,975.66,116.53
2021-10-01,Indonesia,USA,0.94,42.4,782.97,923.51,937.03,67.39,37.15,1.263,126.8,4.07,0.497,26.8,24.67,140.54,870.64,119.29
2016-02-01,Malaysia,China,7.05,36.15,751.14,898.45,907.99,58.28,15.62,1.092,255.1,5.09,0.184,18.2,34.22,147.31,859.48,192.89
2018-01-01,Indonesia,China,8.02,41.46,721.78,842.44,882.91,53.04,26.43,1.127,308.8,5.0,0.1,21.1,32.14,120.66,852.97,209.94
2019-06-01,Malaysia,EU-27,3.64,38.68,855.87,987.9,1010.41,53.08,20.63,1.302,171.5,4.38,0.788,23.2,28.07,132.03,948.52,156.2
2019-02-01,Indonesia,USA,0.0,46.02,798.7,951.74,976.95,58.6,30.95,1.206,112.2,5.25,0.215,22.8,32.94,153.05,875.67,118.7
2017-08-01,Indonesia,India,15.57,36.8,678.2,829.26,853.99,48.48,21.06,1.174,345.4,5.86,0.795,20.5,37.72,151.06,850.69,262.48
2022-04-01,Malaysia,USA,0.56,42.98,780.06,906.83,906.01,67.12,37.9,1.353,103.1,5.3,0.493,27.5,32.96,126.76,865.76,86.99
2020-02-01,Malaysia,Pakistan,15.1,43.47,828.45,960.16,1017.56,61.32,27.32,1.333,167.1,4.47,0.203,24.2,32.4,131.71,1035.02,81.53
2015-02-01,Malaysia,USA,0.59,38.94,758.95,914.84,892.8,51.58,25.32,0.937,96.5,5.92,0.205,16.8,39.55,155.89,828.1,93.26
2014-04-01,Indonesia,India,8.39,39.99,698.48,835.76,825.81,43.47,24.4,1.026,331.5,3.73,0.475,15.5,24.97,137.28,826.89,241.27
2014-10-01,Malaysia,USA,0.0,36.45,750.19,860.03,901.89,52.03,25.15,1.114,106.9,5.4,0.507,16.2,25.18,109.84,811.79,82.14
2017-12-01,Indonesia,EU-27,3.45,29.38,675.71,814.55,850.67,60.81,27.14,1.149,181.0,4.26,0.202,21.0,35.34,138.83,757.5,160.58
2014-07-01,Malaysia,USA,4.98,39.59,730.57,815.46,852.04,49.56,27.32,1.011,116.5,4.2,0.834,15.9,26.54,84.89,837.19,99.7
2015-02-01,Indonesia,Pakistan,18.43,42.37,787.13,925.58,940.15,48.85,27.17,1.061,200.7,4.82,0.177,16.8,26.94,138.45,1014.6,90.12
2018-05-01,Malaysia,USA,0.0,34.09,767.63,889.51,924.06,51.01,27.53,1.189,126.1,4.74,0.692,21.6,26.54,121.87,829.25,90.72
2015-08-01,Malaysia,USA,0.0,43.65,721.2,882.23,884.21,50.65,29.59,1.11,100.3,6.41,0.804,17.5,31.5,161.03,794.44,138.31
2021-06-01,Malaysia,China,8.36,42.6,783.65,930.84,935.11,66.73,39.84,1.334,250.6,5.34,0.778,26.2,37.17,147.19,938.45,190.21
2021-09-01,Indonesia,EU-27,9.55,37.58,787.9,876.26,979.5,57.28,36.92,1.399,215.5,3.65,0.704,26.6,28.97,88.36,944.75,139.9
2020-09-01,Malaysia,China,4.74,48.38,829.43,948.46,958.07,66.03,29.31,1.403,247.6,3.77,0.672,25.1,32.97,119.03,950.11,192.19
2020-01-01,Indonesia,EU-27,1.68,41.76,827.46,994.09,1033.48,63.44,29.31,1.273,220.6,6.05,0.188,24.1,26.73,166.64,913.59,167.71
2023-11-01,Indonesia,India,18.62,51.68,868.14,973.43,1001.98,65.34,22.59,1.5,340.2,5.96,0.308,29.9,28.08,105.29,1117.92,213.88
2015-05-01,Malaysia,Pakistan,17.62,37.51,773.06,930.17,880.34,47.57,22.81,1.136,140.5,4.5,0.682,17.1,27.13,157.11,980.25,121.83
2017-09-01,Indonesia,Pakistan,16.65,30.78,682.99,840.13,811.87,60.68,28.8,1.147,193.0,5.03,0.633,20.6,32.09,157.15,866.22,123.53
2018-08-01,Indonesia,China,10.49,45.07,761.84,918.35,881.34,52.69,26.77,1.151,320.1,4.54,0.798,22.0,22.82,156.51,921.1,237.81
2023-05-01,Malaysia,EU-27,1.55,53.3,847.3,994.09,993.43,61.62,26.41,1.448,191.8,5.39,0.672,29.1,33.72,146.79,941.4,155.01
2015-01-01,Malaysia,China,7.78,37.86,722.89,843.86,905.94,42.11,18.42,0.957,266.3,4.86,0.174,16.6,30.91,120.97,839.79,192.28
2018-01-01,Indonesia,EU-27,4.05,34.92,715.88,870.02,879.21,52.36,30.81,1.094,208.1,5.53,0.169,21.1,33.66,154.14,813.29,150.27
2018-08-01,Indonesia,China,8.05,33.47,736.65,911.53,942.77,55.91,25.73,1.114,297.9,6.3,0.791,22.0,28.8,174.88,859.88,243.01
2023-07-01,Indonesia,Pakistan,17.41,47.84,853.3,978.53,995.11,67.76,26.86,1.5,198.0,4.99,0.88,29.4,32.1,125.23,1089.55,139.91
2023-02-01,Malaysia,EU-27,3.83,51.09,811.02,942.99,950.42,56.77,28.37,1.498,158.5,5.06,0.199,28.8,30.54,131.96,924.59,128.62
2024-10-01,Indonesia,China,11.44,50.27,932.57,1025.88,1064.14,71.3,25.07,1.49,295.9,4.96,0.499,31.2,21.63,93.3,1123.25,194.2
2015-03-01,Malaysia,Pakistan,15.4,45.31,802.97,927.95,946.5,46.27,30.81,0.953,155.2,5.25,0.337,16.9,30.03,124.99,1014.44,107.38
2015-10-01,Malaysia,USA,0.0,34.93,736.26,841.76,923.92,56.96,20.42,1.079,116.8,3.48,0.508,17.8,33.2,105.5,791.61,78.53
2020-10-01,Indonesia,USA,5.34,39.97,823.91,957.03,999.31,62.88,29.9,1.281,135.3,4.24,0.497,25.2,31.06,133.12,941.51,95.89
2014-02-01,Malaysia,China,5.3,30.26,695.93,838.52,864.16,47.71,30.61,0.974,249.0,3.72,0.204,15.2,27.71,142.59,796.89,200.35
2015-09-01,Malaysia,USA,0.0,37.63,731.63,867.04,893.14,55.02,27.41,0.964,105.9,4.77,0.677,17.6,30.36,135.4,796.68,104.8
2018-01-01,Indonesia,China,12.43,31.88,742.86,891.27,903.18,53.06,27.29,1.077,301.9,4.99,0.184,21.1,22.18,148.41,901.71,195.66
2017-06-01,Malaysia,China,9.54,32.48,683.89,821.74,873.85,56.16,21.41,1.144,274.6,4.42,0.8,20.2,36.29,137.85,808.18,187.2
2021-04-01,Malaysia,USA,0.0,44.32,817.2,941.11,965.99,55.94,39.8,1.258,97.9,4.83,0.478,26.0,31.78,123.9,901.33,83.16
2014-01-01,Indonesia,Pakistan,21.97,32.97,666.81,744.84,812.32,55.42,18.0,1.063,191.7,4.39,0.174,15.1,33.08,78.03,875.48,87.09
2014-07-01,Indonesia,India,18.74,29.25,703.02,880.66,882.55,54.17,21.11,0.949,350.2,4.25,0.825,15.9,27.85,177.64,894.56,256.82
2015-10-01,Malaysia,India,13.36,51.81,748.65,878.01,886.42,51.11,27.12,1.165,275.6,2.77,0.489,17.8,31.39,129.36,938.14,194.99
2020-12-01,Indonesia,Pakistan,17.82,38.58,827.33,982.23,989.82,69.69,21.63,1.405,202.6,3.16,0.193,25.5,29.13,154.9,1045.66,89.65
2024-03-01,Indonesia,China,8.88,53.54,928.59,1060.38,1045.51,53.98,23.68,1.475,305.0,5.79,0.32,30.4,29.77,131.79,1095.09,207.3
2016-06-01,Indonesia,EU-27,7.0,31.34,719.65,838.36,855.15,50.22,24.2,1.24,220.5,3.84,0.82,18.8,33.14,118.71,829.45,159.12
2021-10-01,Malaysia,EU-27,7.5,29.89,807.03,928.76,948.73,52.53,43.88,1.257,195.0,5.2,0.52,26.8,25.94,121.73,946.84,122.95
2024-11-01,Indonesia,India,22.75,52.97,899.67,1044.05,1080.85,66.18,34.04,1.358,330.7,3.55,0.325,31.4,26.09,144.38,1211.18,207.32
2015-07-01,Malaysia,USA,1.14,48.01,753.28,867.0,908.8,47.71,21.38,1.123,76.2,4.57,0.855,17.4,26.26,113.72,832.06,94.29
2017-12-01,Malaysia,EU-27,11.81,24.73,702.73,847.35,869.71,52.91,31.0,1.161,162.2,7.2,0.212,21.0,28.51,144.62,848.02,122.76
2021-02-01,Malaysia,USA,4.41,47.69,823.42,947.81,955.27,62.06,37.47,1.256,100.8,3.53,0.2,25.8,34.07,124.39,948.61,69.04
2017-07-01,Malaysia,China,10.93,43.22,720.54,830.46,890.18,58.68,23.83,1.28,234.4,3.79,0.815,20.4,27.77,109.92,873.69,179.75
2018-09-01,Malaysia,USA,0.0,41.51,729.83,860.59,923.56,53.03,29.02,1.22,109.7,3.56,0.685,22.1,23.28,130.76,800.36,77.62
2024-10-01,Malaysia,China,11.68,57.97,948.07,1059.94,1126.47,71.41,22.34,1.45,267.4,4.91,0.471,31.2,31.08,111.87,1148.52,177.59
2023-02-01,Malaysia,EU-27,3.94,41.39,824.25,934.03,1024.87,67.27,24.76,1.345,189.3,3.88,0.203,28.8,27.75,109.78,925.44,111.9
2018-11-01,Indonesia,China,4.53,36.78,788.98,887.22,986.59,62.19,25.46,1.226,289.4,3.66,0.333,22.4,38.7,98.25,889.82,202.44
2019-06-01,Malaysia,Pakistan,20.19,45.37,811.74,912.6,1013.55,60.88,32.1,1.276,168.8,2.67,0.785,23.2,30.18,100.86,1068.7,94.86
2023-11-01,Indonesia,India,24.88,48.85,874.7,1023.74,1043.43,71.87,34.33,1.5,320.2,5.19,0.288,29.9,21.63,149.03,1196.19,204.98
2014-12-01,Indonesia,China,14.69,43.65,735.43,841.37,895.41,47.93,23.96,1.118,291.4,4.25,0.211,16.5,37.28,105.93,921.04,181.57
2017-11-01,Malaysia,EU-27,8.48,42.33,692.84,821.78,836.93,60.6,23.39,1.208,175.8,5.14,0.302,20.9,22.99,128.94,822.93,128.19
2024-09-01,Malaysia,EU-27,1.83,38.23,913.96,1011.9,1026.22,64.05,29.37,1.5,179.8,3.67,0.708,31.1,29.11,97.94,999.48,120.48
2017-01-01,Malaysia,China,4.77,27.36,697.76,827.08,851.14,51.66,28.06,1.193,240.7,5.18,0.141,19.6,25.73,129.32,789.12,180.25
2023-10-01,Indonesia,China,9.48,46.16,848.16,1019.82,957.91,67.12,31.93,1.259,304.8,4.53,0.512,29.8,30.27,171.66,1014.06,229.46
2014-07-01,Indonesia,India,13.01,37.04,706.59,838.29,886.15,43.56,30.85,0.922,329.1,5.08,0.848,15.9,17.62,131.7,875.22,263.39
2021-04-01,Malaysia,USA,3.98,46.36,794.15,949.51,953.3,55.02,38.81,1.395,138.5,3.75,0.511,26.0,39.93,155.36,914.28,98.25
2023-02-01,Malaysia,India,15.03,43.02,798.15,914.31,1029.74,58.11,34.47,1.358,269.3,5.88,0.197,28.8,28.33,116.16,1007.28,191.22
2023-12-01,Malaysia,Pakistan,20.69,52.58,878.4,1019.26,1031.99,66.88,29.09,1.328,148.1,3.2,0.182,30.0,33.97,140.86,1158.74,81.59
2017-11-01,Malaysia,EU-27,5.86,28.27,718.71,878.3,894.62,54.24,32.58,1.226,149.4,5.05,0.331,20.9,26.13,159.58,825.22,151.82
2018-08-01,Malaysia,EU-27,8.06,31.23,740.26,872.16,875.34,52.3,22.42,1.135,154.6,4.95,0.826,22.0,29.08,131.91,857.88,143.57
2021-06-01,Indonesia,USA,7.87,45.07,812.55,950.43,945.66,67.45,39.84,1.277,137.8,6.28,0.842,26.2,36.98,137.88,968.05,117.4
2019-05-01,Malaysia,EU-27,8.7,41.57,806.28,939.56,968.96,56.64,25.14,1.202,190.1,4.09,0.7,23.1,30.82,133.28,948.91,158.14
2019-07-01,Malaysia,India,17.25,52.97,814.14,940.88,978.29,56.21,29.76,1.201,281.0,4.92,0.858,23.4,30.69,126.74,1051.59,217.75
2017-01-01,Malaysia,China,8.7,35.03,712.34,847.47,865.74,55.12,23.65,1.088,233.0,3.41,0.132,19.6,29.13,135.13,838.11,174.42
2018-04-01,Indonesia,EU-27,13.26,35.29,719.84,842.46,918.2,65.48,26.84,1.223,202.9,5.22,0.481,21.5,20.62,122.62,885.69,149.48
2016-02-01,Malaysia,EU-27,0.0,47.37,762.52,872.58,873.53,48.75,24.87,1.079,185.9,4.07,0.193,18.2,26.24,110.07,834.75,106.6
2021-04-01,Malaysia,USA,0.0,44.39,806.95,957.19,926.27,57.43,38.73,1.308,119.9,4.33,0.522,26.0,31.18,150.24,890.07,99.37
2020-06-01,Malaysia,EU-27,0.43,42.96,823.61,943.55,969.27,57.67,22.16,1.251,185.9,5.76,0.777,24.8,37.84,119.93,892.56,149.58
2024-11-01,Malaysia,Pakistan,20.29,54.46,920.6,1049.63,1046.11,70.07,21.59,1.5,161.3,5.25,0.309,31.4,30.02,129.03,1198.85,98.35
2018-04-01,Indonesia,USA,0.0,39.02,729.14,831.8,852.68,59.03,20.52,1.321,121.8,4.58,0.507,21.5,27.17,102.66,788.68,88.38
2017-12-01,Indonesia,USA,0.0,35.69,713.77,826.37,888.22,48.98,21.47,1.256,164.5,4.51,0.184,21.0,29.35,112.6,770.93,72.83
2021-08-01,Malaysia,India,21.3,46.62,815.19,989.86,992.89,64.18,36.77,1.242,285.4,6.89,0.822,26.5,20.56,174.67,1089.97,217.2
2014-03-01,Indonesia,India,12.99,27.56,698.52,831.36,847.74,39.58,19.39,1.044,322.1,5.84,0.288,15.4,28.51,132.84,842.28,232.68
2022-07-01,Indonesia,USA,1.26,43.43,753.39,888.29,923.58,64.79,39.89,1.332,124.1,4.21,0.829,27.9,33.92,134.9,847.26,116.79
2020-12-01,Malaysia,Pakistan,15.63,45.35,793.58,921.67,927.25,63.03,21.8,1.294,155.4,5.26,0.181,25.5,34.58,128.09,995.28,105.31
2024-05-01,Malaysia,EU-27,0.0,47.94,918.34,1021.8,1117.65,66.12,22.19,1.426,169.3,4.54,0.669,30.6,29.51,103.45,988.47,138.74
2018-03-01,Indonesia,China,9.3,31.93,705.25,862.17,881.83,58.27,22.19,1.219,282.6,3.81,0.348,21.4,39.5,156.92,829.96,218.46
2024-01-01,Malaysia,EU-27,4.22,52.07,865.79,1009.26,1031.73,66.51,22.06,1.404,161.4,4.88,0.128,30.1,26.58,143.47,979.63,133.58
2018-08-01,Indonesia,Pakistan,14.72,33.41,747.49,893.93,907.23,52.52,28.22,1.185,188.1,5.22,0.786,22.0,27.49,146.44,928.26,144.24
2019-02-01,Indonesia,India,23.87,47.16,793.42,903.68,938.55,52.11,29.78,1.151,328.6,5.38,0.212,22.8,20.81,110.26,1078.16,217.95
2021-02-01,Malaysia,USA,0.34,40.26,792.56,965.45,930.18,59.28,41.99,1.281,91.0,3.01,0.207,25.8,27.37,172.9,877.79,91.41
2021-07-01,Malaysia,India,16.29,34.93,799.77,949.65,938.92,65.21,34.81,1.242,287.1,3.29,0.855,26.4,28.67,149.88,1011.19,204.87
2016-12-01,Malaysia,Pakistan,16.73,33.15,720.72,856.92,911.12,51.38,27.92,1.163,129.8,4.19,0.201,19.5,18.71,136.2,912.57,96.24
2019-04-01,Malaysia,China,7.03,40.98,788.8,903.0,944.24,51.16,21.16,1.342,222.9,4.58,0.525,23.0,23.38,114.2,910.72,189.57
2024-04-01,Indonesia,India,23.67,52.51,910.32,1034.18,1049.94,66.19,28.0,1.5,343.9,5.09,0.507,30.5,35.94,123.85,1225.39,209.68
2021-05-01,Indonesia,Pakistan,16.92,29.55,796.67,937.64,909.0,59.57,43.98,1.284,209.5,4.11,0.665,26.1,23.79,140.97,1017.42,131.9
2017-08-01,Malaysia,Pakistan,14.09,40.44,699.26,839.31,887.13,60.59,23.14,1.232,183.9,6.01,0.805,20.5,28.34,140.06,870.3,112.25
2022-07-01,Indonesia,Pakistan,13.28,42.08,781.62,857.99,938.54,62.43,36.23,1.404,178.7,3.89,0.85,27.9,21.89,76.38,974.15,125.98
2019-03-01,Malaysia,India,17.11,46.18,814.69,961.44,975.51,57.0,28.17,1.253,279.0,4.84,0.292,22.9,30.42,146.75,1041.12,182.4
2016-03-01,Malaysia,India,11.06,32.94,712.14,867.87,873.58,50.31,26.18,1.0,290.1,5.83,0.322,18.4,27.98,155.73,856.54,198.44
2021-08-01,Indonesia,Pakistan,12.88,42.49,792.27,928.91,935.03,53.99,42.32,1.372,197.0,4.52,0.818,26.5,31.68,136.63,990.08,130.0
2020-07-01,Indonesia,India,25.66,36.74,845.6,952.47,985.03,60.33,22.51,1.378,350.5,4.73,0.881,24.9,26.33,106.87,1137.01,203.19
2024-03-01,Indonesia,USA,0.96,58.56,916.56,1027.56,1072.14,70.65,24.38,1.461,135.9,5.63,0.321,30.4,34.64,111.0,1009.12,97.45
2018-03-01,Malaysia,Pakistan,15.63,41.69,736.1,908.51,903.91,51.72,22.75,1.118,153.8,5.46,0.298,21.4,26.53,172.41,925.7,119.7
2019-11-01,Malaysia,Pakistan,15.41,45.71,860.41,1004.6,1040.5,56.02,30.07,1.242,159.3,7.1,0.351,23.9,24.82,144.19,1080.43,113.88
2020-07-01,Indonesia,EU-27,2.14,38.47,831.77,894.79,948.78,57.63,34.2,1.299,202.6,5.47,0.873,24.9,41.2,63.02,923.81,152.36
2017-12-01,Malaysia,Pakistan,13.3,49.03,711.24,860.09,848.93,52.17,31.44,1.168,157.0,5.65,0.213,21.0,25.22,148.86,897.01,104.62
2023-07-01,Indonesia,Pakistan,22.22,46.6,853.56,979.98,1009.09,66.25,27.15,1.347,187.8,6.25,0.859,29.4,24.59,126.42,1133.39,126.1
2017-07-01,Malaysia,China,7.99,32.07,676.23,839.17,839.47,57.08,27.65,1.141,256.3,3.74,0.835,20.4,24.77,162.94,794.76,208.99
2021-07-01,Malaysia,China,7.34,43.92,792.09,903.39,919.45,65.25,37.49,1.266,250.4,4.7,0.864,26.4,34.42,111.3,937.64,202.04
2015-11-01,Malaysia,India,13.36,44.14,754.06,889.2,886.6,47.91,29.61,1.021,261.3,4.11,0.313,17.9,20.92,135.14,938.4,198.15
2018-03-01,Indonesia,India,14.84,42.64,715.99,816.57,865.64,54.01,26.71,1.138,321.5,5.4,0.351,21.4,31.41,100.59,901.88,227.03
2015-05-01,Malaysia,India,9.9,44.58,769.47,906.57,901.48,47.05,22.97,1.153,269.0,3.55,0.684,17.1,34.44,137.1,919.84,204.47
2016-10-01,Malaysia,India,7.67,30.73,702.1,843.64,842.69,54.44,23.29,1.103,260.0,4.27,0.47,19.2,32.74,141.54,814.09,212.5
2017-11-01,Malaysia,India,13.02,25.78,668.71,790.88,849.18,57.66,26.48,1.373,284.1,4.06,0.362,20.9,26.08,122.17,814.86,190.23
2018-12-01,Indonesia,China,7.05,43.11,776.84,905.28,948.47,59.65,32.9,1.121,292.9,4.29,0.198,22.5,20.88,128.43,912.96,220.0
2014-10-01,Indonesia,EU-27,8.44,40.99,744.44,881.98,910.94,54.83,20.35,1.142,205.1,5.83,0.472,16.2,28.79,137.54,873.75,163.9
2018-04-01,Indonesia,EU-27,0.0,26.55,685.96,820.89,845.75,56.47,23.01,1.217,212.1,4.63,0.513,21.5,24.87,134.94,735.51,162.11
2022-02-01,Indonesia,Pakistan,16.33,41.0,784.45,883.55,912.2,57.23,36.29,1.439,203.3,6.03,0.143,27.2,39.74,99.1,1002.43,96.68
2019-05-01,Malaysia,India,20.5,48.61,832.33,966.62,1028.95,56.86,25.61,1.301,264.7,4.38,0.649,23.1,31.21,134.29,1092.38,198.18
2015-04-01,Malaysia,Pakistan,13.78,45.99,779.5,924.26,901.81,54.15,19.87,1.092,155.4,4.1,0.515,17.0,29.26,144.76,961.81,111.55
2015-06-01,Indonesia,EU-27,11.93,34.56,777.99,853.5,915.2,51.83,20.78,1.008,217.8,4.93,0.774,17.2,30.5,75.51,932.75,158.98
2023-07-01,Malaysia,China,8.42,43.69,851.33,990.45,965.85,64.09,28.74,1.391,242.0,3.54,0.858,29.4,34.71,139.12,1001.59,198.33
2021-06-01,Malaysia,China,11.08,33.17,785.1,894.69,935.27,65.94,43.44,1.386,259.4,5.88,0.789,26.2,28.5,109.59,957.21,197.94
2016-02-01,Malaysia,USA,0.0,41.51,767.72,904.51,908.23,47.54,20.45,1.19,92.8,4.62,0.179,18.2,30.16,136.79,829.68,76.59
2018-09-01,Malaysia,Pakistan,11.43,41.25,786.1,925.09,916.57,48.46,23.38,1.23,150.9,3.74,0.651,22.1,37.81,138.99,947.99,125.11
2015-03-01,Malaysia,EU-27,4.38,50.9,788.57,964.36,925.66,51.19,18.04,1.035,184.1,4.58,0.299,16.9,30.88,175.79,895.05,141.8
2017-08-01,Indonesia,EU-27,11.38,26.87,696.41,848.52,812.25,48.84,34.2,1.102,195.2,5.64,0.814,20.5,38.21,152.12,843.68,152.3
2017-10-01,Malaysia,USA,2.0,29.93,705.61,846.34,903.33,56.47,30.06,1.244,100.8,5.35,0.465,20.8,33.62,140.73,780.89,103.83
2024-04-01,Indonesia,EU-27,5.64,45.57,859.83,979.31,1008.17,62.72,25.47,1.396,192.4,4.85,0.47,30.5,28.93,119.48,983.39,164.86
2020-06-01,Malaysia,EU-27,2.19,43.03,841.82,989.82,969.55,58.21,23.34,1.326,198.7,4.86,0.772,24.8,42.65,148.01,928.09,166.99
2018-08-01,Indonesia,EU-27,8.16,35.43,759.6,867.28,902.8,61.4,30.09,1.233,211.8,4.29,0.803,22.0,26.13,107.69,892.42,136.76
2017-01-01,Malaysia,Pakistan,16.76,37.21,688.54,808.28,809.38,58.57,19.1,1.129,154.7,4.52,0.138,19.6,28.27,119.74,869.65,99.03
2014-07-01,Indonesia,USA,0.0,36.63,716.62,862.3,777.73,47.46,30.98,1.135,136.1,3.25,0.84,15.9,27.98,145.68,784.24,128.99
2020-06-01,Malaysia,Pakistan,18.06,43.11,843.53,959.86,1052.68,58.27,23.39,1.429,157.1,4.77,0.809,24.8,43.01,116.33,1074.42,130.73
2020-11-01,Indonesia,Pakistan,18.12,43.11,822.89,953.09,981.37,57.5,25.62,1.327,170.1,4.84,0.328,25.4,30.64,130.21,1053.15,111.33
2018-10-01,Indonesia,China,10.53,40.15,787.49,896.22,952.2,43.17,29.78,1.262,299.6,3.73,0.48,22.2,26.78,108.73,947.74,204.44
2021-03-01,Malaysia,USA,1.07,41.31,812.18,962.46,936.14,64.75,37.33,1.182,109.4,4.47,0.338,25.9,32.69,150.28,900.35,106.87
2017-05-01,Malaysia,USA,1.78,31.52,708.42,873.75,871.72,43.53,20.71,1.168,89.1,5.82,0.69,20.1,29.57,165.33,774.18,128.08
2021-02-01,Indonesia,Pakistan,19.16,46.42,782.85,871.98,960.35,60.88,41.36,1.377,192.1,6.09,0.232,25.8,31.0,89.13,1037.44,76.7
2015-12-01,Malaysia,Pakistan,16.35,38.37,750.12,906.23,887.0,51.0,26.27,1.154,134.9,6.83,0.207,18.0,28.0,156.12,947.95,117.82
2014-06-01,Indonesia,India,18.2,41.39,718.42,880.71,868.16,46.11,32.43,1.067,347.5,4.54,0.824,15.8,33.71,162.29,936.39,258.01
2024-03-01,Indonesia,EU-27,6.43,50.02,874.31,1017.92,1055.81,67.82,27.24,1.5,219.1,5.61,0.326,30.4,31.71,143.62,1012.78,158.49
2017-01-01,Malaysia,China,10.25,33.18,663.53,809.2,821.01,52.13,20.77,1.239,248.0,7.11,0.166,19.6,30.25,145.67,791.03,176.27
2024-02-01,Malaysia,EU-27,10.41,46.76,894.3,1014.22,999.1,61.94,27.29,1.386,204.9,4.87,0.183,30.2,34.43,119.92,1069.13,128.17
2015-03-01,Indonesia,Pakistan,14.74,38.1,745.17,881.6,932.39,47.3,25.09,1.102,182.2,6.52,0.299,16.9,36.27,136.43,927.54,119.21
2022-05-01,Malaysia,Pakistan,16.44,38.04,744.25,874.5,861.64,57.8,44.53,1.5,137.6,4.38,0.677,27.6,31.82,130.24,962.78,123.11
2022-11-01,Indonesia,EU-27,4.9,42.21,788.48,921.49,966.45,78.63,38.55,1.427,221.7,4.59,0.284,28.4,35.14,133.01,911.86,140.23
2022-11-01,Indonesia,EU-27,5.24,38.55,788.83,924.31,952.05,62.75,35.57,1.351,196.8,3.26,0.345,28.4,31.8,135.48,908.18,141.77
2017-12-01,Malaysia,China,10.91,36.85,718.25,866.4,865.9,54.34,24.62,1.208,244.7,4.2,0.189,21.0,32.43,148.15,864.78,160.22
2020-05-01,Malaysia,EU-27,3.53,53.76,864.0,969.71,967.0,64.94,15.28,1.4,174.5,5.14,0.654,24.6,32.64,105.71,965.97,128.11
2017-11-01,Indonesia,Pakistan,18.68,21.32,677.35,815.72,809.55,46.85,31.32,1.317,170.1,5.85,0.332,20.9,27.5,138.37,866.37,115.86
2017-08-01,Malaysia,India,12.86,33.02,702.86,905.19,848.91,52.97,26.49,1.257,271.3,3.64,0.8,20.5,27.68,202.33,860.43,234.57
2024-07-01,Malaysia,China,7.1,51.63,921.87,1059.27,1061.38,64.65,16.47,1.404,238.2,6.01,0.834,30.9,30.9,137.4,1060.29,212.08
2014-08-01,Indonesia,China,7.9,37.05,757.28,879.93,900.28,42.86,23.53,0.987,275.2,3.46,0.804,16.0,30.41,122.65,882.5,242.06
2022-10-01,Malaysia,USA,0.0,44.4,798.91,948.92,958.47,73.29,45.22,1.362,124.5,4.78,0.475,28.2,22.74,150.01,888.53,102.63
2024-01-01,Indonesia,India,19.1,54.7,907.71,1040.55,1046.97,61.24,33.33,1.468,303.7,5.37,0.142,30.1,24.52,132.84,1185.93,207.06
2015-12-01,Indonesia,India,22.19,38.23,760.34,883.97,910.87,51.8,19.31,1.041,341.8,4.52,0.197,18.0,27.84,123.63,999.4,189.67
2019-05-01,Indonesia,Pakistan,15.86,43.63,801.33,875.04,943.82,55.44,25.02,1.284,171.2,4.88,0.662,23.1,28.15,73.72,1007.98,123.42
2022-10-01,Indonesia,USA,3.89,36.79,779.77,917.0,914.73,66.24,39.48,1.434,126.5,5.26,0.511,28.2,35.42,137.23,889.35,91.32
2019-11-01,Malaysia,China,12.76,50.65,823.81,959.86,939.23,49.57,21.28,1.169,237.9,6.05,0.317,23.9,30.47,136.05,1010.02,180.7
2021-04-01,Malaysia,USA,0.98,43.21,826.64,921.91,969.26,57.54,41.01,1.411,121.3,4.84,0.509,26.0,39.8,95.28,919.77,78.82
2022-10-01,Indonesia,EU-27,11.85,46.23,785.13,928.44,923.1,55.84,39.9,1.343,201.1,5.03,0.495,28.2,29.93,143.31,974.5,156.04
2024-06-01,Indonesia,India,22.18,51.18,916.71,1041.17,1060.84,69.94,32.04,1.27,338.6,5.52,0.826,30.8,29.68,124.46,1221.66,239.24
2014-02-01,Indonesia,China,9.26,34.6,712.57,858.82,886.27,43.99,29.13,1.103,278.9,3.73,0.21,15.2,27.46,146.24,848.15,215.94
2015-04-01,Indonesia,USA,2.7,38.2,786.14,902.31,938.98,46.63,25.61,0.943,110.0,4.81,0.473,17.0,40.53,116.17,872.87,88.06
2019-08-01,Indonesia,China,8.08,53.06,816.19,921.9,939.37,53.25,26.31,1.34,306.1,5.91,0.747,23.5,28.48,105.71,967.95,233.77
2020-03-01,Malaysia,China,12.84,52.56,847.74,982.74,1024.99,60.06,23.63,1.184,256.7,5.12,0.304,24.4,26.61,135.0,1042.54,165.37
2019-04-01,Indonesia,Pakistan,17.18,52.97,811.95,925.26,979.37,63.23,26.18,1.322,192.6,5.39,0.467,23.0,31.86,113.31,1044.22,112.77
2018-01-01,Malaysia,India,6.72,26.61,690.07,815.11,803.39,53.63,29.41,1.238,269.0,4.86,0.154,21.1,32.3,125.03,796.24,198.72
2016-02-01,Indonesia,Pakistan,19.21,30.52,712.5,839.1,889.38,53.07,25.72,1.103,177.9,3.73,0.192,18.2,33.31,126.6,916.4,99.17
2016-10-01,Malaysia,India,14.57,42.19,710.18,773.43,868.58,44.82,22.3,1.11,264.6,6.04,0.502,19.2,38.64,63.25,887.52,175.14
2014-08-01,Indonesia,EU-27,3.9,49.1,738.28,878.05,844.88,45.45,30.18,1.015,218.9,5.01,0.815,16.0,24.73,139.76,849.49,180.79
2018-07-01,Malaysia,China,3.45,26.49,739.26,863.72,864.15,54.33,28.5,1.086,252.7,4.3,0.869,21.9,21.38,124.47,821.67,213.29
2022-06-01,Indonesia,China,9.06,47.34,784.05,879.93,976.2,71.18,37.79,1.256,288.4,6.53,0.773,27.8,30.0,95.88,947.93,232.29
2019-04-01,Malaysia,USA,0.0,41.98,823.56,946.66,1001.14,59.53,23.88,1.103,124.5,7.9,0.524,23.0,30.81,123.1,889.42,94.89
2014-07-01,Malaysia,USA,0.0,36.01,711.67,886.45,902.99,62.68,20.45,0.95,105.9,4.49,0.857,15.9,29.45,174.78,768.13,142.35
2020-06-01,Indonesia,USA,1.71,49.94,812.91,949.9,970.79,60.23,29.33,1.333,143.2,5.05,0.784,24.8,37.25,136.99,907.4,108.5
2017-06-01,Indonesia,India,10.83,32.69,671.7,797.85,882.12,61.39,28.94,1.127,348.5,5.89,0.801,20.2,34.91,126.16,812.72,238.07
2015-05-01,Indonesia,China,8.14,45.8,750.81,884.9,958.6,48.55,28.65,1.217,314.3,4.65,0.669,17.1,25.88,134.1,892.44,215.17
2016-09-01,Malaysia,USA,0.0,32.02,712.54,820.43,871.76,55.72,26.12,1.083,107.4,6.42,0.655,19.1,18.44,107.9,770.68,90.0
2019-08-01,Malaysia,China,11.02,37.76,824.64,960.78,926.75,63.39,16.92,1.189,243.6,7.38,0.814,23.5,20.96,136.14,976.25,199.97
2016-11-01,Indonesia,Pakistan,12.1,35.98,698.25,851.95,853.24,61.91,23.75,1.162,192.0,5.31,0.345,19.4,36.95,153.7,849.69,138.99
2018-10-01,Malaysia,EU-27,8.66,37.09,744.94,884.51,918.32,49.96,20.98,1.16,162.3,3.87,0.511,22.2,34.32,139.57,872.57,149.02
2015-05-01,Malaysia,USA,1.47,47.76,745.93,897.59,918.07,54.49,26.18,1.105,90.2,3.98,0.651,17.1,36.37,151.66,831.92,93.7
2017-09-01,Malaysia,India,9.83,37.59,678.26,797.46,867.04,56.73,26.07,1.173,256.2,3.81,0.658,20.6,30.23,119.2,814.88,218.26
2019-06-01,Indonesia,Pakistan,19.55,48.45,848.72,995.53,1025.01,48.52,28.31,1.261,201.8,5.97,0.77,23.2,29.76,146.81,1106.37,130.2
2022-09-01,Malaysia,China,17.15,50.4,797.98,943.83,950.15,68.2,37.91,1.296,241.3,3.85,0.684,28.1,24.09,145.85,1038.27,181.06
2014-08-01,Malaysia,China,15.39,30.09,749.0,830.81,878.17,41.31,36.34,1.066,239.7,5.61,0.79,16.0,22.95,81.81,940.95,183.48
2021-09-01,Indonesia,India,22.75,47.6,797.69,932.37,931.0,64.59,43.86,1.387,315.7,7.25,0.647,26.6,34.75,134.68,1091.44,244.45
2022-06-01,Indonesia,China,1.52,47.23,756.95,915.67,886.97,61.99,35.72,1.409,297.6,4.7,0.819,27.8,38.36,158.72,852.7,256.25
2019-02-01,Indonesia,India,23.77,41.16,804.3,933.88,989.78,50.65,24.18,1.278,325.7,4.98,0.195,22.8,31.53,129.59,1076.38,205.77
2017-05-01,Malaysia,China,6.71,30.16,705.18,869.14,821.99,55.03,28.0,1.208,236.0,6.19,0.683,20.1,28.79,163.96,814.54,235.69
2022-06-01,Malaysia,EU-27,5.77,48.72,765.5,895.09,919.18,66.63,39.09,1.265,178.5,4.36,0.773,27.8,26.48,129.59,902.52,146.98
2017-06-01,Malaysia,USA,0.0,38.05,709.24,852.18,822.54,54.26,26.91,1.253,102.1,5.51,0.806,20.2,21.82,142.94,774.2,115.87
2016-12-01,Indonesia,USA,0.0,43.57,693.48,847.95,856.46,47.56,26.44,1.113,139.5,5.56,0.188,19.5,32.51,154.47,763.49,103.63
2014-09-01,Indonesia,Pakistan,14.87,42.89,751.97,885.7,915.47,45.55,25.68,1.054,184.2,5.7,0.663,16.1,29.32,133.73,942.57,144.27
2021-12-01,Malaysia,Pakistan,19.66,40.16,777.32,940.21,917.47,61.1,35.17,1.412,174.3,4.6,0.2,27.0,23.44,162.88,1020.27,89.02
2015-09-01,Malaysia,Pakistan,12.59,37.24,747.42,869.17,898.65,49.7,23.96,1.055,146.3,5.34,0.7,17.6,25.63,121.75,910.42,123.29
2018-11-01,Malaysia,India,13.25,39.29,762.58,896.33,900.96,60.38,32.23,1.27,263.3,4.71,0.323,22.4,30.4,133.75,944.65,211.02
2022-02-01,Indonesia,Pakistan,14.71,33.0,782.58,870.06,923.34,52.76,41.54,1.371,192.7,4.7,0.169,27.2,32.57,87.49,983.21,110.98
2022-08-01,Malaysia,USA,0.83,42.58,757.3,867.33,919.99,68.97,42.83,1.429,101.3,4.97,0.786,28.0,30.09,110.02,849.75,105.58
2014-12-01,Indonesia,Pakistan,19.93,44.66,781.21,882.4,944.7,57.21,28.35,1.136,173.3,3.41,0.197,16.5,19.19,101.19,1024.46,100.44
2023-01-01,Indonesia,USA,0.57,44.33,798.89,956.74,920.23,71.46,27.82,1.454,126.8,2.47,0.138,28.6,25.56,157.85,876.05,90.95
2014-12-01,Indonesia,Pakistan,15.73,49.9,754.94,866.01,902.91,49.02,22.95,1.116,183.0,3.71,0.199,16.5,33.25,111.07,958.04,113.25
2024-04-01,Indonesia,China,8.21,47.24,892.18,1022.86,1060.94,67.87,24.86,1.5,305.6,6.89,0.469,30.5,38.79,130.68,1043.42,219.71
2016-11-01,Indonesia,USA,2.62,30.5,697.58,839.35,843.25,58.32,23.95,1.23,124.9,4.69,0.339,19.4,29.17,141.76,771.76,119.23
2019-08-01,Indonesia,India,16.63,45.5,845.14,989.41,977.2,53.31,26.6,1.307,329.4,4.62,0.798,23.5,30.76,144.26,1069.77,241.74
2021-04-01,Malaysia,India,20.43,37.32,822.94,927.29,1040.23,66.75,38.19,1.265,274.8,3.87,0.487,26.0,25.49,104.35,1082.03,173.88
2017-08-01,Indonesia,USA,0.0,31.73,711.36,876.6,888.74,60.95,22.89,1.212,135.8,4.72,0.829,20.5,32.02,165.24,765.97,133.46
2021-11-01,Malaysia,USA,6.03,28.32,768.32,890.21,980.5,66.46,47.58,1.193,92.8,3.05,0.33,26.9,29.91,121.89,895.1,83.87
2023-04-01,Indonesia,China,10.32,45.26,842.69,937.52,987.87,60.1,22.47,1.5,299.8,4.38,0.495,29.0,38.09,94.84,1004.42,209.2
2018-01-01,Malaysia,India,10.18,38.41,705.06,824.45,869.26,59.13,22.37,1.143,252.7,3.32,0.132,21.1,29.87,119.39,843.78,185.01
2023-08-01,Malaysia,India,18.97,43.78,857.33,1016.37,1009.92,63.58,22.0,1.482,264.8,5.74,0.819,29.5,30.83,159.05,1098.22,216.69
2019-10-01,Indonesia,China,8.37,46.95,828.2,974.49,996.96,59.97,22.19,1.206,299.9,4.97,0.463,23.8,32.28,146.29,972.48,228.07
2023-12-01,Indonesia,USA,0.0,37.95,848.78,977.96,992.35,61.19,26.42,1.417,121.4,4.89,0.183,30.0,36.45,129.17,913.15,78.48
2024-07-01,Indonesia,China,13.84,57.37,948.7,1078.04,1080.44,63.43,22.96,1.489,266.0,3.47,0.835,30.9,26.13,129.34,1171.49,228.97
2022-04-01,Malaysia,Pakistan,14.16,47.49,794.19,950.05,915.05,64.65,39.67,1.375,184.1,3.51,0.505,27.5,30.44,155.86,1006.14,96.11
2018-06-01,Indonesia,USA,3.33,39.36,774.63,922.55,915.65,62.31,29.75,1.291,143.7,3.96,0.801,21.8,32.38,147.92,871.84,122.41
2024-11-01,Indonesia,USA,0.0,45.65,935.57,1080.37,1093.81,64.42,22.58,1.5,121.5,3.61,0.331,31.4,29.45,144.81,1003.8,96.58
2024-03-01,Malaysia,China,9.95,46.95,927.7,1034.99,1097.45,71.27,29.23,1.5,268.5,4.36,0.334,30.4,27.33,107.29,1103.82,152.11
2020-04-01,Malaysia,USA,3.02,49.45,829.82,987.69,999.66,60.86,29.03,1.273,98.2,4.14,0.528,24.5,23.62,157.86,935.74,107.24
2017-03-01,Malaysia,USA,3.62,37.93,698.77,819.46,837.36,53.82,21.66,1.167,122.1,4.56,0.282,19.9,29.02,120.69,785.84,65.43
2024-05-01,Malaysia,USA,0.0,45.41,914.95,1033.01,1090.69,70.48,28.04,1.402,99.9,3.82,0.672,30.6,35.85,118.06,988.4,93.28
2017-06-01,Malaysia,Pakistan,16.48,26.28,680.75,841.22,822.78,54.33,25.39,1.124,171.9,6.55,0.788,20.2,36.4,160.48,853.14,127.58
2022-07-01,Malaysia,China,5.57,45.72,763.13,880.97,891.51,66.72,43.01,1.392,247.0,4.24,0.855,27.9,35.44,117.84,899.32,198.56
2021-11-01,Malaysia,India,15.7,35.01,752.97,878.35,888.56,58.4,37.63,1.335,267.0,5.56,0.338,26.9,22.33,125.38,955.21,187.59
2023-12-01,Indonesia,USA,0.03,49.36,892.54,1035.86,1030.36,58.52,21.51,1.353,131.4,4.57,0.189,30.0,29.58,143.32,963.66,88.71
2023-07-01,Indonesia,Pakistan,16.47,40.57,838.74,987.61,1019.67,61.43,23.27,1.406,178.6,5.02,0.859,29.4,23.47,148.87,1051.28,135.78
2022-05-01,Indonesia,EU-27,8.01,31.67,762.79,912.01,936.89,55.0,38.39,1.376,218.5,4.63,0.655,27.6,24.08,149.22,899.57,157.88
2017-02-01,Indonesia,India,16.97,36.02,680.07,782.57,810.25,44.79,22.26,1.305,365.6,4.82,0.181,19.8,31.37,102.5,863.63,194.26
2019-07-01,Indonesia,India,16.26,45.3,831.34,971.43,1002.14,53.53,23.5,1.327,335.9,5.84,0.826,23.4,35.01,140.09,1046.49,230.27
2019-01-01,Indonesia,Pakistan,14.66,38.81,768.92,907.82,949.78,56.06,26.08,1.322,206.0,3.8,0.159,22.6,25.73,138.9,956.01,93.61
2017-03-01,Malaysia,India,12.25,36.35,708.6,834.22,876.52,56.52,26.82,1.067,279.8,4.09,0.304,19.9,34.27,125.62,866.28,186.48
2014-01-01,Malaysia,India,6.29,37.59,707.44,827.72,889.43,57.09,26.71,1.05,252.9,3.72,0.137,15.1,31.07,120.28,820.26,188.57
2024-08-01,Indonesia,EU-27,8.57,54.02,919.41,1045.62,1025.02,68.98,30.15,1.499,214.7,4.96,0.817,31.0,22.11,126.21,1089.61,150.18
2023-01-01,Indonesia,China,11.31,39.82,834.25,947.25,971.05,76.58,26.71,1.327,302.6,4.0,0.187,28.6,32.1,113.0,1002.7,194.9
2016-12-01,Indonesia,China,1.69,29.83,683.77,815.86,821.3,63.87,25.68,1.146,300.6,4.75,0.194,19.5,31.21,132.09,751.75,217.68
2018-06-01,Indonesia,Pakistan,14.34,34.7,770.15,880.34,938.9,58.3,25.51,1.125,203.8,4.55,0.781,21.8,29.56,110.2,949.43,139.48
2021-12-01,Indonesia,EU-27,5.34,37.91,773.66,902.99,938.09,62.6,40.81,1.393,203.4,3.72,0.195,27.0,26.75,129.33,897.88,136.09
2021-12-01,Malaysia,China,4.37,43.31,805.12,945.44,986.0,60.22,45.6,1.289,234.3,5.39,0.187,27.0,38.33,140.32,933.12,204.01
2015-05-01,Malaysia,China,6.74,36.74,761.31,888.0,908.32,54.9,21.41,1.143,250.7,5.44,0.691,17.1,39.96,126.69,874.66,212.48
2024-05-01,Indonesia,India,17.74,53.5,918.85,1040.29,1086.3,67.54,21.33,1.413,320.8,6.34,0.642,30.6,22.02,121.44,1169.95,242.23
2019-03-01,Malaysia,USA,2.87,48.42,785.58,921.34,953.41,57.48,20.96,1.259,83.9,3.99,0.339,22.9,29.77,135.76,879.46,68.32
2019-10-01,Malaysia,China,13.44,52.16,856.9,968.74,992.52,63.17,28.59,1.263,248.7,5.07,0.495,23.8,34.45,111.84,1063.62,162.78
2020-10-01,Malaysia,EU-27,5.55,47.58,824.35,959.25,1014.38,58.78,28.22,1.268,176.8,5.35,0.477,25.2,36.32,134.9,950.07,148.48
2023-07-01,Indonesia,Pakistan,15.73,38.15,833.56,990.67,998.92,62.83,26.52,1.337,201.2,5.39,0.861,29.4,23.39,157.11,1039.53,137.06
2023-10-01,Indonesia,EU-27,3.8,40.21,850.57,967.39,1011.62,67.49,27.13,1.434,238.2,4.84,0.536,29.8,24.15,116.82,952.81,131.81
2018-10-01,Indonesia,China,5.18,34.11,746.85,868.54,868.65,65.76,23.57,1.024,300.3,3.89,0.516,22.2,34.71,121.7,846.2,226.18
2024-03-01,Indonesia,India,22.58,44.26,898.91,1035.32,1058.06,67.22,26.79,1.474,334.7,4.87,0.3,30.4,23.41,136.41,1189.0,193.46
2019-05-01,Malaysia,EU-27,4.29,53.33,830.05,930.74,1028.18,65.95,22.45,1.316,175.7,2.99,0.662,23.1,29.13,100.69,944.67,130.33
2018-02-01,Malaysia,Pakistan,14.53,37.84,714.46,842.16,900.77,51.83,24.89,1.258,143.4,3.28,0.191,21.2,29.64,127.69,890.11,94.36
2019-09-01,Malaysia,India,22.68,49.65,837.09,990.83,988.4,52.49,19.88,1.239,256.1,1.94,0.65,23.6,30.53,153.74,1112.2,193.27
2015-10-01,Malaysia,China,12.02,35.89,724.21,805.15,854.06,48.17,30.53,0.991,260.5,5.52,0.46,17.8,36.61,80.95,885.65,172.85
2016-07-01,Indonesia,Pakistan,16.99,34.32,721.73,851.71,889.96,48.89,27.75,1.122,178.3,4.5,0.872,18.9,32.74,129.98,916.97,144.37
2022-07-01,Malaysia,USA,0.0,37.87,771.92,897.43,952.11,63.45,39.64,1.338,104.1,3.8,0.842,27.9,35.83,125.51,849.43,103.86
2017-07-01,Indonesia,EU-27,6.84,35.05,733.88,845.95,906.65,53.04,27.36,1.092,218.2,4.77,0.835,20.4,32.65,112.06,850.79,162.64
2021-10-01,Indonesia,USA,2.55,39.62,772.01,913.06,948.04,63.03,45.3,1.296,152.4,4.08,0.5,26.8,24.03,141.05,878.74,110.61
2021-11-01,Malaysia,USA,3.71,40.48,782.94,925.33,935.74,68.91,34.68,1.326,79.3,4.62,0.353,26.9,33.96,142.39,889.9,101.53
2017-08-01,Indonesia,India,15.43,38.37,688.22,840.5,833.19,66.32,29.22,1.164,323.3,5.13,0.813,20.5,27.14,152.28,872.41,254.96
2017-08-01,Malaysia,EU-27,2.53,37.31,713.33,858.28,865.62,55.89,27.65,1.146,176.2,4.77,0.812,20.5,22.28,144.94,798.01,157.61
2017-06-01,Indonesia,USA,0.0,33.41,693.8,858.55,850.48,65.13,24.51,1.083,130.5,5.22,0.814,20.2,40.85,164.76,751.71,149.22
2021-12-01,Indonesia,China,7.18,39.56,799.17,939.7,929.77,60.05,36.68,1.31,306.2,3.06,0.201,27.0,32.57,140.53,938.29,205.52
2016-03-01,Malaysia,India,18.73,30.61,708.26,805.07,873.77,57.57,31.85,1.194,266.1,6.19,0.344,18.4,35.71,96.81,915.06,196.14
2015-12-01,Malaysia,Pakistan,17.62,36.4,764.16,902.05,854.56,42.34,22.05,1.18,163.2,5.67,0.194,18.0,43.4,137.88,967.55,88.14
2023-12-01,Indonesia,Pakistan,16.69,61.69,891.52,1057.5,1022.09,63.76,25.15,1.397,206.7,4.86,0.193,30.0,26.95,165.98,1141.67,115.25
2021-08-01,Indonesia,USA,0.0,41.94,808.76,938.24,992.81,63.99,41.93,1.32,120.7,5.41,0.8,26.5,30.17,129.48,892.63,122.93
2024-12-01,Malaysia,Pakistan,15.48,62.37,950.94,1018.41,1111.88,73.29,20.3,1.5,156.4,6.25,0.217,31.5,37.57,67.47,1193.65,70.07
2022-06-01,Indonesia,USA,0.11,39.03,790.54,928.85,929.97,64.9,40.93,1.415,98.2,5.3,0.818,27.8,37.26,138.32,871.45,107.69
2022-10-01,Malaysia,India,15.25,35.09,777.58,881.41,916.01,62.1,39.51,1.3,252.5,4.87,0.53,28.2,33.67,103.83,982.15,200.64
2015-03-01,Malaysia,USA,0.85,32.18,724.93,853.14,817.09,49.51,21.97,0.927,102.3,6.22,0.295,16.9,33.95,128.22,785.67,97.81
2016-01-01,Indonesia,EU-27,5.56,40.57,741.07,902.55,932.73,47.11,19.85,1.079,215.6,4.18,0.162,18.1,27.0,161.49,846.02,158.46
2017-07-01,Indonesia,China,15.13,34.47,702.98,876.52,844.86,49.24,29.78,1.112,299.1,6.2,0.853,20.4,30.72,173.55,883.3,233.5
2014-01-01,Malaysia,India,11.87,25.83,653.69,808.11,822.15,43.53,25.61,1.035,292.7,3.86,0.141,15.1,24.49,154.43,788.82,187.03
2023-10-01,Indonesia,Pakistan,16.15,44.15,840.48,958.82,993.19,61.16,25.06,1.5,193.8,5.28,0.511,29.8,33.06,118.34,1056.6,116.53
2023-06-01,Indonesia,China,15.99,46.53,839.68,984.64,1004.02,68.41,29.18,1.262,325.1,4.86,0.786,29.2,29.02,144.95,1061.81,222.21
2017-12-01,Malaysia,India,9.44,33.77,722.04,842.59,874.28,55.81,26.31,1.265,276.6,4.14,0.205,21.0,38.54,120.56,855.96,198.06
2024-10-01,Indonesia,Pakistan,17.76,56.45,917.22,1042.64,1052.42,69.48,25.66,1.5,214.6,4.36,0.494,31.2,36.02,125.42,1176.76,99.38
2022-07-01,Malaysia,EU-27,5.78,42.44,803.9,954.18,946.21,63.18,44.06,1.338,176.9,5.27,0.817,27.9,31.33,150.28,941.83,180.6
2020-12-01,Indonesia,China,10.34,50.78,816.15,954.32,1010.69,55.36,22.74,1.383,311.9,3.51,0.219,25.5,27.03,138.16,981.68,199.09
2022-02-01,Indonesia,India,23.28,40.66,794.34,936.96,939.25,60.59,35.21,1.467,316.3,4.71,0.203,27.2,32.28,142.62,1072.79,210.34
2020-03-01,Malaysia,Pakistan,14.74,49.58,832.93,976.4,1017.76,61.79,26.08,1.351,149.7,4.29,0.305,24.4,27.67,143.46,1042.54,105.88
2022-02-01,Indonesia,USA,0.0,33.91,760.21,858.1,871.32,61.53,41.36,1.368,138.7,5.39,0.224,27.2,31.9,97.9,835.47,82.3
2019-11-01,Indonesia,EU-27,6.3,51.64,847.45,991.81,948.17,59.59,23.2,1.283,234.9,4.77,0.298,23.9,40.87,144.36,980.35,148.05
2015-10-01,Malaysia,USA,0.0,33.72,732.11,890.66,931.4,51.38,26.13,1.082,128.8,3.48,0.478,17.8,28.45,158.55,791.96,102.51
2016-10-01,Malaysia,Pakistan,23.13,26.0,694.36,841.64,860.69,51.46,25.07,1.075,164.0,2.85,0.525,19.2,35.03,147.28,917.89,98.13
2014-06-01,Malaysia,India,9.12,36.16,716.7,843.9,894.04,38.71,27.32,0.959,276.6,4.18,0.798,15.8,35.12,127.2,851.32,229.41
2015-05-01,Malaysia,EU-27,9.08,39.81,745.6,888.68,874.93,48.97,21.28,1.093,192.8,4.97,0.692,17.1,27.41,143.07,879.94,142.07
2024-02-01,Malaysia,EU-27,2.78,50.71,867.92,969.53,1060.5,69.16,22.06,1.403,161.8,3.79,0.206,30.2,30.47,101.61,966.88,116.46
2021-12-01,Malaysia,China,4.48,53.03,811.78,901.86,947.57,62.71,40.12,1.351,252.3,5.17,0.18,27.0,36.58,90.08,945.51,167.04
2016-06-01,Indonesia,EU-27,9.31,40.7,742.61,855.54,900.42,53.24,28.51,1.128,184.5,4.94,0.804,18.8,33.83,112.93,887.37,166.84
2017-04-01,Indonesia,USA,0.9,33.25,674.04,820.75,817.77,53.6,20.28,1.242,134.3,4.6,0.509,20.0,31.18,146.71,734.09,120.94
2018-03-01,Malaysia,China,10.38,32.98,728.37,808.69,875.64,64.25,24.09,1.217,239.8,5.27,0.314,21.4,24.88,80.33,866.98,181.97
2019-03-01,Malaysia,China,8.19,42.3,796.8,949.74,942.15,54.55,25.28,1.233,244.9,3.83,0.304,22.9,24.55,152.94,935.19,179.68
2024-10-01,Malaysia,China,8.31,49.24,940.41,1051.24,1129.68,65.93,28.29,1.484,236.8,3.77,0.508,31.2,31.32,110.83,1102.58,172.9
2018-03-01,Indonesia,China,4.24,27.69,723.22,886.47,887.54,55.28,30.19,1.232,319.5,5.73,0.318,21.4,18.5,163.24,814.26,248.18
2018-06-01,Indonesia,USA,0.0,31.74,719.62,828.38,852.34,51.71,25.82,1.198,129.6,4.13,0.796,21.8,22.07,108.76,777.18,95.62
2014-02-01,Malaysia,China,8.61,35.09,685.54,805.75,895.11,52.15,29.68,1.028,232.5,4.66,0.177,15.2,28.35,120.21,814.95,177.22
2022-12-01,Indonesia,China,7.74,44.69,819.04,929.76,946.61,66.41,35.03,1.467,302.0,6.04,0.189,28.5,32.25,110.73,968.28,212.15
2015-04-01,Indonesia,India,8.83,38.87,738.0,882.25,926.77,48.0,26.13,0.952,340.0,5.33,0.471,17.0,39.45,144.25,873.89,257.97
2024-11-01,Indonesia,EU-27,0.0,49.77,897.39,1040.21,1012.44,65.85,31.04,1.5,225.8,5.33,0.348,31.4,29.05,142.82,978.21,153.33
2022-08-01,Malaysia,USA,1.41,27.95,784.37,939.84,897.77,60.04,37.87,1.418,102.6,3.5,0.778,28.0,21.94,155.47,862.18,110.67
2023-02-01,Malaysia,EU-27,10.61,51.17,830.75,931.75,997.82,66.39,25.08,1.45,171.1,6.85,0.22,28.8,30.85,101.0,1003.24,108.98
2023-05-01,Indonesia,India,26.62,54.53,860.01,941.75,1022.92,62.37,26.13,1.5,356.5,4.87,0.724,29.1,29.84,81.74,1191.08,181.14
2018-11-01,Malaysia,Pakistan,16.17,42.0,790.04,900.6,948.1,59.32,27.73,1.07,154.9,3.42,0.324,22.4,36.53,110.56,998.77,89.7
2022-12-01,Malaysia,USA,4.86,47.89,816.13,927.58,950.71,60.71,42.71,1.337,86.6,6.03,0.235,28.5,21.22,111.45,950.78,97.62
2017-01-01,Indonesia,USA,0.0,35.64,691.67,782.62,778.28,58.7,30.53,1.133,156.3,3.97,0.142,19.6,25.49,90.96,757.84,73.5
2014-01-01,Malaysia,Pakistan,14.15,30.31,695.25,848.2,822.7,46.49,24.29,0.957,160.3,4.21,0.159,15.1,27.05,152.95,855.95,100.47
2014-09-01,Indonesia,USA,0.0,30.49,728.01,847.02,880.54,43.41,25.82,0.967,130.4,5.27,0.648,16.1,29.78,119.0,784.32,115.66
2018-03-01,Malaysia,India,12.27,31.54,731.25,885.83,878.66,46.31,23.07,1.106,266.3,4.2,0.277,21.4,33.5,154.57,882.29,212.45
2020-02-01,Malaysia,China,9.05,44.54,856.19,966.31,1038.17,53.47,26.75,1.301,269.2,5.49,0.188,24.2,33.06,110.12,1011.37,175.72
2015-12-01,Indonesia,China,2.6,39.47,781.16,907.71,928.84,58.16,28.78,1.164,268.1,3.46,0.147,18.0,34.36,126.54,871.53,212.91
2021-01-01,Indonesia,India,21.1,41.35,844.85,996.13,956.44,49.48,45.86,1.316,334.6,4.49,0.137,25.6,30.29,151.27,1128.69,214.72
2019-12-01,Indonesia,China,11.12,51.56,831.51,939.53,933.04,63.46,26.01,1.348,285.8,2.89,0.182,24.0,28.97,108.02,1010.17,182.95
2024-11-01,Indonesia,USA,0.0,54.66,954.47,1092.78,1098.8,68.57,34.04,1.433,140.1,4.08,0.322,31.4,39.88,138.3,1043.18,84.74
2014-05-01,Malaysia,India,11.86,34.72,703.47,831.45,845.03,43.65,31.0,0.945,264.8,5.35,0.676,15.6,30.32,127.98,860.43,207.03
2020-12-01,Indonesia,India,25.67,44.92,837.56,974.17,924.94,62.22,26.76,1.382,340.9,5.96,0.197,25.5,18.74,136.61,1142.65,211.61
2021-11-01,Malaysia,India,15.33,40.51,807.29,922.41,953.06,63.53,40.45,1.363,290.9,6.34,0.308,26.9,30.56,115.12,1024.47,193.62
2014-03-01,Indonesia,Pakistan,18.12,43.64,729.36,874.02,898.22,43.81,25.17,1.02,185.1,2.49,0.325,15.4,31.51,144.66,942.78,104.67
2017-09-01,Indonesia,EU-27,6.48,39.13,691.96,823.65,831.61,57.51,30.54,1.193,206.9,4.53,0.685,20.6,32.42,131.69,810.95,159.63
2020-09-01,Malaysia,USA,0.0,46.73,839.97,978.54,976.45,64.25,25.89,1.437,126.1,6.17,0.66,25.1,28.08,138.57,912.58,95.19
2022-06-01,Indonesia,China,8.97,42.54,789.0,920.9,954.33,63.96,48.61,1.353,327.8,5.65,0.81,27.8,32.77,131.89,959.11,205.77
2015-06-01,Indonesia,EU-27,2.13,35.99,753.38,864.16,900.52,52.44,23.31,1.001,202.7,4.18,0.821,17.2,26.42,110.77,829.99,173.95
2021-12-01,Indonesia,India,22.41,39.6,773.0,906.19,922.46,66.73,40.07,1.288,352.0,7.76,0.19,27.0,30.24,133.19,1043.72,225.89
2020-08-01,Indonesia,India,22.31,49.33,855.99,1015.17,956.85,58.42,25.93,1.187,329.0,5.62,0.797,25.0,30.46,159.19,1139.03,258.09
2020-08-01,Malaysia,USA,0.0,47.08,847.26,971.23,981.64,59.11,28.23,1.385,114.7,5.19,0.798,25.0,25.63,123.97,922.57,96.41
2014-03-01,Malaysia,USA,3.55,31.54,727.77,867.16,859.44,49.0,20.68,0.921,94.1,5.4,0.297,15.4,28.51,139.39,807.64,92.51
2018-02-01,Malaysia,Pakistan,13.68,47.67,722.06,867.41,875.8,49.76,21.16,1.216,188.3,4.53,0.234,21.2,26.56,145.35,899.07,75.91
2022-01-01,Malaysia,China,7.8,46.17,766.47,887.29,944.22,59.58,37.01,1.411,223.1,3.83,0.146,27.1,36.05,120.82,915.9,165.8
2017-09-01,Malaysia,EU-27,3.33,30.51,713.34,854.38,893.78,46.17,30.9,1.144,187.3,5.34,0.658,20.6,27.07,141.04,800.55,173.56
2018-01-01,Indonesia,India,11.93,34.95,694.02,817.12,842.73,51.44,22.62,1.129,318.4,4.72,0.169,21.1,37.53,123.09,841.24,221.08
2016-01-01,Malaysia,EU-27,0.91,38.73,746.11,850.02,891.01,53.3,22.41,1.117,205.7,4.68,0.128,18.1,31.19,103.92,814.57,109.61
2014-12-01,Malaysia,EU-27,2.85,33.8,734.13,862.56,894.44,59.95,29.18,1.193,178.0,3.09,0.205,16.5,27.38,128.43,819.83,118.56
2020-09-01,Malaysia,China,7.51,44.37,832.32,972.42,1021.15,56.62,25.48,1.362,250.7,3.4,0.662,25.1,26.86,140.1,969.92,172.78
2014-02-01,Malaysia,India,13.46,28.49,711.56,844.47,846.42,52.81,28.44,1.104,271.0,4.73,0.199,15.2,23.91,132.91,871.96,185.47
2015-10-01,Indonesia,Pakistan,18.77,36.67,763.02,894.63,898.5,47.13,26.53,0.95,181.1,4.69,0.519,17.8,25.39,131.61,981.34,113.58
2015-08-01,Indonesia,Pakistan,15.54,49.8,763.53,834.57,905.31,55.51,24.97,1.086,169.4,5.09,0.764,17.5,33.47,71.04,968.59,137.51
2018-11-01,Malaysia,USA,0.0,43.82,778.32,871.47,931.33,60.13,29.25,1.243,135.3,6.15,0.338,22.4,31.78,93.16,851.39,67.72
2024-02-01,Malaysia,EU-27,5.6,47.86,884.65,989.81,1101.65,69.91,25.01,1.5,168.6,5.38,0.19,30.2,39.7,105.16,1011.18,116.58
2016-07-01,Indonesia,China,9.71,35.42,733.6,833.91,883.11,49.04,28.14,0.956,314.7,5.54,0.87,18.9,34.48,100.31,874.54,233.39
2019-09-01,Malaysia,Pakistan,16.9,50.0,823.05,958.18,962.86,60.0,27.59,1.324,185.3,3.77,0.698,23.6,25.6,135.12,1052.82,97.81
2023-05-01,Indonesia,India,22.46,35.93,774.36,885.9,919.52,63.42,22.96,1.28,338.1,3.91,0.661,29.1,32.82,111.54,1020.4,222.16
2016-08-01,Malaysia,China,10.09,42.12,717.28,857.37,888.91,61.39,28.52,1.187,262.4,5.29,0.825,19.0,26.51,140.09,867.43,182.39
2024-04-01,Indonesia,Pakistan,13.5,51.63,901.26,1044.73,1066.68,65.59,28.21,1.5,193.4,4.53,0.52,30.5,30.33,143.47,1113.54,113.74
2020-11-01,Malaysia,USA,3.81,49.27,824.33,965.23,979.93,61.85,31.98,1.229,122.5,6.45,0.292,25.4,29.9,140.9,940.08,95.1
2024-12-01,Indonesia,USA,1.3,56.23,985.67,1106.15,1152.22,64.81,25.01,1.457,134.7,5.64,0.177,31.5,29.76,120.48,1080.77,82.35
2021-09-01,Malaysia,EU-27,3.18,38.98,798.5,969.48,964.7,59.95,37.46,1.367,181.4,5.62,0.688,26.6,36.23,170.99,902.78,168.66
2015-10-01,Indonesia,India,11.27,44.59,756.88,910.74,891.13,50.54,33.86,1.059,301.1,3.84,0.487,17.8,23.37,153.85,929.44,235.41
2023-04-01,Malaysia,China,5.36,37.13,828.6,945.53,901.2,59.42,25.86,1.446,272.4,4.87,0.459,29.0,26.26,116.92,939.36,189.16
2016-05-01,Indonesia,India,20.84,43.25,748.24,874.37,925.19,50.51,27.88,0.932,337.8,3.57,0.682,18.6,36.39,126.13,990.15,240.34
2019-03-01,Indonesia,India,20.28,37.02,818.32,977.67,948.34,59.09,21.72,1.173,346.7,4.65,0.315,22.9,25.33,159.35,1054.9,227.49
2019-09-01,Malaysia,India,21.88,39.54,812.71,937.3,943.56,49.22,30.78,1.323,280.8,5.41,0.663,23.6,39.29,124.59,1076.26,195.11
2016-11-01,Malaysia,China,10.36,41.93,704.65,857.27,823.83,52.1,21.37,1.188,242.0,4.13,0.307,19.4,26.72,152.62,847.51,184.14
2018-12-01,Indonesia,USA,4.82,40.63,761.64,906.97,923.78,49.46,29.06,1.308,146.2,4.67,0.211,22.5,20.95,145.33,871.4,97.0
2020-04-01,Indonesia,EU-27,4.5,42.56,876.27,987.61,1009.94,59.91,30.81,1.25,209.9,5.1,0.488,24.5,37.25,111.34,992.33,142.24
2022-12-01,Indonesia,Pakistan,19.74,44.99,795.33,931.59,994.0,63.69,37.34,1.368,209.9,5.37,0.183,28.5,28.44,136.26,1050.88,93.07
2024-04-01,Indonesia,India,18.97,48.12,927.13,1056.8,1080.74,69.42,30.81,1.5,330.6,5.6,0.511,30.5,34.72,129.67,1196.89,215.52
2014-09-01,Malaysia,EU-27,4.64,31.26,747.44,915.11,897.03,49.83,27.41,0.928,174.3,4.89,0.676,16.1,23.51,167.67,843.5,169.92
2020-01-01,Indonesia,China,5.38,45.6,856.82,963.25,1029.29,59.12,22.78,1.298,316.6,3.72,0.153,24.1,30.69,106.44,974.98,169.44
2016-06-01,Malaysia,USA,0.0,38.17,723.38,840.26,910.79,53.6,24.94,1.102,124.4,4.89,0.837,18.8,30.53,116.88,786.49,97.83
2018-02-01,Indonesia,EU-27,8.76,28.47,680.45,799.95,813.18,60.63,22.6,1.247,185.2,5.88,0.211,21.2,18.6,119.51,795.57,146.52
2016-03-01,Malaysia,USA,1.77,36.01,737.73,857.47,913.36,55.03,29.84,1.057,100.8,6.67,0.315,18.4,19.84,119.73,817.85,97.84
2024-09-01,Indonesia,Pakistan,15.88,53.36,952.28,1064.89,1094.38,62.63,27.61,1.5,182.0,6.14,0.694,31.1,32.52,112.61,1197.38,128.77
2024-11-01,Indonesia,Pakistan,10.28,58.22,962.89,1113.96,1098.8,68.5,26.6,1.5,178.1,5.32,0.305,31.4,29.45,151.07,1155.38,111.08
2022-02-01,Malaysia,China,9.39,39.81,800.31,936.07,951.39,59.64,43.92,1.356,280.5,4.72,0.199,27.2,32.64,135.76,967.09,174.58
2015-05-01,Malaysia,EU-27,2.2,39.19,773.72,936.87,914.9,52.95,22.43,1.151,168.5,5.24,0.688,17.1,45.55,163.14,853.73,172.0
2016-05-01,Indonesia,Pakistan,15.0,37.51,709.51,866.2,856.01,56.85,22.0,1.092,196.8,4.81,0.694,18.6,33.34,156.69,884.38,132.62
2019-10-01,Malaysia,India,17.22,58.18,872.79,1018.12,1007.19,55.31,21.65,1.265,279.5,6.02,0.493,23.8,25.19,145.33,1116.62,197.25
2016-01-01,Malaysia,China,11.2,45.6,764.25,902.85,898.9,52.56,28.64,1.19,226.8,2.59,0.106,18.1,35.58,138.59,932.42,163.86
2016-05-01,Malaysia,India,19.57,35.68,713.14,822.6,855.99,59.91,29.99,1.113,258.5,6.28,0.663,18.6,37.68,109.46,931.19,207.77
2020-06-01,Malaysia,China,3.87,46.01,853.57,993.77,977.66,59.7,31.7,1.273,265.6,4.5,0.781,24.8,33.33,140.21,967.3,219.83
2021-07-01,Malaysia,EU-27,5.27,34.42,791.69,926.78,936.27,63.08,38.8,1.353,172.2,3.31,0.874,26.4,25.14,135.1,910.5,137.26
2024-08-01,Malaysia,USA,1.33,53.02,925.73,1051.19,1084.5,76.21,25.6,1.46,112.3,4.52,0.797,31.0,34.1,125.46,1017.72,90.55
2019-07-01,Malaysia,EU-27,8.01,48.67,828.15,976.93,987.94,56.95,26.16,1.365,181.4,5.19,0.826,23.4,21.58,148.78,975.29,148.33
2021-09-01,Malaysia,USA,0.2,49.41,804.16,962.23,1002.57,75.16,43.42,1.419,116.4,5.75,0.648,26.6,29.86,158.08,898.77,108.95
2018-04-01,Malaysia,USA,1.08,42.15,697.18,799.59,845.67,52.26,23.51,1.178,119.8,4.13,0.486,21.5,27.78,102.41,771.11,82.4
2023-04-01,Malaysia,China,9.19,43.77,793.09,946.59,954.97,68.85,20.8,1.5,240.2,4.67,0.55,29.0,28.9,153.5,936.47,194.51
2022-04-01,Malaysia,India,16.79,40.22,757.73,932.52,923.94,62.92,41.66,1.395,288.0,3.93,0.48,27.5,35.22,174.79,980.54,217.2
2017-04-01,Malaysia,Pakistan,13.07,36.23,704.07,864.87,835.82,47.68,27.39,1.198,145.6,4.02,0.511,20.0,39.95,160.8,868.0,113.64
2019-07-01,Malaysia,China,16.23,47.96,823.61,966.92,944.12,58.45,25.66,1.272,246.7,5.03,0.842,23.4,32.47,143.31,1042.84,194.98
2020-03-01,Malaysia,EU-27,2.4,41.78,845.61,997.98,1013.18,62.03,26.89,1.235,181.6,2.64,0.315,24.4,38.98,152.37,936.21,140.95
2015-10-01,Malaysia,China,11.8,30.37,708.77,820.84,847.54,55.59,29.99,1.055,264.0,3.77,0.498,17.8,27.55,112.06,859.91,183.12
2016-07-01,Indonesia,Pakistan,23.28,33.78,705.26,863.71,850.9,54.15,25.26,1.202,188.7,5.12,0.87,18.9,30.0,158.45,942.24,140.43
2018-06-01,Malaysia,EU-27,6.64,33.44,734.31,880.66,826.35,56.31,26.3,1.161,165.3,4.39,0.789,21.8,33.42,146.34,846.81,162.55
2017-05-01,Indonesia,China,7.92,34.51,672.25,793.25,779.43,57.99,31.0,1.244,284.7,5.11,0.697,20.1,33.48,121.0,796.22,240.36
2022-11-01,Malaysia,China,10.61,45.57,814.81,926.29,982.54,60.73,34.47,1.397,250.7,4.36,0.331,28.4,34.03,111.49,989.81,169.09
2018-08-01,Malaysia,India,13.56,44.92,756.23,890.65,879.4,59.76,26.19,1.085,249.2,5.54,0.792,22.0,32.18,134.42,939.49,222.99
2019-08-01,Indonesia,USA,0.79,43.46,827.12,978.7,944.15,56.87,13.58,1.281,139.6,3.79,0.759,23.5,26.61,151.58,891.18,120.48
2019-08-01,Indonesia,Pakistan,21.4,38.33,828.61,983.54,950.05,53.62,29.34,1.226,179.8,4.29,0.781,23.5,34.54,154.93,1088.1,131.18
2015-08-01,Malaysia,China,13.22,41.93,772.31,882.02,890.43,54.88,23.96,1.079,253.1,4.71,0.785,17.5,35.32,109.71,949.03,194.58
2022-06-01,Indonesia,India,25.98,37.91,803.76,906.19,942.75,62.99,38.03,1.498,346.4,3.69,0.817,27.8,34.16,102.43,1108.21,209.89
2019-11-01,Malaysia,India,17.35,36.52,849.96,997.4,1036.09,54.52,38.56,1.258,287.5,3.56,0.345,23.9,39.29,147.44,1085.57,177.37
2024-05-01,Indonesia,China,11.29,59.08,894.84,1024.16,1087.16,63.88,22.61,1.5,289.1,5.23,0.713,30.6,25.33,129.33,1086.8,218.71
2018-03-01,Indonesia,USA,0.0,37.99,729.86,853.3,923.93,58.07,31.84,1.231,136.3,4.5,0.323,21.4,30.05,123.44,799.7,69.58
2015-06-01,Malaysia,India,8.78,34.24,766.44,914.27,916.78,53.4,27.72,1.052,250.9,5.15,0.778,17.2,43.51,147.83,901.17,212.47
2021-06-01,Indonesia,India,17.47,45.99,816.42,939.06,939.54,63.33,35.22,1.319,311.5,7.62,0.77,26.2,30.05,122.65,1054.4,264.49
2021-12-01,Indonesia,Pakistan,20.58,41.08,797.12,934.16,970.82,57.37,40.47,1.468,172.2,5.71,0.205,27.0,28.93,137.04,1059.49,96.7
2017-11-01,Indonesia,USA,0.0,40.43,713.25,852.25,878.65,60.7,31.96,1.198,117.1,3.6,0.334,20.9,24.47,139.0,785.65,80.08
2023-02-01,Malaysia,India,18.08,46.75,827.64,961.1,959.8,56.33,23.12,1.417,268.1,3.08,0.199,28.8,32.18,133.47,1059.77,174.04
2021-11-01,Malaysia,China,5.81,45.17,763.3,856.7,928.89,70.97,40.17,1.266,231.2,4.82,0.317,26.9,23.44,93.4,897.97,163.21
2014-05-01,Indonesia,USA,2.26,30.98,700.62,830.06,869.94,49.85,25.72,0.993,114.9,2.83,0.662,15.6,17.6,129.44,774.44,97.02
2014-07-01,Malaysia,Pakistan,15.67,41.8,756.87,887.71,922.69,46.61,28.66,1.081,153.4,4.32,0.818,15.9,32.62,130.84,956.94,130.61
2014-12-01,Malaysia,China,7.91,39.29,780.08,872.75,959.25,40.82,25.72,1.048,248.9,2.38,0.197,16.5,18.85,92.66,911.94,161.26
2023-09-01,Malaysia,India,17.79,45.49,829.87,953.66,986.28,59.09,28.8,1.454,277.6,4.76,0.655,29.6,26.02,123.79,1064.97,188.0
2015-07-01,Indonesia,EU-27,1.87,44.11,784.07,968.08,949.51,47.21,26.33,0.975,224.5,5.52,0.85,17.4,40.93,184.01,870.47,211.01
2019-02-01,Indonesia,EU-27,5.25,45.46,817.26,923.99,1024.03,58.87,23.82,1.245,212.2,4.11,0.2,22.8,26.5,106.74,933.08,118.25
2018-03-01,Malaysia,USA,0.46,28.75,700.48,846.12,834.92,58.0,29.53,1.258,124.3,6.71,0.317,21.4,20.25,145.64,762.28,97.08
2022-11-01,Indonesia,USA,2.65,45.71,790.53,939.16,987.11,56.66,45.21,1.218,155.8,5.24,0.334,28.4,35.19,148.62,904.81,88.34
2016-11-01,Indonesia,China,8.67,28.95,717.48,880.65,856.04,56.2,28.94,1.056,299.3,4.46,0.343,19.4,24.71,163.17,842.62,230.4
2020-02-01,Indonesia,Pakistan,13.33,45.19,863.27,984.74,992.06,62.64,26.46,1.317,200.0,5.78,0.191,24.2,34.79,121.46,1059.52,112.85
2018-01-01,Indonesia,China,10.49,27.23,720.96,851.57,860.83,61.58,22.52,1.104,297.3,5.75,0.142,21.1,28.73,130.61,851.58,203.96
2024-05-01,Indonesia,Pakistan,18.34,50.62,907.97,1032.27,1091.5,70.23,21.76,1.321,190.1,5.59,0.673,30.6,27.33,124.3,1160.18,130.53
2018-01-01,Indonesia,USA,4.07,36.97,706.48,867.15,881.31,58.53,24.62,1.249,144.9,4.79,0.126,21.1,21.07,160.66,799.3,112.0
2024-06-01,Indonesia,India,24.83,54.43,933.44,1043.66,1030.89,69.48,20.05,1.494,315.8,3.26,0.803,30.8,30.81,110.22,1258.22,221.14
2016-05-01,Indonesia,USA,0.0,40.79,731.38,862.02,872.84,51.33,26.78,1.268,134.8,4.25,0.728,18.6,32.07,130.63,798.95,110.53
2024-07-01,Malaysia,USA,0.0,48.87,931.24,1037.0,1091.53,60.43,27.43,1.5,117.2,5.09,0.838,30.9,28.69,105.75,1007.54,97.09
2023-12-01,Malaysia,India,18.38,46.04,902.33,1042.24,1049.02,65.53,30.76,1.5,287.4,6.31,0.201,30.0,21.72,139.91,1159.05,182.48
2021-02-01,Malaysia,EU-27,0.0,45.96,834.41,967.36,980.37,65.92,43.78,1.317,170.1,5.09,0.224,25.8,32.26,132.95,924.15,120.47
2019-01-01,Indonesia,USA,2.33,39.39,810.98,1002.54,960.96,61.89,24.19,1.236,106.4,5.62,0.112,22.6,30.07,191.57,894.92,111.81
2019-06-01,Malaysia,China,10.75,50.64,878.81,989.57,1043.5,59.91,24.93,1.127,249.2,4.79,0.806,23.2,32.83,110.76,1057.0,190.41
2014-07-01,Indonesia,Pakistan,16.83,46.44,717.16,836.3,850.91,52.02,26.23,0.942,182.4,5.46,0.838,15.9,29.91,119.14,922.74,153.37
2014-09-01,Malaysia,India,14.82,46.91,749.43,902.04,896.19,47.57,26.37,1.021,290.6,3.67,0.676,16.1,42.04,152.61,944.63,202.91
2017-01-01,Indonesia,EU-27,5.8,38.19,707.38,828.77,832.49,50.97,24.37,1.082,203.1,4.03,0.131,19.6,21.93,121.39,814.58,138.94
2016-01-01,Malaysia,India,13.78,27.96,755.75,888.47,866.77,53.41,27.4,1.019,252.3,3.68,0.107,18.1,27.96,132.72,922.88,176.27
2017-04-01,Malaysia,India,10.25,28.75,709.43,825.69,808.9,49.93,27.76,1.143,281.6,3.82,0.513,20.0,30.72,116.26,844.44,200.08
2016-03-01,Indonesia,India,15.06,32.43,720.9,865.09,894.53,50.29,32.61,1.094,318.6,4.08,0.328,18.4,33.77,144.19,904.27,218.65
2014-11-01,Indonesia,USA,3.26,40.43,780.85,908.71,931.39,48.91,29.07,1.011,135.3,4.0,0.349,16.4,25.83,127.86,878.04,84.83
2023-04-01,Malaysia,Pakistan,13.69,44.3,814.94,922.64,957.17,68.93,23.98,1.5,179.7,4.55,0.505,29.0,23.3,107.7,1004.14,90.11
2021-04-01,Malaysia,Pakistan,13.18,36.74,795.23,934.71,937.11,55.96,44.65,1.418,146.8,5.24,0.495,26.0,37.3,139.47,992.19,130.57
2016-08-01,Indonesia,Pakistan,16.7,40.36,727.28,881.37,928.74,54.91,29.4,1.236,187.9,4.63,0.789,19.0,32.69,154.09,930.18,124.13
2024-09-01,Malaysia,Pakistan,16.6,48.97,941.75,1031.8,1097.61,64.82,23.67,1.5,174.3,3.81,0.711,31.1,17.09,90.05,1182.73,94.51
2024-06-01,Malaysia,Pakistan,14.37,54.07,896.87,1003.02,1077.37,57.28,24.79,1.5,150.2,6.55,0.772,30.8,36.64,106.15,1115.9,109.01
2016-02-01,Indonesia,USA,7.28,38.76,762.57,923.23,866.5,49.83,25.77,1.181,150.1,3.5,0.205,18.2,38.78,160.66,887.31,94.44
2019-06-01,Malaysia,EU-27,5.02,38.37,812.34,957.45,981.82,58.86,16.87,1.172,170.0,5.9,0.801,23.2,27.4,145.11,911.15,165.65
2019-03-01,Malaysia,USA,2.22,45.59,814.69,931.17,953.83,48.77,34.05,1.155,104.8,5.97,0.332,22.9,38.16,116.48,914.21,96.27
2022-04-01,Malaysia,India,13.2,38.07,779.21,877.53,927.75,54.0,37.13,1.406,272.7,6.9,0.495,27.5,13.5,98.32,967.23,178.26
2017-01-01,Indonesia,China,13.69,22.79,672.05,844.39,830.06,49.3,21.08,0.979,324.2,5.13,0.163,19.6,31.51,172.35,813.92,214.7
2023-07-01,Indonesia,Pakistan,13.1,44.27,852.99,985.29,1010.88,65.48,34.68,1.458,204.5,3.82,0.83,29.4,23.98,132.3,1053.98,120.18
2016-02-01,Malaysia,USA,5.92,36.61,707.35,822.72,893.59,52.8,16.35,1.172,89.4,5.03,0.181,18.2,40.71,115.37,805.3,87.13
2014-08-01,Indonesia,India,12.7,37.04,738.32,887.32,889.14,44.08,30.94,1.06,320.7,5.45,0.795,16.0,34.45,149.0,908.73,277.4
2023-09-01,Indonesia,Pakistan,16.81,39.35,855.0,998.34,1041.31,65.79,25.84,1.468,163.0,5.87,0.661,29.6,29.02,143.34,1074.88,138.29
2016-06-01,Malaysia,USA,5.08,29.97,719.0,847.95,877.8,55.93,19.71,1.127,116.8,5.52,0.788,18.8,22.11,128.95,807.74,112.14
2015-06-01,Indonesia,China,6.83,32.21,767.32,929.99,913.46,47.2,34.01,1.058,305.5,5.28,0.833,17.2,27.9,162.67,890.44,263.2
2014-05-01,Indonesia,Pakistan,24.04,39.73,733.62,883.7,860.35,55.53,31.95,1.08,185.3,4.14,0.643,15.6,27.78,150.08,998.87,118.1
2020-03-01,Indonesia,China,5.0,44.79,841.63,959.17,1000.18,59.28,26.73,1.247,312.0,5.28,0.319,24.4,30.67,117.55,958.82,209.56
2015-06-01,Malaysia,China,5.63,33.99,742.53,892.81,912.21,51.78,18.67,1.02,256.9,5.2,0.806,17.2,37.42,150.28,839.96,225.63
2019-04-01,Indonesia,China,10.23,39.88,798.9,918.73,941.71,43.29,24.37,1.145,320.7,6.4,0.467,23.0,28.82,119.83,951.5,229.96
2024-06-01,Indonesia,EU-27,6.68,47.79,932.73,1049.24,1091.01,70.12,19.31,1.5,204.2,4.6,0.833,30.8,25.27,116.51,1066.61,164.24
2020-11-01,Malaysia,India,19.86,44.67,814.3,927.92,975.88,66.92,36.2,1.354,259.9,3.12,0.333,25.4,22.97,113.62,1072.91,168.63
2023-09-01,Indonesia,China,8.74,52.59,870.67,1008.71,1017.27,61.25,24.23,1.5,309.3,4.5,0.703,29.6,28.22,138.04,1030.28,232.22
2018-07-01,Indonesia,China,10.69,38.41,752.76,869.12,903.66,54.01,22.12,1.253,316.6,6.12,0.863,21.9,33.44,116.36,900.22,221.21
2019-01-01,Indonesia,China,5.14,36.4,802.1,925.8,911.88,59.91,30.77,1.147,266.6,5.42,0.144,22.6,28.91,123.7,913.97,213.5
2024-05-01,Malaysia,India,22.6,53.26,917.2,1032.24,1062.1,68.38,24.99,1.5,287.0,4.5,0.672,30.6,27.86,115.03,1220.47,193.35
2022-09-01,Indonesia,USA,0.0,40.18,802.38,933.15,902.06,72.49,41.02,1.441,160.1,3.14,0.692,28.1,33.72,130.76,883.58,90.66
2018-12-01,Indonesia,EU-27,2.67,46.61,796.0,892.44,996.5,56.47,28.52,1.139,207.6,6.18,0.189,22.5,38.4,96.44,894.37,130.03
2022-05-01,Indonesia,India,18.86,63.58,789.86,905.68,941.29,58.88,44.07,1.443,322.8,6.37,0.697,27.6,39.41,115.81,1066.8,253.45
2015-01-01,Indonesia,Pakistan,20.51,37.63,727.15,855.44,941.02,58.12,27.68,1.136,192.5,5.15,0.138,16.6,26.56,128.29,955.0,102.41
2015-12-01,Indonesia,USA,3.65,27.18,744.33,888.8,917.52,50.68,35.3,1.131,126.6,5.26,0.194,18.0,19.55,144.48,836.29,103.45
2021-03-01,Malaysia,China,10.39,45.26,826.89,978.1,983.94,65.84,37.24,1.305,243.4,5.09,0.341,25.9,26.93,151.2,1003.92,170.73
2017-08-01,Indonesia,China,11.8,25.36,687.83,787.92,798.48,57.77,26.61,1.194,290.8,6.04,0.796,20.5,21.42,100.1,827.06,222.02
2015-11-01,Malaysia,Pakistan,20.54,40.28,772.41,893.32,965.04,59.57,29.59,0.948,137.6,4.51,0.342,17.9,27.87,120.91,1015.29,105.64
2020-05-01,Malaysia,Pakistan,18.78,43.24,846.48,964.37,1035.18,65.49,22.15,1.297,156.5,4.19,0.651,24.6,29.79,117.89,1083.14,104.77
2015-03-01,Indonesia,India,12.96,44.62,769.81,920.93,966.68,47.36,24.13,1.149,321.8,6.24,0.319,16.9,31.65,151.12,947.26,243.47
2022-07-01,Malaysia,EU-27,2.26,44.97,763.44,934.33,920.71,63.54,42.07,1.434,168.4,5.63,0.868,27.9,26.66,170.89,869.72,173.7
2024-07-01,Malaysia,USA,3.54,49.99,932.07,1052.23,1116.19,65.09,30.0,1.5,95.5,5.09,0.905,30.9,30.33,120.16,1047.92,102.52
2021-11-01,Indonesia,Pakistan,14.74,42.07,796.71,933.39,897.82,66.71,42.96,1.307,174.7,5.28,0.303,26.9,29.04,136.67,1011.75,127.82
2024-02-01,Indonesia,EU-27,5.35,50.59,925.58,1028.21,1093.41,68.62,27.88,1.5,204.0,5.45,0.208,30.2,34.4,102.64,1057.75,124.34
2021-05-01,Indonesia,USA,3.12,36.33,810.41,922.83,992.75,61.99,40.44,1.305,120.7,6.21,0.679,26.1,22.62,112.42,914.85,105.1
2021-08-01,Indonesia,USA,1.25,42.7,806.54,933.3,969.68,58.16,40.63,1.18,132.8,4.55,0.811,26.5,26.73,126.77,900.99,108.45
2018-01-01,Indonesia,Pakistan,21.19,30.01,684.14,825.43,868.3,58.82,30.95,1.135,189.3,4.3,0.141,21.1,21.39,141.29,902.97,87.99
2023-02-01,Indonesia,India,16.79,48.0,832.91,963.9,1001.46,59.96,19.93,1.5,329.3,3.25,0.187,28.8,31.9,130.99,1052.06,203.24
2017-02-01,Malaysia,Pakistan,13.14,22.11,676.75,798.73,863.26,47.86,33.29,1.19,157.9,4.08,0.182,19.8,28.65,121.98,828.35,99.56
2014-03-01,Indonesia,India,13.36,31.58,682.92,827.64,821.13,48.1,22.13,1.039,346.6,3.98,0.351,15.4,30.57,144.72,835.07,228.98
2021-10-01,Malaysia,USA,0.0,39.66,797.45,924.39,995.03,65.25,42.91,1.462,143.6,4.83,0.512,26.8,26.94,126.93,880.02,73.12
2022-12-01,Malaysia,India,27.94,35.42,769.75,916.82,922.19,70.32,30.31,1.433,288.2,3.25,0.214,28.5,28.31,147.07,1068.92,157.58
2015-11-01,Malaysia,China,11.17,31.54,736.77,848.9,913.35,45.39,29.29,1.088,265.7,5.94,0.354,17.9,37.3,112.13,886.66,174.71
2023-04-01,Malaysia,Pakistan,14.68,43.71,804.06,905.67,981.82,69.93,28.8,1.5,171.0,5.25,0.519,29.0,35.76,101.6,1005.29,96.91
2020-02-01,Indonesia,USA,0.0,44.13,863.91,979.21,985.68,58.46,27.51,1.3,141.6,5.46,0.204,24.2,25.74,115.3,935.55,88.41
2020-02-01,Malaysia,China,10.06,32.4,843.3,969.0,973.12,63.28,33.7,1.332,241.7,5.41,0.205,24.2,32.48,125.7,1000.85,167.69
2017-07-01,Indonesia,China,8.3,32.58,669.0,807.56,819.26,55.28,28.54,1.181,273.5,5.08,0.842,20.4,26.46,138.57,790.7,256.83
2015-09-01,Malaysia,India,16.66,37.25,736.63,854.66,892.45,54.82,24.66,1.128,282.2,4.92,0.691,17.6,26.95,118.03,931.59,200.62
2021-09-01,Malaysia,India,15.29,37.97,773.27,890.46,899.01,68.56,33.47,1.404,271.2,5.68,0.689,26.6,21.79,117.2,973.86,207.29
2019-07-01,Indonesia,India,22.63,42.36,806.4,949.95,960.15,64.64,34.24,1.311,339.3,4.12,0.827,23.4,28.7,143.55,1082.84,223.54
2014-10-01,Malaysia,USA,1.42,37.46,774.13,901.56,940.65,46.15,33.82,1.015,108.1,5.57,0.51,16.2,28.17,127.43,857.41,94.75
2019-06-01,Malaysia,Pakistan,18.35,42.21,801.94,966.35,928.69,60.21,16.87,1.267,169.3,3.85,0.798,23.2,24.22,164.41,1019.01,103.77
2018-11-01,Malaysia,India,11.72,41.97,758.76,874.18,903.09,53.33,23.77,1.244,275.5,1.84,0.309,22.4,34.93,115.41,921.1,173.71
2020-05-01,Malaysia,China,7.7,43.16,824.81,928.38,937.38,61.79,24.56,1.398,264.7,3.56,0.664,24.6,34.25,103.57,961.25,180.32
2014-09-01,Malaysia,India,19.57,34.31,748.48,862.11,857.05,50.34,23.25,1.02,295.0,3.15,0.69,16.1,27.65,113.62,963.76,186.91
2016-03-01,Indonesia,India,10.09,48.77,714.14,833.43,861.32,48.7,20.55,1.115,306.7,2.8,0.327,18.4,30.87,119.3,862.51,246.59
2022-06-01,Malaysia,USA,3.7,38.44,792.41,925.18,920.59,60.9,40.75,1.332,107.8,3.72,0.802,27.8,27.61,132.76,903.81,84.8
2024-02-01,Indonesia,USA,0.0,49.91,908.09,1043.63,1046.42,65.2,31.57,1.431,146.1,3.99,0.212,30.2,30.01,135.54,989.56,76.89
2021-12-01,Indonesia,USA,3.05,47.42,786.47,864.96,908.25,56.52,47.46,1.404,145.1,4.89,0.187,27.0,24.6,78.49,908.19,57.25
2014-09-01,Malaysia,China,8.37,28.81,714.34,828.08,858.18,57.52,23.32,0.968,252.0,3.9,0.68,16.1,26.32,113.74,830.63,178.83
2019-12-01,Indonesia,Pakistan,22.47,45.31,839.45,987.79,995.72,51.63,23.01,1.235,171.5,5.13,0.195,24.0,40.09,148.34,1111.75,108.98
2020-10-01,Indonesia,USA,0.0,53.13,866.59,991.39,1022.14,42.85,23.59,1.305,131.0,5.51,0.492,25.2,28.39,124.8,943.31,99.17
2018-05-01,Malaysia,USA,2.67,34.44,709.78,860.77,880.14,53.08,23.27,1.266,111.9,4.37,0.649,21.6,24.05,150.99,787.96,117.7
2015-09-01,Indonesia,EU-27,8.51,31.31,761.57,902.08,952.92,48.33,26.72,1.126,187.7,4.6,0.689,17.6,15.33,140.51,889.37,174.26
2023-06-01,Indonesia,India,18.82,48.35,860.39,974.05,1014.37,67.3,30.03,1.427,342.0,4.13,0.781,29.2,33.48,113.66,1115.44,229.01
2022-02-01,Malaysia,USA,0.0,34.14,745.72,880.43,906.08,55.63,47.03,1.345,89.8,5.18,0.195,27.2,24.13,134.71,826.9,77.75
2019-11-01,Malaysia,China,8.14,45.36,826.2,938.48,976.77,50.99,33.14,1.297,255.8,5.96,0.306,23.9,29.17,112.28,978.31,199.75
2023-05-01,Malaysia,USA,2.48,47.18,830.53,970.52,1028.6,59.76,25.08,1.412,123.4,5.65,0.647,29.1,39.08,139.99,925.2,104.71
2018-06-01,Malaysia,India,12.82,45.34,744.12,881.85,898.24,56.2,31.73,1.085,276.1,4.81,0.828,21.8,29.82,137.73,926.47,217.66
2014-02-01,Malaysia,India,8.52,32.26,683.13,819.95,836.95,42.67,26.32,1.008,282.5,4.58,0.208,15.2,29.28,136.82,804.92,209.59
2023-10-01,Indonesia,USA,0.0,50.89,878.23,1008.33,998.02,69.87,22.78,1.429,128.5,5.35,0.506,29.8,29.12,130.11,951.89,93.49
2019-02-01,Indonesia,Pakistan,24.15,36.26,801.77,935.88,987.67,56.86,25.4,1.197,201.6,2.56,0.168,22.8,29.46,134.11,1071.98,98.84
2018-10-01,Malaysia,China,11.51,45.79,786.03,880.06,929.29,58.7,25.7,1.133,220.0,4.62,0.494,22.2,26.02,94.03,956.18,182.07
2016-11-01,Malaysia,China,10.03,32.24,678.55,793.99,861.23,49.38,26.97,1.194,251.6,3.41,0.301,19.4,31.47,115.44,811.79,167.79
2018-12-01,Indonesia,USA,1.35,37.64,750.95,922.51,890.69,55.95,29.85,1.156,148.7,5.48,0.181,22.5,31.26,171.56,829.5,122.42
2015-12-01,Indonesia,USA,3.47,44.47,753.74,878.87,919.2,51.1,30.79,1.052,124.7,5.67,0.196,18.0,29.83,125.13,857.78,83.72
2019-03-01,Malaysia,China,15.82,33.56,801.07,951.75,962.33,58.0,20.08,1.272,259.6,5.74,0.314,22.9,25.78,150.68,989.88,160.87
2016-07-01,Indonesia,USA,0.0,32.14,720.47,828.84,901.68,52.54,19.87,1.062,124.9,5.21,0.848,18.9,25.7,108.37,772.48,100.35
2019-11-01,Malaysia,EU-27,2.09,51.65,820.84,959.21,1023.86,65.49,29.72,1.196,178.4,5.28,0.303,23.9,33.53,138.37,921.07,150.55
2014-01-01,Malaysia,USA,3.38,27.61,712.02,828.64,873.4,40.59,25.12,1.021,125.0,4.91,0.163,15.1,29.86,116.61,790.57,69.2
2014-02-01,Malaysia,China,5.76,27.06,681.98,848.4,808.36,45.95,26.12,0.92,244.4,5.23,0.188,15.2,18.99,166.42,777.48,220.94
2015-02-01,Indonesia,USA,0.76,39.16,760.72,898.66,925.3,47.89,24.75,1.07,147.4,4.78,0.197,16.8,35.34,137.94,830.93,90.99
2021-09-01,Malaysia,USA,0.0,45.18,794.03,950.83,953.28,58.43,42.5,1.384,94.6,5.61,0.674,26.6,33.0,156.81,881.71,112.15
2021-03-01,Indonesia,China,13.23,37.65,845.88,985.41,1004.33,60.35,40.85,1.358,293.2,5.42,0.338,25.9,35.55,139.54,1046.64,201.65
2021-03-01,Malaysia,Pakistan,13.94,45.16,790.4,905.09,903.56,60.32,47.41,1.434,141.5,4.85,0.34,25.9,33.34,114.69,1006.05,119.08
2019-09-01,Indonesia,China,13.85,46.25,830.64,935.21,981.09,60.81,23.27,1.292,324.5,4.55,0.661,23.6,29.84,104.57,1024.86,193.9
2024-02-01,Malaysia,EU-27,1.5,44.33,908.04,1053.06,1040.94,72.44,24.09,1.394,184.0,7.36,0.219,30.2,25.92,145.01,991.06,139.27
2023-04-01,Indonesia,EU-27,6.74,43.97,842.51,982.88,1005.51,64.3,26.9,1.439,226.2,6.33,0.53,29.0,26.01,140.37,974.93,172.57
2020-01-01,Malaysia,India,15.01,58.21,854.76,984.75,1009.63,58.66,30.22,1.313,267.3,4.71,0.127,24.1,32.35,129.99,1084.72,180.5
2021-11-01,Indonesia,EU-27,2.79,50.97,776.85,907.93,908.19,64.73,45.27,1.429,188.5,5.01,0.349,26.9,32.97,131.07,897.49,139.38
2024-07-01,Indonesia,EU-27,2.36,46.05,910.74,1074.37,1006.95,70.33,17.96,1.443,229.2,5.06,0.826,30.9,35.09,163.63,997.8,199.8
2020-11-01,Indonesia,Pakistan,14.93,47.49,829.46,1004.22,1002.46,63.86,26.87,1.351,178.9,4.93,0.309,25.4,19.26,174.76,1038.75,134.55
2017-09-01,Malaysia,India,12.6,35.24,677.69,806.55,801.2,53.89,20.37,1.241,287.5,4.61,0.678,20.6,31.53,128.86,825.69,205.74
2023-01-01,Malaysia,India,15.67,50.54,816.55,962.62,958.74,70.23,26.85,1.408,253.0,3.69,0.157,28.6,26.42,146.07,1034.06,186.89
2015-11-01,Indonesia,Pakistan,13.04,33.3,761.48,887.91,910.2,56.67,27.3,0.968,180.0,5.78,0.323,17.9,23.13,126.43,929.26,128.65
2019-09-01,Indonesia,India,16.57,37.34,827.31,960.05,912.91,55.61,26.67,1.222,326.4,3.91,0.703,23.6,30.2,132.75,1039.05,225.05
2020-10-01,Indonesia,Pakistan,16.07,47.3,827.48,967.21,977.3,65.37,27.27,1.29,198.1,4.0,0.525,25.2,26.12,139.73,1046.98,105.87
2021-04-01,Indonesia,EU-27,7.5,41.26,780.5,902.09,882.71,64.02,42.44,1.356,197.7,5.52,0.518,26.0,24.57,121.58,928.99,160.45
2021-01-01,Malaysia,Pakistan,12.86,42.98,791.05,908.36,954.15,58.67,27.03,1.284,163.3,4.4,0.176,25.6,26.69,117.31,971.79,87.77
2018-09-01,Malaysia,China,15.9,40.23,741.81,855.14,899.57,60.59,21.29,1.303,253.8,4.83,0.696,22.1,41.84,113.33,931.03,179.2
2015-09-01,Indonesia,EU-27,1.99,40.62,754.71,835.63,909.82,51.31,30.95,1.103,212.7,5.2,0.669,17.6,33.79,80.92,842.72,165.94
2016-01-01,Indonesia,USA,0.0,34.11,741.33,891.52,837.39,49.76,24.51,1.156,126.4,6.19,0.137,18.1,28.56,150.19,799.96,96.62
2024-11-01,Malaysia,USA,0.0,55.72,952.32,1049.27,1079.21,62.45,28.71,1.491,92.6,2.8,0.342,31.4,33.61,96.96,1036.74,70.58
2014-05-01,Malaysia,India,16.3,44.26,713.47,830.85,878.35,50.91,29.66,1.066,267.5,2.53,0.701,15.6,39.28,117.38,915.73,198.2
2021-06-01,Indonesia,USA,5.09,37.67,796.74,954.28,930.75,66.3,41.35,1.37,117.6,3.43,0.785,26.2,29.74,157.55,920.37,124.95
2019-09-01,Malaysia,China,14.92,53.32,827.94,983.63,991.42,50.68,31.09,1.283,248.3,5.24,0.652,23.6,27.28,155.69,1048.48,180.39
2018-08-01,Malaysia,Pakistan,11.17,41.34,752.75,884.15,909.54,53.43,24.91,1.224,154.7,4.79,0.794,22.0,25.16,131.4,910.52,131.45
2018-01-01,Malaysia,Pakistan,11.15,45.9,697.12,830.73,858.62,52.42,23.89,1.229,185.8,5.59,0.144,21.1,29.66,133.61,852.41,89.33
2015-01-01,Malaysia,China,4.77,44.5,769.65,912.1,905.24,44.74,26.48,1.064,235.5,3.34,0.169,16.6,30.21,142.46,880.75,195.54
2017-04-01,Malaysia,India,13.29,30.85,681.96,839.47,814.52,55.96,18.38,1.176,279.5,5.89,0.493,20.0,26.66,157.52,828.34,197.52
2021-09-01,Indonesia,EU-27,4.83,51.87,836.0,993.96,958.22,59.38,48.9,1.359,211.7,5.32,0.675,26.6,31.41,157.96,982.04,176.57
2024-07-01,Malaysia,China,8.24,57.81,930.2,1086.62,1044.23,65.32,17.36,1.446,222.4,4.51,0.841,30.9,30.4,156.42,1088.27,202.22
2022-06-01,Indonesia,China,8.62,43.41,786.27,928.4,931.31,60.44,31.29,1.414,303.3,4.86,0.8,27.8,17.17,142.13,935.18,228.8
2015-01-01,Indonesia,EU-27,6.81,40.79,785.99,923.82,936.41,43.25,25.76,1.195,226.7,6.63,0.157,16.6,38.93,137.84,910.6,131.59
2016-06-01,Malaysia,China,14.58,27.19,710.12,841.03,865.83,54.65,21.18,0.943,235.2,4.36,0.789,18.8,24.31,130.91,869.1,197.78
2020-08-01,Malaysia,India,14.73,54.95,830.85,948.85,975.73,54.85,27.21,1.245,284.4,3.62,0.781,25.0,25.98,117.99,1047.48,216.25
2020-11-01,Malaysia,China,12.16,36.72,779.94,901.94,926.11,66.86,25.01,1.392,240.7,4.97,0.313,25.4,30.2,122.0,944.01,172.13
2020-09-01,Malaysia,USA,2.76,46.84,828.49,953.42,1001.7,53.39,20.57,1.29,119.4,2.89,0.654,25.1,22.39,124.92,920.6,81.55
2017-01-01,Malaysia,USA,1.3,35.07,705.83,847.79,889.19,49.98,26.5,1.139,122.3,5.53,0.15,19.6,27.7,141.96,777.34,86.5
2017-07-01,Indonesia,Pakistan,17.55,45.9,690.22,791.8,831.69,51.81,27.72,1.251,178.9,4.82,0.875,20.4,22.1,101.58,897.88,126.59
2016-03-01,Malaysia,Pakistan,8.37,32.04,745.83,877.82,853.2,54.24,26.06,1.059,175.3,4.97,0.338,18.4,33.33,131.99,871.25,109.15
2014-05-01,Malaysia,EU-27,7.07,40.33,696.68,831.36,836.77,51.52,21.76,1.169,188.0,5.51,0.713,15.6,31.59,134.68,812.4,150.17
2022-06-01,Malaysia,USA,0.55,35.5,795.27,900.56,914.57,65.48,41.15,1.393,131.2,4.36,0.831,27.8,37.15,105.29,876.69,80.35
2022-10-01,Indonesia,China,6.6,40.07,796.79,944.92,955.27,60.72,34.81,1.5,319.8,5.25,0.496,28.2,29.01,148.13,929.2,238.27
2021-11-01,Malaysia,USA,0.0,42.8,785.48,924.11,909.37,58.21,35.24,1.5,76.6,3.09,0.336,26.9,32.34,138.64,863.52,77.69
2022-05-01,Indonesia,China,7.73,47.98,788.75,932.21,986.77,62.61,41.21,1.42,298.0,5.73,0.658,27.6,27.71,143.46,945.79,209.73
2019-02-01,Indonesia,USA,0.37,46.74,844.06,1015.3,997.58,54.26,21.03,1.24,151.1,3.0,0.213,22.8,36.87,171.24,915.25,96.25
2017-08-01,Indonesia,Pakistan,12.49,36.54,721.58,847.43,866.0,53.67,29.16,1.119,175.7,4.66,0.819,20.5,24.62,125.85,885.58,163.19
2020-07-01,Indonesia,India,22.48,48.14,853.2,959.97,975.73,64.61,29.13,1.269,326.2,5.61,0.823,24.9,19.29,106.77,1139.64,227.98
2018-07-01,Malaysia,China,6.51,34.43,761.7,903.64,976.83,50.53,34.42,1.207,259.4,2.16,0.857,21.9,28.2,141.94,884.62,222.46
2019-10-01,Indonesia,Pakistan,14.41,51.09,842.99,995.82,1041.21,65.61,27.57,1.219,185.5,4.09,0.501,23.8,26.35,152.82,1054.46,114.0
2014-08-01,Indonesia,EU-27,8.61,36.74,742.54,902.63,885.25,47.69,26.34,0.854,208.2,2.97,0.779,16.0,23.32,160.09,875.02,168.19
2019-06-01,Malaysia,India,15.84,41.88,829.2,935.63,979.7,62.09,20.72,1.183,292.2,5.3,0.846,23.2,26.31,106.43,1033.1,208.61
2023-01-01,Indonesia,China,8.14,56.89,792.57,964.76,938.95,59.5,19.72,1.38,279.2,4.92,0.126,28.6,29.46,172.19,939.89,204.16
2014-10-01,Indonesia,India,16.79,37.29,718.69,875.65,809.61,48.09,21.01,0.916,342.4,4.68,0.479,16.2,34.09,156.97,907.44,232.48
2017-06-01,Malaysia,Pakistan,9.54,37.49,676.89,791.17,807.9,46.67,25.33,1.142,159.4,6.4,0.805,20.2,29.44,114.28,810.28,136.81
2017-09-01,Indonesia,USA,1.32,31.47,706.84,893.76,801.5,53.74,29.4,1.11,134.8,4.28,0.699,20.6,26.62,186.92,777.83,133.16
2021-04-01,Malaysia,India,20.1,41.57,823.06,999.98,976.21,57.99,37.96,1.287,285.0,4.99,0.528,26.0,31.53,176.92,1084.06,212.91
2023-02-01,Indonesia,Pakistan,12.53,49.64,816.31,957.01,1029.37,63.19,18.88,1.364,189.1,3.9,0.196,28.8,29.32,140.7,995.73,119.76
2015-01-01,Malaysia,EU-27,9.18,45.81,710.18,884.89,879.1,48.58,29.45,0.928,184.1,6.15,0.109,16.6,34.69,174.7,857.58,135.26
2024-08-01,Malaysia,Pakistan,14.07,58.82,948.47,1084.67,1144.46,66.8,27.01,1.5,146.5,5.97,0.823,31.0,36.76,136.2,1179.78,114.36
2018-04-01,Malaysia,EU-27,9.02,44.8,703.79,804.47,871.64,53.61,23.62,1.143,186.0,4.9,0.507,21.5,36.65,100.68,841.86,121.9
2020-03-01,Indonesia,USA,0.0,45.98,836.0,961.45,1013.74,54.31,24.88,1.223,142.5,5.32,0.342,24.4,29.23,125.44,906.86,75.47
2015-05-01,Malaysia,USA,0.0,42.08,758.69,882.64,911.54,58.54,19.6,1.153,100.7,4.47,0.669,17.1,33.79,123.96,820.37,84.56
2020-10-01,Indonesia,USA,1.57,43.74,870.91,977.04,948.61,68.77,25.87,1.255,105.2,4.64,0.497,25.2,31.7,106.13,955.31,81.07
2024-06-01,Malaysia,USA,0.0,57.61,903.66,1022.31,1068.62,60.71,28.58,1.498,105.5,4.76,0.774,30.8,28.38,118.65,989.85,102.46
2019-05-01,Indonesia,India,18.54,36.61,796.7,934.84,948.15,54.68,28.94,1.159,320.3,4.9,0.704,23.1,30.66,138.13,1022.09,246.06
2024-07-01,Malaysia,EU-27,5.81,59.62,923.44,1067.1,1150.25,63.47,31.94,1.345,175.5,6.28,0.908,30.9,33.52,143.66,1073.95,169.62
2016-09-01,Malaysia,Pakistan,12.91,29.7,679.49,803.93,841.65,54.23,22.63,1.193,132.7,3.52,0.683,19.1,32.72,124.44,826.32,107.67
2024-07-01,Malaysia,USA,0.99,49.91,932.88,1067.14,1084.65,73.28,30.19,1.5,91.8,6.33,0.857,30.9,31.42,134.27,1023.05,117.19
2018-03-01,Indonesia,India,16.82,29.02,699.6,813.46,900.81,52.08,31.14,1.161,332.7,4.57,0.335,21.4,30.86,113.87,887.58,232.0
2017-02-01,Indonesia,China,10.09,38.05,703.27,805.88,875.27,57.03,22.04,1.079,295.4,4.17,0.207,19.8,34.03,102.62,840.41,192.56
2014-09-01,Indonesia,EU-27,8.03,30.17,727.07,889.4,866.24,45.37,20.54,0.967,197.0,5.55,0.649,16.1,31.84,162.32,840.22,186.9
2016-09-01,Indonesia,USA,3.0,42.69,732.41,858.4,885.39,59.29,28.88,1.148,115.4,4.95,0.687,19.1,37.29,125.99,828.08,114.7
2024-12-01,Malaysia,USA,0.91,54.85,941.39,1076.76,1084.89,60.39,33.98,1.453,88.0,3.62,0.229,31.5,27.76,135.37,1039.55,82.43
2014-03-01,Malaysia,Pakistan,7.77,35.16,702.17,833.09,847.91,40.73,31.25,1.035,167.3,6.38,0.332,15.4,29.39,130.91,828.3,112.27
2014-11-01,Malaysia,USA,0.0,31.6,748.12,885.48,863.16,54.23,25.0,1.174,146.1,5.29,0.32,16.4,30.78,137.36,804.72,77.28
2016-11-01,Malaysia,USA,1.32,36.03,725.61,824.22,862.14,53.24,26.7,1.135,89.2,5.38,0.341,19.4,36.71,98.61,798.71,90.62
2024-04-01,Indonesia,EU-27,9.58,54.92,915.33,1076.38,1065.83,59.35,26.0,1.465,214.7,4.46,0.509,30.5,25.39,161.05,1091.65,146.63
2017-04-01,Indonesia,Pakistan,15.42,33.67,665.13,797.95,797.89,51.22,21.78,1.252,188.4,3.69,0.521,20.0,37.5,132.81,831.72,145.73
2014-05-01,Indonesia,India,18.74,34.46,702.27,873.99,851.02,45.22,24.61,1.032,322.3,3.78,0.673,15.6,24.95,171.73,904.0,251.63
2021-01-01,Indonesia,China,10.05,41.66,825.69,946.76,989.67,63.21,35.89,1.357,275.1,4.53,0.1,25.6,23.32,121.07,994.0,197.1
2019-04-01,Indonesia,India,18.6,46.14,774.79,931.77,947.11,55.4,33.2,1.199,339.6,5.78,0.512,23.0,30.27,156.98,1013.0,230.22
2015-04-01,Indonesia,EU-27,3.3,33.42,763.28,855.73,889.8,48.71,31.64,1.186,229.7,5.64,0.549,17.0,28.67,92.45,855.71,138.96
2020-08-01,Malaysia,EU-27,3.72,45.1,853.83,986.18,1000.0,58.87,31.55,1.18,193.3,7.09,0.828,25.0,25.05,132.35,965.08,152.48
2024-01-01,Malaysia,India,18.13,43.16,908.47,1022.01,1046.7,60.1,25.2,1.371,275.9,4.12,0.156,30.1,35.41,113.54,1153.96,184.05
2019-03-01,Indonesia,USA,0.42,42.22,797.41,937.53,901.2,52.54,27.51,1.27,137.3,4.99,0.326,22.9,33.32,140.13,870.75,87.46
2015-02-01,Malaysia,China,8.91,44.66,783.72,908.73,952.55,35.12,29.98,1.004,242.8,4.18,0.189,16.8,24.84,125.01,934.83,166.95
2015-04-01,Malaysia,USA,2.42,42.35,779.11,890.74,912.64,47.47,23.15,1.019,125.6,6.32,0.482,17.0,29.41,111.63,865.05,91.07
2018-12-01,Indonesia,Pakistan,27.58,35.18,778.43,920.89,935.51,58.22,21.62,1.21,208.2,2.34,0.159,22.5,28.0,142.46,1065.56,95.87
2020-03-01,Indonesia,India,21.5,49.68,860.29,1026.85,992.41,61.52,24.16,1.328,343.2,5.51,0.293,24.4,22.83,166.56,1134.99,220.76
2023-11-01,Indonesia,Pakistan,15.9,40.44,880.89,980.29,1026.67,63.67,25.82,1.366,190.5,4.04,0.324,29.9,20.94,99.4,1097.75,104.32
2022-02-01,Malaysia,China,9.13,34.36,766.55,873.12,902.97,64.98,36.56,1.38,233.2,3.9,0.185,27.2,25.14,106.57,913.93,163.98
2021-04-01,Indonesia,USA,0.76,49.5,800.5,961.4,917.97,66.95,45.42,1.303,112.9,4.65,0.46,26.0,33.3,160.89,902.22,127.28
2015-08-01,Malaysia,EU-27,8.1,42.88,765.11,924.2,920.72,49.14,27.39,1.017,189.7,4.01,0.819,17.5,24.52,159.08,903.05,139.02
2023-06-01,Indonesia,USA,0.0,36.95,844.45,989.66,977.92,68.85,22.07,1.402,151.8,5.7,0.836,29.2,38.27,145.21,903.47,121.34
2022-03-01,Indonesia,USA,0.0,33.34,772.11,893.06,903.31,53.64,39.86,1.5,125.5,4.99,0.343,27.4,31.4,120.95,845.31,89.63
2014-10-01,Malaysia,USA,0.0,41.78,737.07,885.68,838.31,54.36,24.58,0.952,118.6,5.73,0.491,16.2,33.6,148.61,803.43,92.52
2014-09-01,Indonesia,Pakistan,16.61,34.54,715.34,823.96,823.67,48.7,21.71,0.952,189.8,5.28,0.651,16.1,32.37,108.62,899.78,133.31
2014-06-01,Indonesia,India,9.97,31.35,680.33,817.22,825.58,45.1,30.77,1.043,309.6,4.57,0.827,15.8,28.45,136.89,816.48,259.33
2021-12-01,Indonesia,China,6.89,40.84,800.26,922.03,960.61,58.38,36.78,1.419,280.1,4.9,0.2,27.0,20.95,121.78,938.37,204.65
2024-10-01,Malaysia,EU-27,1.92,63.27,934.52,1067.58,1131.61,63.81,30.74,1.5,165.9,5.22,0.474,31.2,27.43,133.06,1048.27,127.97
2023-05-01,Malaysia,Pakistan,12.65,43.22,824.98,943.97,955.43,62.7,29.15,1.476,146.9,4.95,0.688,29.1,25.3,118.99,1010.85,120.08
2017-09-01,Malaysia,EU-27,4.49,30.96,715.07,882.97,780.78,58.2,29.2,1.29,186.4,4.43,0.656,20.6,30.72,167.9,810.04,174.61
2014-09-01,Malaysia,China,5.8,46.78,759.73,857.6,889.92,49.72,31.64,0.997,272.0,4.8,0.727,16.1,30.72,97.87,886.73,188.43
2019-04-01,Indonesia,EU-27,4.28,50.61,834.49,990.42,931.73,56.42,24.77,1.365,209.4,4.77,0.492,23.0,29.08,155.93,948.82,168.41
2021-07-01,Malaysia,China,6.97,41.01,758.87,840.87,875.8,65.73,46.59,1.268,253.7,5.34,0.833,26.4,36.77,81.99,905.46,194.97
2024-08-01,Indonesia,China,12.0,57.63,918.09,1049.62,1045.7,73.85,28.64,1.408,292.3,4.1,0.798,31.0,35.29,131.53,1124.92,207.97
2018-07-01,Malaysia,China,9.16,39.21,736.1,880.94,878.4,54.61,27.56,1.183,258.9,4.58,0.837,21.9,22.66,144.84,876.38,211.65
2015-01-01,Malaysia,India,7.33,43.52,754.0,872.0,907.43,45.25,23.43,0.951,257.5,4.7,0.182,16.6,29.3,118.0,881.11,202.62
2023-07-01,Malaysia,EU-27,5.49,47.41,842.85,985.39,961.14,65.63,20.62,1.402,183.9,5.03,0.885,29.4,27.35,142.54,960.9,151.43
2021-01-01,Indonesia,EU-27,4.14,39.37,810.92,945.2,941.4,60.39,41.95,1.259,197.2,3.43,0.14,25.6,36.56,134.29,929.17,127.62
2014-02-01,Indonesia,Pakistan,15.96,35.88,692.11,811.1,849.23,42.59,26.82,0.981,183.6,4.32,0.19,15.2,27.48,118.99,875.25,109.71
2024-11-01,Indonesia,EU-27,4.89,49.87,936.74,1079.1,1080.3,65.11,26.36,1.477,227.2,3.91,0.336,31.4,35.72,142.35,1062.46,162.34
2022-12-01,Indonesia,India,22.96,46.9,791.95,879.13,927.76,72.61,40.47,1.226,332.5,5.0,0.215,28.5,29.82,87.18,1081.18,175.56
2019-09-01,Malaysia,Pakistan,14.5,42.0,832.81,971.25,958.22,51.75,27.35,1.211,150.0,5.85,0.678,23.6,26.49,138.44,1032.95,122.42
2014-10-01,Malaysia,EU-27,6.99,33.6,772.42,951.83,931.3,44.4,23.5,1.002,204.1,6.23,0.524,16.2,34.1,179.42,887.54,157.24
2020-09-01,Malaysia,China,13.85,38.36,839.03,975.05,1031.78,55.68,28.13,1.378,256.0,5.85,0.672,25.1,23.63,136.02,1030.92,193.3
2017-03-01,Indonesia,China,6.67,34.66,702.18,814.0,826.93,54.39,38.12,1.098,303.8,3.04,0.335,19.9,26.47,111.82,826.66,212.12
2022-12-01,Malaysia,USA,1.76,37.54,804.88,964.37,961.9,66.77,39.49,1.237,115.8,2.05,0.214,28.5,38.27,159.49,897.39,87.75
2015-11-01,Indonesia,Pakistan,17.75,38.47,739.96,841.96,887.55,47.64,24.09,1.037,158.3,4.63,0.316,17.9,28.17,102.01,944.92,115.67
2018-03-01,Indonesia,India,15.2,34.39,754.06,850.73,914.82,54.35,27.92,1.136,332.6,5.26,0.354,21.4,34.03,96.67,940.42,218.76
2014-06-01,Malaysia,Pakistan,11.63,39.18,733.08,860.7,921.02,46.84,32.59,1.039,158.0,3.59,0.822,15.8,29.74,127.62,898.47,127.85
2022-10-01,Malaysia,India,21.92,41.45,793.96,912.51,972.34,69.09,40.83,1.307,270.7,5.08,0.506,28.2,26.21,118.54,1068.35,182.0
2023-06-01,Malaysia,USA,0.0,49.43,868.42,997.98,1014.79,61.7,24.12,1.419,113.3,4.86,0.806,29.2,30.66,129.56,941.98,105.65
2023-06-01,Indonesia,Pakistan,21.33,53.5,886.73,1006.61,1049.62,60.62,28.27,1.487,178.1,4.18,0.818,29.2,26.16,119.88,1175.07,133.96
2014-08-01,Indonesia,USA,2.16,35.0,731.62,885.36,900.46,48.92,37.94,1.116,126.9,5.56,0.814,16.0,31.42,153.74,821.95,136.88
2017-10-01,Indonesia,USA,0.46,25.32,681.38,793.78,828.14,52.28,19.64,1.341,159.7,5.97,0.51,20.8,33.88,112.4,729.67,101.94
2014-05-01,Malaysia,Pakistan,15.53,36.51,714.64,883.64,855.54,52.33,19.32,0.95,179.7,3.51,0.693,15.6,43.0,169.0,890.15,126.78
2016-06-01,Malaysia,Pakistan,17.43,44.34,757.33,896.05,912.76,50.33,20.41,1.293,181.3,4.22,0.814,18.8,29.78,138.72,965.37,113.19
2022-05-01,Malaysia,China,9.5,39.5,811.33,929.34,950.58,57.04,44.65,1.43,237.3,3.92,0.662,27.6,25.27,118.0,980.51,190.18
2023-10-01,Malaysia,EU-27,0.0,46.11,853.71,957.96,1032.6,68.25,27.54,1.406,154.8,5.08,0.544,29.8,28.07,104.25,927.36,144.08
2015-01-01,Malaysia,India,5.54,47.65,789.01,941.06,939.02,50.06,24.19,0.993,283.5,4.17,0.114,16.6,32.05,152.05,908.54,196.66
2018-10-01,Malaysia,China,6.04,33.74,765.95,897.91,912.0,45.7,29.59,1.2,219.0,3.93,0.523,22.2,27.0,131.96,879.37,188.02
2022-07-01,Indonesia,India,25.27,35.61,789.9,934.7,922.31,62.46,48.51,1.338,315.0,4.93,0.894,27.9,20.45,144.8,1094.88,236.0
2016-12-01,Indonesia,China,8.01,32.39,704.75,799.74,862.06,51.6,25.84,1.155,298.6,5.95,0.212,19.5,29.63,94.99,824.1,195.17
2020-05-01,Malaysia,India,18.03,46.22,854.36,1004.55,1009.89,61.54,24.33,1.385,263.0,5.11,0.672,24.6,34.76,150.19,1091.7,202.62
2021-07-01,Malaysia,EU-27,0.49,38.05,801.7,943.81,948.92,57.84,43.06,1.468,177.2,3.8,0.858,26.4,35.39,142.11,887.09,179.13
2021-12-01,Malaysia,Pakistan,15.15,48.65,770.7,910.5,943.56,66.34,33.74,1.255,158.4,6.54,0.22,27.0,22.53,139.8,982.36,125.34
2018-10-01,Indonesia,Pakistan,16.91,38.71,776.99,914.26,922.81,58.51,20.15,1.219,191.6,6.65,0.51,22.2,26.38,137.28,977.15,120.06
2018-04-01,Indonesia,EU-27,8.79,25.12,705.17,845.98,869.29,54.22,23.17,1.185,191.6,3.05,0.494,21.5,33.47,140.81,819.67,161.11
2015-11-01,Malaysia,Pakistan,19.25,32.25,737.93,858.84,924.93,51.63,21.68,1.051,153.0,5.95,0.331,17.9,26.2,120.91,944.29,102.35
2014-05-01,Indonesia,EU-27,3.99,30.58,712.46,840.73,851.98,47.94,29.1,0.943,203.5,5.82,0.668,15.6,34.14,128.26,802.98,167.0
2016-07-01,Malaysia,USA,0.0,31.21,695.75,837.54,896.95,60.93,27.16,1.207,113.4,6.08,0.837,18.9,31.65,141.78,754.12,128.36
2022-04-01,Indonesia,India,19.3,42.22,741.22,838.65,867.14,66.07,46.0,1.357,310.8,5.77,0.469,27.5,25.48,97.43,989.52,210.68
2022-09-01,Indonesia,Pakistan,15.05,49.9,803.75,926.15,924.61,63.97,42.51,1.466,164.1,5.69,0.691,28.1,27.97,122.4,1031.05,132.51
2023-11-01,Malaysia,China,10.68,54.31,865.69,1025.4,1008.94,64.45,35.47,1.453,241.3,3.98,0.295,29.9,24.97,159.72,1057.48,172.18
2016-05-01,Malaysia,EU-27,9.26,45.43,742.48,853.52,871.75,47.0,23.08,1.053,184.2,6.53,0.707,18.6,28.07,111.04,886.11,145.61
2020-10-01,Malaysia,Pakistan,12.6,43.68,846.74,1006.08,1010.87,57.51,22.64,1.299,148.1,3.42,0.508,25.2,32.29,159.34,1028.14,121.5
2024-08-01,Malaysia,USA,6.94,55.69,917.2,1019.41,1055.03,61.76,21.58,1.418,89.8,4.65,0.839,31.0,35.99,102.2,1063.54,90.53
2021-07-01,Indonesia,Pakistan,18.18,40.93,784.49,886.23,980.05,67.19,41.76,1.358,177.4,4.39,0.889,26.4,43.36,101.74,1024.81,135.51
2018-08-01,Malaysia,Pakistan,20.78,42.59,760.79,874.68,895.3,67.16,22.16,1.275,155.3,2.65,0.809,22.0,25.79,113.89,997.09,100.86
2021-01-01,Malaysia,India,13.38,40.14,818.33,947.78,987.2,51.94,43.45,1.276,272.4,4.93,0.156,25.6,37.82,129.45,1022.56,187.79
2016-07-01,Indonesia,India,27.62,30.59,732.63,820.11,875.63,58.46,27.69,1.077,360.2,3.45,0.862,18.9,22.96,87.48,1009.32,190.72
2023-09-01,Malaysia,EU-27,8.07,38.95,842.07,986.67,992.6,66.91,29.24,1.403,190.8,5.13,0.671,29.6,27.05,144.59,983.7,147.2
2024-10-01,Indonesia,India,21.73,51.79,952.62,1085.02,1089.76,71.71,21.33,1.487,347.5,5.39,0.515,31.2,33.62,132.41,1248.65,227.02
2018-12-01,Malaysia,India,12.23,39.37,817.26,920.99,913.46,54.32,29.91,1.242,264.5,4.26,0.182,22.5,34.15,103.73,994.98,169.32
2020-10-01,Malaysia,USA,0.0,45.94,809.87,961.16,989.83,56.92,21.69,1.241,106.5,4.42,0.484,25.2,26.5,151.28,877.5,102.32
2014-04-01,Indonesia,Pakistan,18.3,30.99,696.24,811.92,837.68,50.37,24.73,1.109,202.3,5.35,0.465,15.5,30.54,115.68,889.55,116.05
2015-07-01,Indonesia,India,17.69,43.63,739.87,861.5,894.57,55.24,29.35,1.089,325.4,4.41,0.832,17.4,30.02,121.63,956.62,253.45
2021-06-01,Malaysia,Pakistan,16.21,38.49,821.56,941.19,999.38,70.61,40.75,1.301,171.2,5.01,0.801,26.2,24.96,119.64,1046.8,103.78
2020-06-01,Indonesia,EU-27,5.62,44.72,827.91,920.54,969.82,67.35,32.41,1.285,211.6,5.4,0.776,24.8,27.57,92.64,955.88,156.21
2021-07-01,Indonesia,USA,0.0,41.17,804.5,893.28,932.47,59.05,38.78,1.388,111.4,5.42,0.834,26.4,23.61,88.78,884.45,104.49
2024-01-01,Malaysia,India,23.93,52.32,903.42,1055.09,1014.27,72.73,21.85,1.435,272.3,5.07,0.15,30.1,31.41,151.67,1211.48,168.69
2024-11-01,Indonesia,USA,1.78,58.65,925.33,1042.66,1129.01,74.97,29.19,1.5,111.5,4.54,0.318,31.4,24.33,117.33,1031.18,72.89
2023-09-01,Malaysia,EU-27,0.0,44.86,870.33,987.77,1007.73,65.35,30.56,1.5,179.5,5.25,0.669,29.6,26.8,117.44,945.75,148.36
2023-06-01,Indonesia,Pakistan,20.65,39.05,820.12,899.11,982.58,62.62,23.88,1.5,194.6,3.8,0.804,29.2,39.52,78.99,1065.38,92.29
2021-08-01,Malaysia,India,19.28,37.13,786.97,912.58,984.82,57.48,40.43,1.498,298.5,5.18,0.816,26.5,32.36,125.61,1031.24,195.94
2022-06-01,Malaysia,Pakistan,18.93,46.99,792.0,912.69,906.75,63.09,38.29,1.297,152.6,4.33,0.812,27.8,29.47,120.69,1043.35,112.03
2014-07-01,Indonesia,Pakistan,13.15,49.15,748.2,824.72,874.03,46.17,34.99,0.979,206.3,5.4,0.883,15.9,29.46,76.52,941.81,136.45
2020-04-01,Malaysia,China,8.26,56.45,845.46,944.17,1015.05,60.89,25.04,1.344,249.9,6.24,0.522,24.5,28.5,98.71,1003.5,177.5
2015-10-01,Indonesia,India,14.84,35.36,726.68,885.61,886.09,57.62,26.05,0.994,293.8,4.02,0.521,17.8,37.1,158.94,905.01,228.51
2020-06-01,Malaysia,India,25.1,41.22,807.6,938.82,968.33,68.22,29.65,1.318,273.0,4.76,0.8,24.8,29.49,131.22,1098.98,206.96
2021-06-01,Indonesia,Pakistan,20.28,50.31,801.29,918.48,973.11,64.15,40.87,1.476,208.5,5.58,0.769,26.2,30.55,117.19,1073.43,126.47
2018-01-01,Indonesia,China,12.84,35.78,687.16,833.4,894.81,51.07,29.84,1.133,325.7,4.13,0.163,21.1,29.68,146.24,849.46,196.71
2023-12-01,Malaysia,EU-27,0.22,53.27,865.41,987.33,1004.17,68.72,26.48,1.5,182.9,5.38,0.173,30.0,35.82,121.92,947.2,124.37
2014-01-01,Indonesia,EU-27,8.2,31.26,690.6,828.24,799.8,50.27,34.34,0.844,219.0,5.51,0.161,15.1,30.88,137.64,818.19,148.46
2017-02-01,Malaysia,EU-27,4.98,32.73,707.1,881.8,817.13,57.99,22.26,1.269,152.7,4.31,0.204,19.8,32.27,174.7,800.01,161.76
2014-03-01,Indonesia,India,18.93,31.46,712.9,827.88,869.31,45.37,25.46,0.935,324.5,4.29,0.322,15.4,25.5,114.98,915.56,235.24
2022-02-01,Indonesia,China,8.39,38.76,772.53,917.03,930.7,63.56,33.01,1.423,302.7,6.0,0.186,27.2,36.3,144.5,915.13,207.43
2023-07-01,Indonesia,Pakistan,20.79,44.84,853.12,1019.88,1007.89,69.29,27.38,1.446,200.2,3.73,0.862,29.4,34.6,166.76,1117.74,128.68
2021-05-01,Malaysia,India,22.86,44.71,785.8,953.13,923.24,61.46,39.25,1.284,261.2,5.75,0.668,26.1,27.97,167.34,1068.61,217.8
2018-10-01,Malaysia,EU-27,5.67,36.22,768.47,911.86,932.01,51.19,23.88,1.298,178.4,4.35,0.476,22.2,26.12,143.38,875.51,148.5
2024-08-01,Malaysia,China,12.76,50.29,955.35,1094.59,1107.98,60.21,29.67,1.469,247.9,5.28,0.806,31.0,33.72,139.24,1167.36,185.03
2018-11-01,Indonesia,Pakistan,16.22,32.02,773.69,915.14,920.5,62.63,21.62,1.254,179.3,6.08,0.302,22.4,35.09,141.44,961.48,117.36
2021-05-01,Indonesia,USA,0.0,42.23,825.2,993.07,953.03,57.83,46.0,1.375,123.1,4.27,0.725,26.1,31.77,167.87,913.43,126.71
2023-12-01,Malaysia,India,14.66,37.77,877.25,1015.96,1023.6,64.77,29.27,1.472,285.6,4.36,0.183,30.0,30.03,138.71,1082.71,183.49
2015-11-01,Indonesia,China,10.77,36.61,743.62,877.48,894.22,55.67,29.65,1.149,292.2,5.0,0.355,17.9,31.63,133.86,897.1,202.15
2020-05-01,Indonesia,China,8.44,39.03,823.88,921.51,916.55,57.13,23.26,1.225,276.9,4.63,0.688,24.6,27.45,97.63,960.98,230.12
2024-11-01,Malaysia,Pakistan,15.02,58.22,934.17,1078.94,1044.67,71.86,24.99,1.5,166.1,3.89,0.348,31.4,24.71,144.77,1170.21,83.61
2016-11-01,Indonesia,India,13.39,28.19,674.73,804.54,859.6,52.63,19.1,1.215,338.3,5.57,0.33,19.4,25.97,129.81,818.74,228.75
2021-02-01,Indonesia,Pakistan,16.96,43.56,805.92,960.23,1012.53,56.54,36.08,1.329,193.4,4.72,0.209,25.8,30.0,154.31,1035.74,82.95
2016-02-01,Malaysia,EU-27,12.89,39.56,753.66,876.06,902.04,49.63,23.86,0.983,203.1,4.64,0.212,18.2,34.28,122.39,922.41,103.49
2022-09-01,Malaysia,EU-27,6.66,39.59,798.52,917.83,895.44,65.81,42.83,1.286,185.1,5.13,0.661,28.1,32.07,119.31,939.64,136.65
2017-09-01,Indonesia,Pakistan,18.49,36.06,698.37,825.97,865.01,54.53,35.72,1.107,190.7,6.03,0.692,20.6,33.39,127.61,912.51,158.77
2015-04-01,Indonesia,India,13.54,38.97,777.86,904.13,926.72,56.42,26.09,0.932,327.8,2.31,0.488,17.0,34.28,126.28,957.02,235.08
2020-07-01,Malaysia,China,9.15,41.59,828.64,991.27,978.87,57.28,19.69,1.278,232.4,5.23,0.869,24.9,26.44,162.62,971.35,220.89
2019-09-01,Malaysia,China,11.39,39.03,834.32,971.63,987.16,49.95,24.33,1.329,261.4,4.33,0.667,23.6,26.5,137.32,999.94,172.63
2020-05-01,Indonesia,USA,0.0,53.97,859.98,937.42,1033.27,54.57,28.63,1.244,143.7,5.16,0.667,24.6,32.38,77.44,942.58,89.55
2023-05-01,Indonesia,EU-27,4.81,37.53,838.92,1011.25,1015.39,69.95,25.25,1.394,216.4,4.6,0.702,29.1,21.3,172.34,945.1,182.07
2024-05-01,Indonesia,China,10.67,60.24,930.99,1069.5,1088.28,64.5,17.92,1.463,317.8,3.65,0.678,30.6,26.58,138.52,1116.82,205.89
2024-01-01,Malaysia,USA,0.0,37.9,857.95,994.52,1037.9,65.2,21.62,1.465,97.3,5.83,0.125,30.1,26.53,136.57,917.47,63.45
2024-08-01,Malaysia,USA,2.37,56.38,916.99,1047.14,1097.16,67.8,27.57,1.422,116.2,6.29,0.797,31.0,32.77,130.16,1024.67,107.69
2016-09-01,Indonesia,Pakistan,15.04,45.37,699.76,891.05,877.25,47.1,25.14,1.128,175.1,6.37,0.685,19.1,26.13,191.29,886.16,148.1
2018-11-01,Malaysia,EU-27,11.71,42.24,791.37,935.34,880.15,58.95,23.96,1.197,167.6,3.65,0.321,22.4,29.05,143.97,958.0,120.18
2014-12-01,Malaysia,Pakistan,11.58,35.98,741.59,891.35,928.13,51.23,21.98,1.164,186.4,5.45,0.214,16.5,31.25,149.76,892.13,98.1
2021-05-01,Indonesia,Pakistan,18.16,39.74,800.16,893.19,967.58,54.68,49.6,1.329,193.4,5.35,0.682,26.1,29.87,93.02,1051.02,88.59
2020-05-01,Malaysia,Pakistan,11.0,46.88,842.08,963.72,992.83,62.75,23.59,1.284,175.5,5.29,0.687,24.6,26.92,121.64,1012.9,132.78
2022-07-01,Indonesia,USA,0.0,34.79,787.05,937.3,943.87,70.43,43.18,1.382,120.9,6.51,0.865,27.9,33.26,150.25,865.02,149.56
2022-05-01,Malaysia,China,8.57,29.29,769.61,898.96,962.44,62.55,44.23,1.315,213.8,4.62,0.668,27.6,32.25,129.34,915.37,208.87
2019-04-01,Indonesia,EU-27,7.81,40.28,805.67,898.53,999.99,61.24,26.18,1.091,204.2,7.26,0.481,23.0,30.88,92.86,940.23,139.05
2023-12-01,Indonesia,EU-27,6.8,44.6,873.74,1013.8,1027.63,68.09,26.02,1.405,197.1,4.46,0.195,30.0,30.18,140.06,1008.56,158.9
2017-01-01,Indonesia,India,17.29,31.54,673.61,807.08,828.86,57.65,26.42,1.13,351.3,3.82,0.151,19.6,33.85,133.46,858.09,220.87
2014-12-01,Malaysia,Pakistan,13.95,47.06,738.98,893.57,870.76,41.6,26.93,1.126,145.6,4.31,0.191,16.5,24.14,154.59,926.38,97.95
2018-10-01,Malaysia,China,3.63,35.53,752.28,903.15,904.77,64.1,24.37,1.252,241.1,6.52,0.496,22.2,25.47,150.88,841.67,214.8
2019-02-01,Malaysia,EU-27,1.54,35.62,790.24,920.66,932.1,53.78,23.58,1.306,178.7,5.16,0.172,22.8,30.93,130.42,862.53,125.96
2015-12-01,Malaysia,China,9.69,42.11,748.55,896.16,892.47,52.75,26.36,1.069,258.2,4.96,0.154,18.0,28.25,147.61,896.15,170.92
2016-06-01,Indonesia,USA,0.0,40.84,721.7,799.63,873.84,56.97,26.24,1.102,143.2,4.27,0.797,18.8,33.35,77.93,788.79,99.69
2017-07-01,Indonesia,India,17.97,37.9,666.82,812.71,809.58,58.74,23.97,1.098,348.3,4.9,0.877,20.4,24.09,145.89,859.66,254.77
2024-04-01,Indonesia,USA,2.9,51.75,908.71,1055.5,1060.62,61.87,28.15,1.5,121.1,3.88,0.495,30.5,34.11,146.79,1017.23,109.84
2020-09-01,Malaysia,EU-27,1.68,46.25,839.93,979.7,1007.66,61.14,25.13,1.293,162.3,3.29,0.664,25.1,32.73,139.77,926.61,141.89
2015-10-01,Malaysia,USA,0.47,43.56,782.92,894.38,970.27,55.52,21.93,1.058,109.6,5.9,0.489,17.8,29.87,111.47,852.4,103.42
2023-02-01,Indonesia,India,14.35,39.35,786.3,925.1,928.21,64.58,30.46,1.5,341.6,3.46,0.222,28.8,33.62,138.81,978.95,209.34
2022-09-01,Malaysia,EU-27,0.0,40.93,749.96,860.76,928.46,58.87,36.18,1.313,158.9,4.45,0.641,28.1,32.97,110.8,827.07,153.81
2023-07-01,Malaysia,China,6.83,45.07,820.39,968.05,987.56,68.51,25.31,1.442,236.1,4.61,0.87,29.4,20.37,147.66,951.59,220.18
2022-03-01,Indonesia,USA,5.21,37.6,787.0,927.32,932.71,64.36,34.45,1.345,118.7,5.19,0.316,27.4,33.07,140.32,903.82,108.35
2023-04-01,Malaysia,India,20.44,36.47,799.85,952.98,964.53,62.75,22.5,1.356,276.9,4.2,0.471,29.0,30.46,153.13,1034.35,194.21
2019-12-01,Malaysia,Pakistan,21.14,49.9,840.47,956.68,959.67,62.37,25.64,1.323,147.0,5.17,0.175,24.0,29.39,116.2,1109.65,95.75
2018-12-01,Malaysia,USA,0.0,41.73,777.1,912.19,940.12,58.14,24.5,1.187,111.0,3.84,0.174,22.5,16.92,135.09,843.33,86.45
2017-09-01,Indonesia,India,14.71,43.57,703.23,880.26,868.96,58.1,23.03,1.224,312.8,7.09,0.691,20.6,25.3,177.03,883.09,271.14
2024-07-01,Indonesia,China,12.08,53.22,908.23,1015.5,1078.22,68.69,22.99,1.486,300.8,3.88,0.828,30.9,26.6,107.27,1103.36,222.85
2023-05-01,Indonesia,USA,1.24,50.85,824.52,974.08,999.79,69.71,27.51,1.5,109.9,5.15,0.681,29.1,25.32,149.55,914.09,127.15
2014-05-01,Indonesia,EU-27,5.76,43.96,689.03,804.64,783.06,56.54,29.21,1.05,199.8,3.75,0.685,15.6,29.64,115.61,806.1,150.96
2015-10-01,Malaysia,China,12.2,33.48,723.52,861.99,876.8,54.46,31.62,1.106,215.8,4.61,0.497,17.8,35.4,138.47,884.82,181.28
2015-07-01,Indonesia,Pakistan,16.25,43.82,786.77,921.36,940.46,50.45,29.93,0.991,203.0,6.43,0.83,17.4,34.6,134.58,1000.35,157.22
2022-11-01,Malaysia,EU-27,0.0,32.27,807.87,922.32,934.96,68.14,38.55,1.304,155.8,5.37,0.343,28.4,33.94,114.45,878.7,145.88
2021-09-01,Malaysia,EU-27,9.8,39.66,798.63,946.71,940.14,55.71,46.12,1.378,168.7,5.19,0.698,26.6,30.41,148.08,971.07,137.55
2018-12-01,Malaysia,China,7.14,23.5,749.66,874.16,895.13,58.37,30.77,1.353,238.4,3.73,0.194,22.5,29.06,124.51,861.33,179.57
2016-01-01,Indonesia,Pakistan,14.95,32.63,715.0,852.69,853.05,47.43,23.34,1.193,183.3,4.95,0.151,18.1,30.47,137.69,886.21,107.83
2015-05-01,Indonesia,China,4.65,33.38,749.96,863.27,819.88,47.52,20.71,1.146,315.1,5.56,0.668,17.1,26.67,113.31,841.41,219.69
2020-03-01,Indonesia,China,3.35,53.49,854.36,959.97,994.92,58.65,20.59,1.23,274.2,4.6,0.32,24.4,34.9,105.61,959.51,200.13
2023-04-01,Malaysia,Pakistan,13.14,45.87,805.38,939.22,948.99,55.23,31.75,1.343,142.4,4.83,0.458,29.0,27.78,133.83,999.06,101.05
2019-10-01,Indonesia,Pakistan,16.51,43.4,849.82,1012.67,967.67,61.55,26.62,1.219,187.3,4.87,0.523,23.8,36.89,162.85,1071.7,127.47
2020-06-01,Indonesia,USA,0.28,39.2,837.66,983.37,1012.92,64.8,25.33,1.26,143.5,6.33,0.834,24.8,34.43,145.72,904.72,123.4
2023-03-01,Malaysia,USA,3.02,38.24,803.46,948.76,1006.26,57.51,28.34,1.377,106.3,4.6,0.352,28.9,29.54,145.3,896.33,93.81
2022-01-01,Indonesia,India,18.24,42.0,775.41,891.98,967.36,63.45,39.4,1.131,336.1,3.72,0.125,27.1,20.28,116.57,1013.08,212.7
2022-08-01,Malaysia,USA,0.0,35.95,751.42,870.1,914.21,59.03,32.02,1.438,121.8,5.95,0.803,28.0,32.42,118.68,819.4,91.39
2017-02-01,Malaysia,Pakistan,10.54,28.81,695.8,834.8,792.32,57.14,14.79,1.153,162.5,4.83,0.162,19.8,37.17,139.0,817.33,100.55
2018-02-01,Indonesia,EU-27,9.03,32.15,705.16,844.87,833.31,59.58,26.61,1.188,206.2,3.61,0.176,21.2,28.07,139.71,832.89,136.54
2019-01-01,Indonesia,Pakistan,17.5,42.56,773.17,878.84,963.25,57.62,26.09,1.334,202.7,4.24,0.152,22.6,27.07,105.67,989.14,101.8
2024-11-01,Malaysia,Pakistan,17.16,55.48,918.41,1045.79,1078.6,70.18,28.77,1.466,151.0,4.84,0.314,31.4,26.71,127.38,1174.7,92.75
2015-09-01,Indonesia,India,9.99,44.32,791.26,875.79,924.73,55.55,28.16,1.081,331.0,3.9,0.689,17.6,31.55,84.54,950.02,236.59
2017-08-01,Indonesia,Pakistan,16.89,24.35,676.95,780.7,837.35,53.59,21.62,1.082,199.3,4.97,0.797,20.5,35.53,103.74,845.05,136.02
2015-04-01,Malaysia,Pakistan,16.0,49.01,778.17,904.13,935.41,54.73,22.03,1.163,145.2,4.4,0.508,17.0,35.89,125.96,985.06,102.7
2023-03-01,Indonesia,USA,0.0,45.97,810.82,957.92,961.34,70.7,21.97,1.5,149.9,3.39,0.31,28.9,26.39,147.09,878.76,104.2
2021-08-01,Malaysia,China,15.39,45.73,778.94,923.87,956.85,60.39,35.3,1.405,247.3,4.63,0.803,26.5,26.67,144.93,992.32,196.3
2015-10-01,Malaysia,India,10.91,31.0,740.41,858.09,911.7,62.15,30.56,1.097,280.0,4.83,0.512,17.8,31.82,117.68,889.47,195.92
2022-12-01,Indonesia,USA,4.43,50.09,812.76,1007.54,934.72,61.43,30.29,1.463,129.9,4.65,0.22,28.5,28.26,194.78,932.69,103.17
2018-05-01,Indonesia,USA,1.75,40.89,737.4,896.52,899.37,55.89,28.31,1.154,138.5,2.68,0.706,21.6,37.66,159.11,820.71,123.12
2018-05-01,Malaysia,China,7.8,39.41,753.58,855.99,931.81,52.2,25.85,1.219,221.7,4.57,0.691,21.6,27.84,102.41,882.74,183.64
2020-03-01,Indonesia,EU-27,8.33,39.8,848.81,974.18,998.8,66.9,24.51,1.255,211.0,5.71,0.326,24.4,30.01,125.37,989.19,126.58
2024-11-01,Indonesia,India,23.99,49.05,955.25,1083.37,1106.71,65.22,24.02,1.473,347.7,4.83,0.325,31.4,34.35,128.12,1274.97,200.86
2017-12-01,Indonesia,China,10.44,33.61,678.65,764.62,843.56,56.8,25.74,1.135,306.2,6.33,0.187,21.0,24.9,85.96,815.06,194.41
2020-07-01,Malaysia,China,10.63,42.94,824.81,980.52,976.18,63.38,29.84,1.265,244.6,4.09,0.878,24.9,29.46,155.71,993.03,200.74
2015-04-01,Indonesia,EU-27,7.52,44.13,762.21,913.21,899.5,50.86,33.17,1.036,203.1,4.55,0.488,17.0,43.23,151.0,902.68,142.14
2020-07-01,Malaysia,USA,0.0,56.78,888.77,1018.1,1057.4,60.33,22.84,1.416,119.2,6.3,0.831,24.9,28.24,129.34,968.39,92.11
2020-08-01,Indonesia,India,16.14,50.18,843.22,980.28,1049.46,60.4,22.35,1.214,341.3,4.03,0.791,25.0,37.01,137.06,1063.59,245.22
2017-02-01,Malaysia,USA,0.0,38.28,702.22,809.45,807.74,49.84,21.52,1.253,91.8,7.13,0.231,19.8,30.71,107.23,762.01,62.31
2016-06-01,Malaysia,China,7.54,43.78,709.86,818.33,875.01,55.17,26.14,1.113,247.8,4.12,0.783,18.8,28.13,108.47,838.6,196.35
2017-10-01,Indonesia,Pakistan,19.76,23.08,662.68,798.3,808.64,54.21,22.5,1.189,204.1,2.39,0.52,20.8,26.46,135.61,848.25,108.81
2023-03-01,Malaysia,USA,6.47,43.81,836.17,950.57,1002.88,64.82,28.78,1.422,91.1,4.28,0.343,28.9,27.84,114.39,967.54,59.34
2017-02-01,Indonesia,USA,3.77,31.97,690.91,844.53,863.2,54.77,29.46,1.221,139.7,4.53,0.207,19.8,28.15,153.62,780.72,94.17
2022-12-01,Indonesia,EU-27,4.75,46.93,822.52,963.52,941.31,56.29,40.01,1.336,224.1,6.48,0.192,28.5,30.55,141.0,952.61,145.28
2016-07-01,Indonesia,India,13.74,33.04,707.21,828.71,875.66,51.45,23.25,1.149,332.0,3.44,0.84,18.9,28.16,121.5,868.38,245.4
2021-11-01,Malaysia,China,8.07,50.12,780.68,913.52,871.86,65.51,35.23,1.299,244.2,5.21,0.286,26.9,25.85,132.84,935.94,188.8
2023-02-01,Malaysia,EU-27,0.73,45.27,794.66,940.25,971.43,65.86,31.39,1.5,184.2,4.8,0.197,28.8,32.59,145.59,877.66,124.86
2014-11-01,Malaysia,Pakistan,9.56,36.17,766.53,918.37,894.32,56.92,25.45,0.96,162.5,5.54,0.311,16.4,32.32,151.84,907.3,123.92
2021-11-01,Indonesia,China,7.17,31.93,745.73,897.68,914.72,52.68,34.47,1.359,269.4,5.8,0.34,26.9,38.1,151.95,870.36,230.83
2020-06-01,Indonesia,USA,0.0,45.43,832.26,955.95,990.98,63.17,27.07,1.386,143.2,3.29,0.799,24.8,25.36,123.69,904.76,104.94
2016-10-01,Indonesia,China,9.67,32.34,719.26,851.49,861.75,53.45,21.13,0.985,316.7,5.3,0.507,19.2,36.33,132.23,847.43,215.16
2019-10-01,Malaysia,China,12.83,52.59,847.57,996.46,1010.0,55.2,23.09,1.263,229.7,4.75,0.495,23.8,36.26,148.89,1041.67,193.38
2016-05-01,Malaysia,Pakistan,13.49,32.33,704.35,847.39,897.87,47.45,20.65,1.054,143.6,3.23,0.657,18.6,29.67,143.04,859.48,133.25
2024-01-01,Indonesia,China,3.6,54.38,905.67,1008.56,1062.68,61.46,29.63,1.49,296.4,3.53,0.127,30.1,25.15,102.89,1025.28,184.67
2023-06-01,Indonesia,EU-27,4.18,46.84,858.56,991.14,964.84,56.91,23.31,1.456,212.4,5.33,0.775,29.2,28.62,132.58,967.54,172.4
2020-05-01,Malaysia,China,12.38,52.97,844.35,1002.57,1000.71,55.6,28.55,1.35,264.9,4.53,0.661,24.6,31.81,158.22,1040.49,194.91
2015-12-01,Malaysia,USA,0.0,39.5,749.77,915.58,900.36,43.54,27.14,1.039,95.4,4.23,0.158,18.0,27.62,165.8,816.42,101.34
2017-07-01,Malaysia,India,6.15,36.43,701.21,841.84,870.69,50.61,23.34,1.101,255.4,4.52,0.882,20.4,27.47,140.63,807.81,239.86
2014-11-01,Malaysia,USA,1.93,44.1,759.33,932.41,934.44,48.89,19.6,1.073,109.1,6.28,0.332,16.4,17.7,173.08,838.87,116.51
2018-10-01,Malaysia,China,8.5,33.95,753.19,858.31,881.6,52.23,24.8,1.112,243.5,6.22,0.491,22.2,33.12,105.12,880.96,176.87
2017-09-01,Indonesia,Pakistan,23.09,37.08,703.66,847.97,859.5,48.43,21.66,1.181,165.5,3.09,0.699,20.6,24.0,144.31,938.42,129.98
2014-05-01,Malaysia,Pakistan,14.45,34.86,711.28,826.98,870.25,43.38,25.89,1.025,146.9,4.07,0.66,15.6,21.9,115.7,883.55,120.17
2018-04-01,Malaysia,China,6.01,34.19,740.83,862.99,894.52,49.68,27.75,1.113,239.8,5.77,0.484,21.5,23.76,122.17,851.03,196.82
2020-10-01,Malaysia,USA,3.08,45.37,827.68,983.53,1004.14,60.09,20.28,1.308,113.4,6.56,0.481,25.2,32.29,155.84,920.82,99.52
2017-09-01,Indonesia,EU-27,6.8,40.52,721.0,871.24,918.89,56.19,31.52,1.069,230.8,4.42,0.697,20.6,24.66,150.24,846.93,183.75
2024-09-01,Malaysia,India,17.34,53.06,933.78,1043.59,1050.25,62.77,22.96,1.404,278.5,6.6,0.667,31.1,34.46,109.81,1184.87,193.76
2021-12-01,Indonesia,India,23.89,40.16,789.94,903.92,909.35,66.67,43.06,1.156,350.1,4.64,0.2,27.0,28.4,113.98,1081.75,217.86
2022-11-01,Malaysia,China,5.86,44.82,798.07,918.74,974.47,62.41,47.52,1.324,245.2,5.86,0.336,28.4,33.11,120.67,942.64,187.1
2020-06-01,Malaysia,China,10.92,40.28,794.67,908.11,967.37,58.43,32.26,1.246,253.7,4.31,0.797,24.8,27.94,113.44,961.88,197.44
2023-06-01,Malaysia,China,11.51,45.3,850.57,962.8,999.33,57.48,28.23,1.419,254.4,4.75,0.818,29.2,32.67,112.23,1030.48,191.8
2014-12-01,Malaysia,China,12.81,36.79,734.79,884.6,843.51,62.37,22.69,1.033,248.2,5.24,0.227,16.5,27.62,149.8,896.02,173.19
2021-12-01,Malaysia,USA,1.15,35.07,774.92,886.64,933.45,61.18,41.82,1.375,112.4,5.19,0.192,27.0,49.03,111.72,861.62,77.87
2019-12-01,Malaysia,Pakistan,17.56,50.03,844.81,991.14,980.22,56.03,30.77,1.173,156.8,5.13,0.211,24.0,32.63,146.32,1088.16,87.33
2015-08-01,Malaysia,EU-27,3.1,29.82,757.89,910.77,958.71,55.45,33.47,1.017,177.5,4.68,0.802,17.5,24.17,152.87,846.67,183.11
2015-08-01,Malaysia,Pakistan,18.48,35.56,739.77,883.27,883.92,49.43,31.64,0.989,155.1,3.94,0.804,17.5,23.13,143.5,956.1,124.19
2022-06-01,Indonesia,USA,0.0,43.51,776.56,892.2,911.06,61.47,39.79,1.365,117.1,3.64,0.842,27.8,26.86,115.64,859.87,113.1
2014-08-01,Indonesia,China,5.32,46.08,736.85,881.9,865.35,49.06,22.37,0.994,288.8,4.88,0.831,16.0,38.95,145.05,848.16,256.48
2017-10-01,Malaysia,USA,5.06,38.33,678.34,861.63,866.49,55.85,26.33,1.197,131.7,3.85,0.533,20.8,28.87,183.3,780.6,121.51
2014-10-01,Indonesia,India,16.84,41.32,743.5,870.26,869.5,39.11,21.4,1.141,312.2,5.51,0.515,16.2,35.37,126.76,941.96,222.81
2023-11-01,Malaysia,India,14.37,53.59,869.95,1018.1,1046.85,55.91,27.9,1.463,259.2,5.24,0.349,29.9,41.59,148.15,1088.19,188.45
2021-03-01,Indonesia,India,16.4,42.73,826.28,972.23,963.08,70.54,40.98,1.3,300.8,6.8,0.342,25.9,24.24,145.96,1059.2,227.24
2021-01-01,Malaysia,China,13.83,35.96,816.83,917.02,983.36,63.02,45.75,1.358,227.9,6.63,0.148,25.6,24.04,100.2,1022.78,166.64
2017-02-01,Malaysia,Pakistan,15.51,23.55,671.87,794.19,785.43,48.48,28.76,1.107,153.1,5.38,0.193,19.8,36.15,122.32,836.53,84.45
2020-04-01,Indonesia,Pakistan,22.24,45.62,867.75,1010.75,986.49,57.63,23.23,1.338,184.6,5.36,0.499,24.5,26.02,143.0,1144.86,109.04
2020-06-01,Malaysia,Pakistan,18.85,48.88,812.17,929.34,929.03,62.76,21.01,1.33,178.7,5.31,0.813,24.8,27.64,117.16,1048.33,115.47
2015-08-01,Malaysia,India,17.96,43.64,748.24,904.13,908.87,44.46,32.65,1.155,260.0,5.13,0.815,17.5,23.28,155.9,972.62,201.35
2014-06-01,Malaysia,China,8.75,46.43,735.67,828.53,892.4,53.3,21.67,0.938,237.7,4.1,0.814,15.8,27.89,92.86,874.06,181.53
2015-04-01,Indonesia,India,21.13,41.69,738.99,833.29,894.79,51.33,31.77,1.081,317.8,4.93,0.512,17.0,33.52,94.3,984.14,197.6
2018-07-01,Indonesia,India,11.86,35.42,753.74,885.39,850.82,54.71,22.89,1.262,337.8,4.85,0.842,21.9,35.17,131.65,908.33,259.17
2018-12-01,Malaysia,USA,0.98,40.3,802.35,930.55,937.99,53.59,23.72,1.196,100.9,5.0,0.169,22.5,31.52,128.2,874.89,82.34
2018-02-01,Indonesia,Pakistan,21.95,32.14,702.63,810.87,841.25,56.25,27.67,1.271,214.5,5.03,0.154,21.2,34.62,108.24,929.78,89.48
2023-09-01,Malaysia,China,11.51,56.13,877.96,1027.65,1031.41,58.03,28.38,1.432,254.0,4.81,0.703,29.6,31.52,149.69,1073.24,191.97
2020-11-01,Malaysia,China,5.46,52.64,849.67,983.93,1021.75,56.68,32.77,1.317,255.4,5.18,0.281,25.4,31.03,134.26,986.12,192.12
2020-10-01,Indonesia,China,7.17,40.15,835.78,974.49,992.02,62.88,35.83,1.29,296.4,5.48,0.532,25.2,27.28,138.72,977.11,215.33
2021-11-01,Malaysia,China,6.93,35.05,758.21,911.46,917.0,61.42,41.24,1.158,239.2,4.11,0.305,26.9,30.93,153.25,892.33,191.13
2018-09-01,Malaysia,USA,0.0,37.89,784.03,902.43,939.85,60.67,26.48,1.202,95.5,2.42,0.657,22.1,18.2,118.4,848.4,84.2
2019-07-01,Indonesia,USA,4.37,56.49,851.57,991.7,1049.05,56.78,25.56,1.216,114.2,4.49,0.852,23.4,40.15,140.13,974.4,118.66
2020-12-01,Malaysia,USA,4.82,44.73,813.89,938.81,933.05,61.56,29.88,1.38,105.5,4.61,0.226,25.5,33.66,124.92,931.28,77.55
2019-12-01,Malaysia,USA,0.28,48.2,845.92,1003.39,1016.51,62.3,26.79,1.346,106.6,4.47,0.22,24.0,27.7,157.47,923.46,81.31
2024-06-01,Malaysia,India,19.1,53.76,915.3,1010.66,1121.46,73.22,27.58,1.5,265.7,5.53,0.825,30.8,36.08,95.37,1187.02,176.52
2017-06-01,Malaysia,India,12.89,36.3,677.94,849.87,765.8,56.39,27.29,1.304,285.9,2.96,0.831,20.2,31.02,171.94,837.15,226.34
2015-02-01,Malaysia,Pakistan,17.55,35.06,750.21,856.84,865.17,55.41,15.32,1.13,130.1,6.97,0.168,16.8,30.07,106.63,941.1,94.66
2022-09-01,Indonesia,USA,0.0,43.6,792.98,922.09,945.33,64.12,39.07,1.463,131.0,3.94,0.644,28.1,20.68,129.11,875.65,109.64
2023-04-01,Indonesia,China,9.09,56.0,857.02,974.64,989.45,64.14,32.26,1.468,319.3,4.62,0.506,29.0,28.49,117.62,1031.25,200.31
2019-02-01,Indonesia,India,20.81,41.44,817.77,999.65,967.53,55.25,22.73,1.278,329.4,4.71,0.147,22.8,28.87,181.88,1065.5,215.53
2014-01-01,Indonesia,USA,0.0,39.53,699.86,854.35,842.15,49.26,15.79,1.081,107.1,4.59,0.129,15.1,29.32,154.48,755.19,101.71
2020-05-01,Indonesia,China,8.46,40.68,837.16,981.93,957.73,57.65,19.3,1.256,318.0,4.86,0.702,24.6,30.9,144.77,973.07,219.51
2022-06-01,Indonesia,India,24.43,45.59,779.95,892.18,903.22,68.13,43.16,1.418,337.5,4.93,0.814,27.8,29.79,112.24,1080.89,233.56
2015-04-01,Malaysia,India,12.05,33.96,774.79,879.75,968.47,43.05,28.63,0.917,270.6,4.61,0.482,17.0,36.09,104.96,938.29,204.96
2017-06-01,Malaysia,China,11.75,24.15,676.21,790.65,786.15,49.25,25.38,1.138,236.4,3.5,0.765,20.2,23.53,114.44,811.04,193.23
2019-05-01,Indonesia,EU-27,12.11,44.86,826.09,928.92,1019.57,58.82,28.31,1.18,221.8,3.72,0.68,23.1,27.85,102.83,1008.16,131.73
2019-04-01,Indonesia,USA,2.81,43.77,794.68,917.13,921.7,56.82,21.82,1.371,135.0,4.13,0.494,23.0,27.23,122.45,884.42,91.85
2014-11-01,Malaysia,EU-27,7.87,29.6,723.78,832.91,826.49,49.94,27.03,1.101,175.5,3.19,0.333,16.4,29.73,109.13,841.82,108.73
2024-03-01,Malaysia,USA,0.0,52.19,904.41,1023.84,1096.33,67.07,18.2,1.497,146.7,6.16,0.33,30.4,26.7,119.43,974.81,85.22
2020-10-01,Indonesia,China,7.53,47.6,842.79,981.7,969.61,59.44,28.2,1.373,303.9,4.97,0.537,25.2,22.38,138.9,987.77,231.11
2019-06-01,Indonesia,USA,1.52,43.8,848.54,998.86,1004.11,56.37,25.87,1.192,141.7,5.5,0.821,23.2,32.79,150.32,932.21,132.03
2021-11-01,Malaysia,India,19.23,39.09,761.78,885.66,880.23,65.17,37.92,1.422,264.8,4.12,0.322,26.9,34.64,123.88,1000.12,170.77
2018-07-01,Indonesia,China,7.4,46.27,733.54,853.24,885.75,50.67,27.35,1.148,269.9,5.8,0.83,21.9,27.29,119.71,866.9,245.12
2019-04-01,Malaysia,India,20.3,34.17,792.86,967.49,907.42,58.4,31.74,1.231,257.8,6.35,0.514,23.0,27.29,174.63,1033.05,216.25
2018-12-01,Indonesia,India,10.58,43.08,755.93,893.34,856.33,62.03,31.69,1.262,279.9,5.92,0.188,22.5,29.71,137.41,918.61,232.12
2020-11-01,Malaysia,China,13.97,43.96,857.86,1010.69,1046.19,63.98,28.39,1.243,288.0,4.9,0.341,25.4,21.19,152.83,1060.16,169.19
2019-02-01,Malaysia,EU-27,9.7,39.87,796.35,923.71,937.72,56.85,35.04,1.239,195.1,5.94,0.166,22.8,23.24,127.36,955.75,113.78
2019-12-01,Malaysia,Pakistan,14.25,54.19,815.13,949.85,919.12,59.09,26.12,1.223,160.2,4.13,0.169,24.0,32.06,134.71,1023.01,92.88
2019-08-01,Indonesia,EU-27,10.69,44.25,849.07,1006.68,1001.72,62.77,24.0,1.289,221.6,2.04,0.799,23.5,20.23,157.62,1015.33,142.87
2016-07-01,Malaysia,China,10.62,45.73,745.09,886.51,848.55,56.62,24.75,1.048,237.4,4.3,0.828,18.9,36.45,141.43,902.19,210.39
2017-07-01,Indonesia,India,14.63,32.72,656.9,802.21,853.2,51.26,32.9,1.177,334.2,4.98,0.821,20.4,22.77,145.31,828.2,248.08
2017-01-01,Indonesia,EU-27,4.39,35.43,711.81,827.14,821.63,53.39,32.83,1.133,197.4,4.53,0.153,19.6,29.17,115.33,814.31,135.98
2018-04-01,Indonesia,Pakistan,17.37,34.71,705.5,808.69,911.45,50.44,25.29,1.142,194.9,3.28,0.479,21.5,35.61,103.19,898.45,98.35
2022-02-01,Malaysia,USA,0.0,42.1,799.26,889.57,915.36,55.92,35.24,1.359,120.1,3.8,0.181,27.2,35.9,90.31,876.59,51.3
2019-03-01,Indonesia,Pakistan,15.45,50.38,781.6,887.25,925.11,57.79,28.15,1.182,169.4,4.74,0.334,22.9,39.2,105.65,993.0,108.52
2024-03-01,Indonesia,Pakistan,21.01,44.92,897.96,1040.4,1074.17,64.59,28.35,1.468,191.0,4.43,0.35,30.4,26.98,142.44,1175.33,112.37
2016-03-01,Indonesia,USA,2.18,41.15,721.09,833.01,860.23,53.9,28.1,0.965,117.8,4.64,0.328,18.4,34.31,111.92,807.58,95.86
2015-01-01,Malaysia,Pakistan,20.73,36.6,754.69,867.48,941.82,49.76,20.67,0.995,149.2,4.7,0.134,16.6,23.74,112.8,980.3,85.81
2020-05-01,Indonesia,Pakistan,17.28,48.37,866.1,1005.0,1066.44,59.39,40.35,1.365,176.7,5.21,0.678,24.6,33.6,138.9,1119.79,142.46
2016-11-01,Indonesia,China,10.18,47.72,709.79,843.75,880.81,61.07,25.64,1.153,290.3,5.12,0.331,19.4,35.23,133.96,862.88,220.61
2019-06-01,Malaysia,Pakistan,9.86,39.35,823.83,948.24,958.48,54.56,22.24,1.214,180.5,4.64,0.808,23.2,31.37,124.41,972.75,141.45
2021-06-01,Indonesia,EU-27,8.28,35.59,787.07,920.5,926.02,67.15,41.46,1.366,222.1,5.39,0.816,26.2,27.79,133.44,935.68,160.91
2014-03-01,Indonesia,India,16.24,37.17,698.31,821.03,873.31,48.01,22.87,1.038,350.4,3.84,0.334,15.4,25.85,122.72,881.54,229.03
2021-05-01,Malaysia,USA,5.6,46.02,819.88,954.08,976.94,64.68,42.06,1.26,139.2,4.32,0.622,26.1,18.62,134.2,958.76,89.82
2015-09-01,Indonesia,Pakistan,18.95,36.75,717.45,823.62,845.28,59.5,24.05,1.044,171.9,4.47,0.703,17.6,23.41,106.17,925.72,117.46
2017-03-01,Indonesia,India,10.47,33.93,706.58,830.5,834.33,58.6,30.04,1.104,337.6,4.76,0.324,19.9,32.56,123.92,851.19,224.54
2023-04-01,Indonesia,Pakistan,16.25,43.21,814.81,976.42,1016.86,59.23,26.8,1.358,197.6,5.53,0.517,29.0,33.76,161.61,1028.63,132.98
2016-11-01,Malaysia,USA,2.54,35.68,717.04,849.08,828.87,51.08,25.58,1.082,102.8,6.39,0.341,19.4,27.69,132.04,798.04,88.23
2017-04-01,Indonesia,India,10.92,32.78,651.6,778.61,816.1,55.41,26.2,1.205,339.6,5.12,0.5,20.0,31.43,127.01,788.2,242.95
2016-06-01,Malaysia,China,7.42,36.36,742.94,877.77,896.63,55.32,29.24,1.133,245.4,3.4,0.833,18.8,26.69,134.83,868.58,207.22
2014-10-01,Malaysia,Pakistan,20.3,39.4,719.36,862.48,847.23,53.14,27.71,1.084,174.1,5.11,0.513,16.2,27.17,143.12,946.08,94.25
2016-08-01,Indonesia,USA,0.15,27.66,701.33,826.42,814.06,57.13,23.83,1.079,138.2,4.59,0.821,19.0,24.03,125.09,753.93,117.36
2018-04-01,Malaysia,China,8.5,44.38,725.01,862.04,899.63,52.6,27.51,1.12,235.0,5.69,0.477,21.5,27.64,137.04,864.68,198.96
2020-06-01,Indonesia,China,8.25,44.39,842.76,983.36,984.85,66.29,25.98,1.249,290.7,4.65,0.836,24.8,27.54,140.6,988.43,229.86
2021-01-01,Malaysia,China,6.05,48.85,830.59,948.85,1051.64,63.75,46.46,1.322,236.2,4.84,0.138,25.6,28.71,118.26,981.89,163.27
2022-11-01,Indonesia,China,11.9,43.63,810.74,954.79,942.59,66.43,35.2,1.343,288.8,2.9,0.348,28.4,30.55,144.05,995.46,189.36
2024-08-01,Malaysia,EU-27,3.56,56.85,929.51,1041.35,1023.0,60.38,27.39,1.495,147.4,6.07,0.808,31.0,29.4,111.84,1049.89,164.25
2018-08-01,Malaysia,China,15.23,40.11,774.64,882.56,952.33,49.57,21.76,1.126,229.1,4.94,0.803,22.0,23.82,107.92,963.92,181.96
2021-06-01,Indonesia,India,22.75,38.23,790.58,914.98,888.88,52.83,38.43,1.346,306.9,4.39,0.801,26.2,38.82,124.4,1064.49,232.18
2014-01-01,Malaysia,USA,0.0,32.88,701.65,862.81,851.57,43.31,26.95,1.038,112.2,3.96,0.142,15.1,33.67,161.16,761.48,88.9
2019-12-01,Malaysia,India,22.91,43.13,842.4,968.85,984.57,57.04,27.2,1.442,261.1,4.99,0.202,24.0,29.94,126.45,1121.87,171.15
2023-05-01,Malaysia,Pakistan,15.79,45.09,816.13,997.84,1001.71,70.53,16.31,1.481,150.5,4.1,0.669,29.1,28.21,181.71,1016.05,119.81
2018-10-01,Indonesia,India,12.95,40.22,768.81,866.1,912.82,51.22,19.58,1.162,339.5,3.39,0.536,22.2,36.02,97.28,935.9,216.34
2022-01-01,Malaysia,USA,0.3,35.94,762.73,848.68,899.87,61.88,45.1,1.263,94.6,5.29,0.127,27.1,24.0,85.95,846.32,69.63
2022-06-01,Malaysia,USA,5.15,26.52,772.82,914.42,895.77,64.27,39.32,1.247,110.5,5.64,0.793,27.8,34.63,141.6,881.84,133.08
2014-10-01,Indonesia,China,6.49,32.99,750.83,892.42,868.66,50.66,26.14,0.987,327.3,4.18,0.476,16.2,25.51,141.59,862.53,235.49
2015-02-01,Malaysia,EU-27,6.63,37.02,728.61,852.4,880.63,55.07,34.6,1.095,195.6,5.69,0.225,16.8,35.74,123.79,853.29,127.03
2024-05-01,Malaysia,Pakistan,18.72,46.72,924.01,1037.86,1029.31,69.37,23.1,1.5,168.3,5.45,0.683,30.6,28.94,113.85,1179.86,95.46
2023-12-01,Indonesia,USA,0.0,57.14,899.98,1034.75,1099.93,61.7,20.37,1.477,152.2,5.02,0.183,30.0,36.36,134.76,977.49,77.14
2019-07-01,Indonesia,Pakistan,19.45,47.86,822.05,950.32,954.07,61.98,19.83,1.213,198.0,3.14,0.817,23.4,26.33,128.27,1062.81,132.29
2015-07-01,Indonesia,China,9.26,33.74,724.35,856.27,903.26,54.45,23.76,1.161,271.7,3.85,0.848,17.4,20.03,131.92,854.24,238.04
2020-03-01,Malaysia,USA,0.0,37.34,823.41,960.52,974.81,62.03,27.98,1.214,119.6,3.63,0.311,24.4,28.19,137.11,888.72,81.43
2022-01-01,Malaysia,China,9.33,48.13,765.79,891.94,921.79,65.28,40.94,1.357,260.4,3.91,0.161,27.1,28.15,126.16,934.63,176.88
2024-05-01,Indonesia,EU-27,7.46,45.96,937.56,1057.37,1065.81,72.88,20.95,1.5,201.3,4.0,0.698,30.6,21.11,119.81,1079.44,161.4
2015-12-01,Indonesia,USA,1.54,37.19,735.18,849.72,911.7,50.7,25.62,1.025,158.0,3.34,0.205,18.0,31.88,114.54,810.3,85.85
2022-04-01,Indonesia,China,14.44,50.47,800.71,907.3,913.81,70.97,47.27,1.334,273.6,6.5,0.519,27.5,34.24,106.59,1028.15,198.51
2022-01-01,Indonesia,China,0.0,38.0,775.76,887.06,872.54,58.79,37.54,1.286,304.6,4.46,0.145,27.1,36.95,111.29,851.3,204.48
2024-12-01,Malaysia,EU-27,3.88,65.62,940.44,1092.32,1069.05,61.62,21.29,1.5,174.2,5.74,0.172,31.5,28.75,151.88,1067.2,132.44
2021-12-01,Indonesia,EU-27,6.07,39.89,813.29,931.58,942.67,66.81,38.22,1.314,184.6,6.36,0.207,27.0,21.95,118.29,945.45,157.93
2019-02-01,Indonesia,India,15.04,47.55,799.29,929.12,904.14,58.02,28.74,1.17,340.8,4.91,0.177,22.8,19.89,129.83,1007.28,221.33
2022-04-01,Indonesia,China,1.69,42.73,826.98,965.85,976.36,72.69,38.27,1.366,302.2,4.59,0.528,27.5,32.18,138.88,923.35,225.2
2024-05-01,Indonesia,EU-27,5.84,52.42,921.35,1061.37,1083.3,67.24,23.39,1.394,228.2,5.02,0.68,30.6,28.92,140.01,1055.35,173.58
2014-01-01,Indonesia,Pakistan,15.31,27.01,677.24,821.26,864.58,47.46,19.31,0.973,184.9,4.78,0.161,15.1,27.66,144.02,834.33,128.69
2017-05-01,Indonesia,USA,0.0,31.86,668.01,779.3,825.87,59.37,31.05,1.07,143.4,4.11,0.68,20.1,32.7,111.29,730.92,96.75
2014-05-01,Malaysia,China,7.01,40.12,723.47,886.48,874.74,46.28,25.04,1.044,243.0,5.97,0.678,15.6,37.14,163.01,843.93,241.5
2019-12-01,Indonesia,China,12.21,57.08,841.33,970.14,1006.13,62.76,27.46,1.363,316.7,5.49,0.186,24.0,35.48,128.81,1038.9,196.09
2019-01-01,Indonesia,India,23.74,32.72,772.46,889.34,926.73,53.39,25.36,1.191,321.1,3.43,0.151,22.6,29.58,116.88,1027.69,220.07
2017-11-01,Indonesia,USA,0.0,35.19,744.19,860.07,819.61,53.09,27.87,1.238,150.7,6.15,0.304,20.9,36.05,115.88,807.25,81.46
2015-02-01,Malaysia,USA,0.91,26.89,743.73,876.36,879.03,45.23,29.39,0.972,106.1,2.53,0.233,16.8,33.29,132.63,807.3,70.87
2019-03-01,Malaysia,India,18.77,42.06,790.48,913.47,929.28,60.9,29.37,1.23,257.3,6.02,0.313,22.9,27.35,122.99,1023.71,192.45
2019-06-01,Malaysia,China,3.56,28.99,817.55,925.18,992.77,54.83,22.5,1.346,264.6,4.08,0.796,23.2,27.68,107.63,899.98,176.11
2016-07-01,Malaysia,India,10.89,34.68,697.59,841.08,906.74,49.09,25.86,1.228,267.3,4.65,0.839,18.9,37.62,143.48,840.7,221.8
2020-05-01,Indonesia,China,0.0,40.99,854.08,956.81,1003.02,51.37,23.53,1.337,299.9,4.89,0.655,24.6,27.35,102.73,918.6,212.73
2024-11-01,Indonesia,China,7.4,44.08,909.37,1026.77,1050.31,71.12,28.25,1.5,303.6,5.43,0.334,31.4,30.14,117.4,1054.32,226.86
2016-04-01,Indonesia,USA,0.0,39.96,733.48,830.9,889.67,56.77,30.09,1.2,148.9,6.17,0.49,18.5,28.05,97.41,803.54,69.95
2021-07-01,Malaysia,EU-27,5.49,36.33,774.22,899.59,947.1,66.38,41.76,1.379,184.9,5.67,0.823,26.4,27.45,125.36,899.14,137.22
2017-09-01,Malaysia,India,14.98,34.67,700.98,798.52,890.21,48.78,25.24,1.152,264.1,6.1,0.675,20.6,23.65,97.54,874.86,199.09
2014-06-01,Malaysia,India,8.12,38.49,724.6,842.76,875.25,53.27,24.14,1.0,301.0,4.6,0.818,15.8,33.59,118.17,851.16,209.31
2024-06-01,Indonesia,China,9.72,51.05,950.98,1109.27,1093.51,68.92,30.05,1.301,313.1,5.21,0.767,30.8,24.79,158.29,1132.43,214.88
2021-12-01,Indonesia,USA,1.32,51.29,809.01,931.07,912.05,63.73,43.4,1.328,107.8,4.22,0.218,27.0,28.01,122.06,915.6,74.92
2019-12-01,Indonesia,USA,0.0,46.59,829.63,969.68,997.46,57.0,20.1,1.29,133.6,4.47,0.21,24.0,31.82,140.04,896.32,100.44
2023-03-01,Indonesia,India,24.49,41.83,832.94,966.52,994.64,61.47,25.81,1.385,317.5,5.52,0.315,28.9,30.73,133.59,1121.16,203.24
2022-03-01,Malaysia,EU-27,2.66,54.91,785.68,911.49,987.38,56.34,42.68,1.191,189.8,3.78,0.314,27.4,42.75,125.81,906.74,139.05
2020-10-01,Indonesia,Pakistan,17.87,45.73,867.31,1032.65,1011.0,57.25,28.65,1.378,203.2,5.31,0.505,25.2,33.97,165.34,1109.97,110.69
2017-02-01,Malaysia,EU-27,9.17,44.18,713.96,859.57,852.78,56.77,26.25,1.066,150.6,5.6,0.166,19.8,31.6,145.62,856.32,139.27
2023-11-01,Indonesia,Pakistan,21.46,51.54,873.14,1013.85,1025.73,70.98,23.65,1.377,180.9,6.75,0.331,29.9,40.63,140.71,1151.85,112.33
2022-03-01,Indonesia,China,12.52,40.38,809.03,952.98,968.98,65.38,39.48,1.322,298.9,4.12,0.305,27.4,21.9,143.95,1000.22,213.02
2021-05-01,Indonesia,Pakistan,24.14,46.37,795.64,922.15,904.57,64.02,48.85,1.31,170.2,6.3,0.678,26.1,25.53,126.5,1105.94,139.5
2021-09-01,Malaysia,India,21.77,34.26,775.3,880.66,942.14,55.44,41.01,1.374,276.7,3.51,0.671,26.6,36.87,105.36,1035.74,178.42
2024-02-01,Indonesia,EU-27,5.92,53.96,875.58,999.41,956.6,68.95,26.86,1.5,224.7,4.67,0.197,30.2,22.13,123.83,1012.98,138.69
2014-01-01,Malaysia,India,12.15,36.12,691.73,866.67,814.46,44.76,26.61,1.017,265.3,5.41,0.112,15.1,27.26,174.94,846.1,194.83
2022-11-01,Malaysia,China,9.63,45.32,775.16,938.28,923.38,65.15,40.8,1.5,250.2,4.36,0.355,28.4,28.95,163.12,944.24,182.5
2019-10-01,Indonesia,EU-27,9.16,46.8,829.76,942.66,963.92,56.68,25.42,1.304,206.5,5.01,0.487,23.8,26.71,112.9,984.65,149.44
2018-01-01,Indonesia,China,11.66,34.38,710.75,875.54,825.5,57.13,30.95,1.34,303.8,4.57,0.17,21.1,34.21,164.8,866.56,185.32
2015-05-01,Malaysia,China,11.35,47.53,765.64,891.37,913.25,46.23,22.61,0.967,247.3,4.77,0.698,17.1,23.85,125.74,930.63,186.21
2024-04-01,Indonesia,India,20.13,48.42,869.27,986.38,1036.42,61.63,23.15,1.475,344.8,4.72,0.479,30.5,35.82,117.11,1130.23,229.9
2016-06-01,Indonesia,India,16.15,26.15,729.98,848.99,856.43,45.66,29.49,1.089,327.4,5.47,0.766,18.8,28.89,119.01,912.47,264.26
2017-07-01,Malaysia,China,14.02,30.51,684.47,802.64,802.34,52.0,19.8,1.035,241.3,5.61,0.859,20.4,35.49,118.17,837.79,207.13
2020-02-01,Indonesia,Pakistan,15.47,55.86,833.96,963.97,960.34,52.09,32.13,1.335,182.5,4.35,0.231,24.2,30.11,130.01,1064.54,111.14
2014-08-01,Malaysia,China,7.33,38.43,723.95,883.46,843.01,50.87,22.41,1.081,245.1,4.31,0.802,16.0,37.22,159.5,842.28,219.16
2017-02-01,Indonesia,China,13.33,35.31,665.4,798.29,812.38,54.75,30.63,1.162,292.9,2.38,0.225,19.8,17.5,132.88,828.85,205.09
2020-01-01,Malaysia,EU-27,1.2,44.16,857.76,967.67,982.17,61.0,30.41,1.328,203.2,4.97,0.138,24.1,30.26,109.91,943.52,102.71
2020-05-01,Malaysia,India,21.18,40.61,807.66,945.02,968.34,50.57,27.31,1.274,277.6,4.92,0.693,24.6,30.01,137.37,1061.07,202.81
2019-03-01,Malaysia,USA,0.92,47.98,828.51,928.92,942.88,49.15,20.3,1.25,116.8,4.4,0.357,22.9,22.71,100.41,905.07,62.59
2020-03-01,Malaysia,EU-27,7.28,40.37,809.99,923.76,901.61,54.11,31.99,1.244,183.2,4.27,0.321,24.4,28.04,113.77,946.56,126.98
2022-04-01,Indonesia,EU-27,10.57,40.93,788.76,896.55,954.3,63.31,42.74,1.267,178.0,3.75,0.491,27.5,28.23,107.78,964.62,142.83
2016-08-01,Indonesia,EU-27,13.51,43.54,727.68,863.09,842.26,52.68,32.71,1.106,223.9,6.11,0.782,19.0,36.45,135.4,912.56,166.9
2018-05-01,Malaysia,USA,0.15,28.94,719.04,864.42,885.21,60.38,25.56,1.253,107.0,4.8,0.676,21.6,27.39,145.38,774.69,108.41
2020-08-01,Malaysia,India,16.43,40.42,872.49,1025.98,1036.87,64.08,27.64,1.376,266.1,3.86,0.792,25.0,32.41,153.49,1095.05,208.52
2024-12-01,Indonesia,USA,1.02,46.44,964.85,1092.63,1098.05,63.83,29.16,1.426,103.8,6.62,0.18,31.5,26.39,127.78,1051.02,98.14
2016-12-01,Malaysia,USA,2.73,27.88,695.43,819.51,800.99,56.64,21.4,1.161,115.3,5.53,0.225,19.5,24.71,124.09,765.02,76.0
2022-01-01,Malaysia,USA,3.54,38.34,758.89,868.46,896.86,69.75,31.38,1.395,115.7,3.87,0.167,27.1,25.24,109.57,857.9,62.03
2018-01-01,Malaysia,USA,0.0,26.0,708.17,801.88,844.67,50.53,18.84,1.126,110.0,3.83,0.159,21.1,33.51,93.7,753.01,55.34
2018-03-01,Indonesia,India,14.26,32.75,743.71,847.71,890.45,50.44,21.12,1.218,357.6,4.55,0.331,21.4,30.32,104.0,911.36,210.58
2019-05-01,Indonesia,EU-27,5.77,36.01,757.03,867.73,910.02,57.22,26.34,1.39,203.4,6.96,0.684,23.1,26.65,110.7,866.63,172.29
2015-04-01,Indonesia,China,12.73,33.79,714.45,873.44,862.88,53.91,27.74,1.03,315.0,4.77,0.527,17.0,30.99,158.99,874.73,233.65
2017-03-01,Indonesia,USA,1.72,35.0,672.33,807.95,821.27,55.83,29.32,1.186,136.8,4.13,0.342,19.9,26.52,135.62,749.31,86.53
2018-06-01,Indonesia,China,7.82,36.3,722.4,895.61,903.54,66.47,28.11,1.204,288.6,3.9,0.807,21.8,24.67,173.21,848.31,239.3
2019-10-01,Malaysia,China,10.35,41.4,828.66,981.62,954.21,56.72,24.24,1.22,239.1,3.64,0.495,23.8,35.32,152.97,986.84,198.55
2014-02-01,Malaysia,Pakistan,19.09,30.73,717.32,889.43,930.81,42.35,30.65,1.122,145.1,3.58,0.187,15.2,35.84,172.11,927.33,102.97
2023-11-01,Indonesia,EU-27,8.19,58.97,864.51,1013.85,1048.22,69.17,24.09,1.396,191.4,5.23,0.321,29.9,34.12,149.34,1025.17,141.5
2024-05-01,Malaysia,USA,1.8,47.01,924.35,1052.86,1026.74,66.05,33.64,1.474,101.7,4.14,0.702,30.6,25.88,128.5,1023.08,93.98
2020-08-01,Indonesia,China,11.17,46.59,844.74,978.33,969.86,60.8,23.16,1.308,322.8,3.76,0.825,25.0,18.79,133.59,1016.66,212.1
2017-07-01,Malaysia,USA,3.09,26.04,681.83,831.65,794.02,51.55,29.27,1.241,125.5,5.17,0.833,20.4,25.05,149.82,759.9,115.62
2018-06-01,Malaysia,EU-27,0.71,46.3,748.7,871.93,864.97,65.54,25.74,1.292,175.8,5.74,0.812,21.8,26.65,123.24,826.59,155.05
2018-08-01,Malaysia,USA,0.0,34.95,749.61,889.47,968.91,55.84,26.34,1.228,114.4,4.87,0.791,22.0,25.59,139.86,810.9,100.34
2020-08-01,Malaysia,Pakistan,21.56,43.55,824.18,960.31,1031.23,58.01,28.26,1.37,173.1,5.14,0.799,25.0,34.14,136.13,1089.18,114.28
2015-12-01,Malaysia,USA,4.39,36.57,736.51,870.03,907.68,49.07,28.78,1.175,126.1,5.16,0.213,18.0,38.71,133.52,837.06,74.36
2017-03-01,Malaysia,China,8.66,34.35,686.36,801.74,904.11,53.64,26.77,1.259,254.6,3.49,0.312,19.9,30.05,115.38,812.2,182.19
2014-01-01,Malaysia,USA,0.0,35.53,660.08,809.49,807.84,53.4,25.75,1.007,110.9,5.45,0.128,15.1,34.43,149.41,721.37,101.5
2022-12-01,Indonesia,USA,0.0,42.73,821.92,955.71,981.97,67.15,36.49,1.375,144.0,5.34,0.174,28.5,25.24,133.79,901.14,77.2
2020-07-01,Indonesia,India,26.8,39.72,815.03,966.99,979.7,55.49,19.52,1.427,319.8,4.69,0.847,24.9,32.91,151.96,1108.6,215.8
2014-04-01,Malaysia,China,10.64,33.14,734.54,852.58,875.56,52.4,27.71,0.964,258.2,4.64,0.475,15.5,19.28,118.04,880.0,177.46
2017-10-01,Malaysia,EU-27,3.08,31.73,681.9,780.8,850.84,56.46,21.71,1.234,204.5,4.16,0.524,20.8,25.7,98.9,757.98,115.77
2024-01-01,Indonesia,India,25.7,47.45,879.18,1033.53,1031.94,70.61,26.83,1.437,320.1,3.85,0.167,30.1,31.04,154.35,1198.53,210.87
2017-07-01,Malaysia,USA,0.0,28.31,707.08,853.23,841.95,48.3,23.04,1.11,97.3,5.33,0.83,20.4,39.18,146.16,758.43,136.72
2018-01-01,Indonesia,EU-27,0.08,35.52,699.38,837.04,803.07,57.97,27.03,1.199,197.7,5.35,0.158,21.1,28.95,137.65,762.56,151.47
2022-08-01,Indonesia,EU-27,6.94,46.22,781.29,928.76,925.9,63.04,38.63,1.474,211.6,4.06,0.802,28.0,24.4,147.47,926.28,165.03
2023-03-01,Malaysia,EU-27,5.15,59.95,778.16,909.81,902.22,67.51,20.96,1.494,160.2,5.63,0.353,28.9,28.28,131.65,903.34,126.22
2019-03-01,Malaysia,India,16.97,46.29,800.04,945.3,945.74,61.7,27.75,1.215,247.5,5.28,0.347,22.9,30.96,145.25,1022.39,175.46
2014-04-01,Malaysia,USA,0.0,29.26,678.72,803.41,871.19,47.7,23.48,1.165,133.8,5.53,0.493,15.5,36.0,124.7,731.45,77.49
2024-09-01,Indonesia,USA,3.13,53.35,947.16,1102.22,1084.63,61.02,28.41,1.5,122.5,4.66,0.706,31.1,33.34,155.06,1061.11,110.07
2022-03-01,Indonesia,India,20.88,38.13,783.56,889.26,936.92,62.64,40.1,1.315,314.9,3.55,0.304,27.4,32.11,105.7,1041.71,209.17
2019-05-01,Malaysia,USA,1.86,45.87,841.62,972.65,1000.01,61.79,23.55,1.266,129.6,4.98,0.667,23.1,34.11,131.04,928.01,80.44
2023-07-01,Indonesia,USA,3.29,37.65,828.16,963.33,1018.36,67.09,23.99,1.303,131.7,6.98,0.885,29.4,31.93,135.18,919.04,120.32
2018-08-01,Indonesia,EU-27,0.0,37.13,760.83,864.9,917.66,45.68,35.5,1.329,224.0,4.82,0.834,22.0,27.44,104.07,833.46,144.88
2022-12-01,Malaysia,USA,0.0,52.44,840.89,982.83,966.51,63.8,48.95,1.485,120.9,5.12,0.199,28.5,30.46,141.95,942.28,88.21
2024-07-01,Indonesia,EU-27,2.18,53.35,918.04,1023.57,1054.25,56.52,27.88,1.5,216.9,4.92,0.864,30.9,35.37,105.53,1021.1,153.88
2024-01-01,Indonesia,EU-27,4.33,46.02,886.71,979.94,1055.33,63.51,22.98,1.5,191.1,4.65,0.116,30.1,26.34,93.23,997.07,112.84
2014-05-01,Indonesia,China,5.15,41.72,725.15,821.87,841.46,54.13,26.81,0.983,284.3,6.7,0.663,15.6,27.08,96.71,834.57,244.99
2023-10-01,Malaysia,India,23.79,49.5,855.77,1013.47,1002.28,70.82,30.52,1.407,289.3,4.59,0.485,29.8,40.57,157.7,1158.37,182.46
2023-12-01,Indonesia,USA,0.0,41.06,870.28,972.66,1014.41,58.8,29.92,1.5,113.1,6.93,0.212,30.0,31.22,102.38,941.27,66.74
2022-11-01,Malaysia,Pakistan,12.93,42.35,800.73,969.48,951.54,70.61,35.15,1.468,156.9,5.16,0.319,28.4,32.93,168.75,991.8,117.05
2014-06-01,Indonesia,Pakistan,17.12,33.21,704.38,830.87,837.12,49.84,25.59,0.94,198.5,4.66,0.808,15.8,25.67,126.49,893.87,129.9
2017-09-01,Indonesia,China,6.55,27.07,685.83,817.72,775.55,64.77,30.57,1.089,301.8,3.64,0.669,20.6,28.54,131.89,792.16,224.65
2017-10-01,Malaysia,EU-27,5.2,31.87,711.76,824.35,877.66,59.09,26.29,1.117,178.0,5.55,0.491,20.8,25.98,112.6,809.98,136.34
2022-09-01,Malaysia,Pakistan,11.59,46.72,785.36,917.97,914.39,61.6,37.99,1.29,168.1,5.94,0.671,28.1,37.55,132.6,970.9,126.72
2021-10-01,Malaysia,USA,0.23,43.98,780.91,934.62,945.48,63.4,37.45,1.25,113.1,3.79,0.47,26.8,38.09,153.71,864.3,78.0
2016-02-01,Malaysia,USA,0.0,40.78,758.52,912.31,911.47,46.17,25.83,1.166,105.9,4.03,0.191,18.2,29.93,153.79,825.13,73.55
2023-01-01,Malaysia,China,10.16,48.35,814.2,960.82,984.94,66.29,25.1,1.245,276.6,3.89,0.164,28.6,28.3,146.62,977.8,177.83
2021-12-01,Indonesia,India,23.27,39.81,753.94,863.32,920.5,59.83,47.4,1.4,347.1,5.2,0.203,27.0,35.82,109.37,1036.93,200.92
2014-09-01,Indonesia,USA,0.0,33.96,742.8,881.07,926.81,49.1,21.33,0.99,135.0,4.75,0.667,16.1,28.25,138.27,798.09,118.22
2017-03-01,Indonesia,EU-27,6.94,34.72,724.3,863.87,888.59,56.55,26.41,1.164,207.2,6.06,0.348,19.9,24.08,139.58,839.95,158.56
2019-05-01,Indonesia,India,16.35,37.78,814.99,940.01,973.77,61.93,23.36,1.195,329.2,6.49,0.699,23.1,27.1,125.03,1019.42,252.93
2023-07-01,Malaysia,Pakistan,16.67,52.28,828.91,929.86,999.42,65.41,25.04,1.42,183.4,4.82,0.834,29.4,33.68,100.94,1057.33,104.13
2018-03-01,Indonesia,Pakistan,17.81,39.7,703.87,799.28,909.44,50.79,29.6,1.132,221.9,5.33,0.324,21.4,25.01,95.4,910.91,104.46
2023-12-01,Malaysia,USA,3.96,46.99,875.84,1037.64,1015.68,63.49,28.72,1.487,98.0,3.81,0.17,30.0,24.95,161.8,989.21,102.17
2015-06-01,Indonesia,USA,0.0,37.59,743.3,841.05,914.64,43.52,23.4,1.109,103.7,6.63,0.797,17.2,29.15,97.75,804.29,135.39
2018-02-01,Malaysia,India,7.33,39.7,738.37,834.12,902.23,52.47,28.23,1.189,302.0,4.03,0.214,21.2,31.64,95.76,865.38,185.39
2016-08-01,Indonesia,Pakistan,15.85,22.01,701.36,801.93,886.3,55.31,20.02,1.077,194.7,4.27,0.802,19.0,27.82,100.57,861.21,128.46
2018-02-01,Malaysia,Pakistan,17.7,32.13,688.18,812.37,852.91,68.13,23.44,1.221,146.9,4.94,0.203,21.2,29.01,124.19,875.37,103.34
2018-11-01,Indonesia,India,12.66,45.58,772.76,890.06,890.39,63.55,34.61,1.329,340.8,4.6,0.343,22.4,29.89,117.3,960.96,233.86
2014-01-01,Malaysia,Pakistan,18.91,35.63,701.5,818.87,850.92,55.05,24.82,0.995,170.7,4.76,0.139,15.1,36.08,117.37,905.99,88.71
2024-04-01,Malaysia,USA,5.04,43.72,897.54,1047.39,1076.98,66.76,25.4,1.48,86.2,6.21,0.483,30.5,30.34,149.85,1015.35,115.32
2020-06-01,Indonesia,India,22.34,46.66,853.25,977.18,1021.39,64.39,21.77,1.226,342.8,3.94,0.812,24.8,36.51,123.93,1127.57,222.23
2024-08-01,Malaysia,EU-27,6.7,52.99,948.51,1106.48,1108.1,64.12,23.17,1.495,163.2,3.62,0.792,31.0,21.4,157.98,1093.35,169.42
2018-12-01,Indonesia,Pakistan,16.67,31.64,772.66,919.35,958.3,57.54,24.71,1.148,172.2,6.03,0.195,22.5,30.7,146.69,967.25,121.13
2019-03-01,Malaysia,Pakistan,21.26,46.92,799.66,927.71,952.13,57.47,29.1,1.272,164.6,4.52,0.347,22.9,31.65,128.06,1061.83,94.2
2021-06-01,Indonesia,India,22.0,43.02,815.02,953.91,1016.92,71.31,40.65,1.301,333.4,3.36,0.789,26.2,33.93,138.89,1096.44,236.83
2024-03-01,Indonesia,USA,0.0,47.22,900.04,998.36,1060.59,73.7,28.79,1.418,136.4,4.84,0.317,30.4,29.92,98.32,976.06,87.79
2014-03-01,Indonesia,USA,0.0,38.59,707.98,830.52,869.1,39.27,21.4,1.083,130.5,3.96,0.31,15.4,31.07,122.55,767.96,106.9
2024-12-01,Malaysia,EU-27,6.98,52.63,981.19,1110.81,1141.16,67.02,23.08,1.41,175.0,3.69,0.226,31.5,27.85,129.62,1130.64,98.91
2021-01-01,Indonesia,USA,1.78,40.77,827.16,940.63,967.36,63.77,34.57,1.366,140.3,4.52,0.159,25.6,27.77,113.46,918.52,68.15
2019-02-01,Malaysia,China,12.13,45.43,796.17,917.05,993.83,61.42,25.8,1.319,226.5,6.35,0.212,22.8,32.43,120.88,972.64,166.28
2017-01-01,Indonesia,Pakistan,9.73,33.62,705.28,810.78,870.42,48.3,27.03,1.132,228.6,5.18,0.153,19.6,32.15,105.5,840.44,102.11
2019-03-01,Indonesia,EU-27,4.47,44.77,819.59,939.85,988.9,65.31,24.49,1.277,185.0,4.45,0.314,22.9,28.29,120.25,928.59,126.17
2023-11-01,Indonesia,China,11.55,59.35,873.1,1036.9,982.26,66.45,24.03,1.407,282.7,5.94,0.308,29.9,28.15,163.8,1066.98,203.99
2019-08-01,Malaysia,EU-27,1.53,48.95,846.51,962.39,964.14,59.66,23.97,1.193,165.9,3.78,0.804,23.5,27.27,115.88,933.49,157.77
2017-09-01,Indonesia,China,8.76,31.8,681.12,846.33,834.49,60.75,22.2,1.164,285.0,4.99,0.678,20.6,29.39,165.21,799.49,256.61
2021-11-01,Malaysia,Pakistan,13.5,37.09,789.53,940.47,872.48,56.84,42.55,1.298,144.7,5.04,0.32,26.9,35.61,150.94,986.5,110.16
2020-10-01,Malaysia,China,8.81,42.91,822.19,979.08,985.79,60.08,25.6,1.31,242.8,5.36,0.515,25.2,27.18,156.89,969.13,198.85
2017-06-01,Malaysia,EU-27,3.94,34.06,665.84,805.59,773.4,60.7,26.77,1.243,201.3,5.96,0.815,20.2,28.58,139.75,755.27,155.13
2020-07-01,Indonesia,USA,0.0,43.29,840.59,970.32,971.78,53.64,23.05,1.359,116.2,4.63,0.873,24.9,34.55,129.72,906.93,122.52
2017-08-01,Indonesia,India,13.63,27.87,680.45,834.63,856.13,53.35,18.95,1.221,341.0,5.28,0.746,20.5,29.11,154.18,826.42,257.52
2020-06-01,Malaysia,China,12.61,38.57,850.03,1013.03,961.59,63.0,25.28,1.221,253.0,4.44,0.801,24.8,27.94,163.0,1029.08,207.4
2021-02-01,Indonesia,China,4.55,39.29,819.06,961.24,923.23,66.7,41.24,1.448,295.2,3.75,0.218,25.8,27.8,142.18,940.51,205.18
2015-05-01,Malaysia,Pakistan,17.65,35.79,769.4,894.52,912.57,54.24,26.49,0.955,155.0,3.92,0.671,17.1,27.95,125.11,978.47,111.89
2021-01-01,Malaysia,China,7.09,36.42,789.23,952.1,959.72,62.92,42.5,1.24,269.8,4.76,0.19,25.6,38.52,162.88,929.73,201.29
2014-08-01,Indonesia,EU-27,6.97,41.39,742.05,872.93,887.51,58.34,26.57,0.953,215.7,4.14,0.801,16.0,31.53,130.88,866.45,151.73
2024-03-01,Indonesia,India,22.34,47.61,873.36,989.81,1028.03,64.52,26.79,1.417,334.2,5.91,0.314,30.4,34.58,116.44,1159.47,215.13
2020-02-01,Indonesia,China,11.0,49.03,823.46,938.67,942.23,59.56,23.92,1.377,298.7,6.07,0.194,24.2,28.85,115.21,994.99,203.61
2019-01-01,Malaysia,India,15.16,44.03,794.61,931.41,955.14,64.03,24.03,1.178,300.2,5.25,0.181,22.6,26.26,136.79,993.5,190.98
2017-05-01,Indonesia,India,16.8,28.37,677.15,813.35,851.95,55.69,27.22,1.102,331.2,4.31,0.671,20.1,21.24,136.2,855.81,243.13
2015-07-01,Malaysia,EU-27,2.83,37.71,755.16,892.24,938.71,49.35,26.12,1.079,171.9,5.89,0.87,17.4,35.44,137.08,842.14,150.8
2024-12-01,Malaysia,USA,4.11,49.31,952.42,1071.12,1093.13,59.95,24.08,1.5,112.5,5.16,0.185,31.5,23.71,118.7,1068.03,70.73
2018-09-01,Indonesia,USA,1.91,35.08,743.71,881.59,917.87,57.04,28.78,1.128,127.9,4.1,0.745,22.1,33.26,137.88,823.0,98.15
2024-05-01,Indonesia,India,17.88,46.74,888.41,980.01,1006.5,62.51,29.34,1.46,341.5,3.73,0.667,30.6,25.31,91.59,1136.93,219.66
2021-08-01,Malaysia,India,15.1,47.44,786.37,907.04,894.71,66.76,40.61,1.304,278.4,4.67,0.83,26.5,40.61,120.66,1006.5,211.56
2021-07-01,Malaysia,USA,0.0,39.58,782.28,913.41,926.63,62.76,41.58,1.284,125.8,5.99,0.862,26.4,30.35,131.13,863.43,84.03
2022-07-01,Indonesia,India,19.5,47.11,787.86,886.0,941.18,67.97,37.01,1.432,313.2,5.83,0.868,27.9,32.34,98.13,1042.01,233.86
2016-11-01,Malaysia,India,10.01,32.63,703.19,800.75,846.41,49.12,27.1,1.196,265.6,6.01,0.291,19.4,25.81,97.56,839.31,211.27
2017-02-01,Malaysia,USA,4.27,30.44,670.91,799.35,847.09,57.68,26.57,1.126,94.9,4.97,0.194,19.8,20.64,128.44,758.98,87.62
2021-09-01,Malaysia,Pakistan,17.02,38.33,755.0,848.9,899.75,66.97,36.59,1.289,167.7,5.0,0.692,26.6,36.02,93.9,971.17,100.41
2021-09-01,Indonesia,India,22.13,36.29,794.13,944.93,974.63,65.43,35.72,1.293,342.0,4.87,0.692,26.6,35.01,150.8,1057.81,226.47
2017-12-01,Malaysia,Pakistan,13.97,34.96,689.69,826.93,842.83,46.59,30.09,1.183,171.3,5.34,0.208,21.0,33.08,137.24,860.22,95.76
2024-01-01,Malaysia,EU-27,5.19,42.25,872.07,1002.35,1023.8,66.8,25.39,1.477,176.9,5.75,0.162,30.1,25.65,130.28,988.5,119.27
2021-04-01,Malaysia,USA,0.0,48.89,810.64,993.57,985.68,58.49,38.42,1.452,121.2,3.44,0.517,26.0,19.22,182.93,897.95,104.81
2019-06-01,Indonesia,Pakistan,11.39,39.87,836.32,987.62,958.91,65.5,20.34,1.112,183.8,4.99,0.806,23.2,30.65,151.31,998.63,145.87
2017-05-01,Indonesia,China,8.75,36.6,670.91,836.44,820.87,48.48,21.47,1.083,324.3,5.1,0.666,20.1,29.47,165.53,792.74,244.23
2018-09-01,Malaysia,China,8.4,46.71,756.08,891.18,942.88,46.56,29.82,1.309,246.9,4.26,0.654,22.1,24.52,135.1,902.53,200.09
2023-05-01,Indonesia,EU-27,2.93,36.2,820.61,980.77,970.43,58.9,25.58,1.424,215.2,6.06,0.675,29.1,36.34,160.16,908.21,183.86
2014-02-01,Indonesia,Pakistan,12.68,29.63,668.33,788.62,814.57,45.5,29.72,1.096,222.7,6.49,0.173,15.2,27.96,120.29,819.92,114.93
2017-02-01,Indonesia,EU-27,11.46,30.25,689.8,797.8,887.03,56.98,27.46,1.083,183.6,5.54,0.188,19.8,25.02,107.99,833.15,118.49
2024-05-01,Indonesia,USA,0.0,55.47,916.32,1048.37,1108.65,66.49,25.85,1.5,140.5,5.75,0.644,30.6,33.63,132.05,997.64,100.92
2016-12-01,Indonesia,USA,6.27,35.79,706.78,814.82,851.95,52.06,28.7,1.206,144.6,2.77,0.193,19.5,33.39,108.03,819.63,62.59
2017-03-01,Malaysia,India,15.68,27.67,659.88,808.51,789.63,53.88,28.23,1.295,283.3,3.77,0.324,19.9,33.62,148.63,827.99,187.18
2024-07-01,Indonesia,USA,0.0,55.05,916.6,1033.43,1078.91,68.63,20.93,1.36,153.6,3.68,0.82,30.9,28.37,116.83,992.57,101.98
2018-07-01,Indonesia,EU-27,8.49,28.93,736.33,852.78,899.25,56.9,30.37,1.307,210.1,5.46,0.87,21.9,29.1,116.44,863.16,169.5
2022-05-01,Indonesia,USA,0.0,42.94,770.21,906.94,893.99,66.4,42.34,1.366,156.5,4.13,0.702,27.6,35.87,136.73,855.49,112.02
2014-07-01,Malaysia,USA,1.55,37.67,731.46,872.92,900.97,43.94,24.63,1.008,116.0,4.21,0.862,15.9,25.99,141.46,806.08,113.33
2019-01-01,Malaysia,Pakistan,16.05,38.85,765.93,858.09,920.16,47.37,33.54,1.274,165.7,4.13,0.139,22.6,27.9,92.16,972.84,75.59
2021-01-01,Malaysia,India,22.4,32.63,808.8,930.02,981.11,64.66,45.98,1.257,296.9,7.02,0.174,25.6,25.71,121.22,1086.2,165.61
2023-10-01,Indonesia,China,11.08,51.11,860.08,965.54,959.47,61.39,27.19,1.461,322.7,6.21,0.519,29.8,35.78,105.45,1042.36,200.37
2015-09-01,Indonesia,China,10.65,33.71,762.03,917.09,897.26,53.12,32.25,1.077,285.1,4.8,0.656,17.6,27.1,155.07,916.15,222.68
2014-09-01,Indonesia,China,5.63,34.93,754.32,882.93,925.68,53.69,24.35,1.158,318.0,4.9,0.73,16.1,23.45,128.61,859.37,226.1
2022-03-01,Indonesia,India,21.27,38.74,796.65,983.67,966.5,54.35,34.92,1.409,317.9,6.35,0.352,27.4,26.35,187.01,1055.39,230.25
2021-01-01,Indonesia,USA,5.5,41.76,807.59,943.79,972.88,55.52,43.67,1.233,135.1,3.5,0.152,25.6,32.16,136.19,942.1,77.73
2020-07-01,Indonesia,Pakistan,19.71,42.63,826.59,1013.48,980.22,58.99,23.26,1.188,180.2,2.89,0.856,24.9,31.08,186.89,1068.36,147.9
2016-08-01,Malaysia,India,14.19,29.65,679.62,824.36,818.22,54.1,27.83,1.041,273.3,5.29,0.792,19.0,25.04,144.74,841.66,214.15
2016-10-01,Indonesia,Pakistan,11.12,31.19,721.72,884.9,871.9,53.98,28.05,1.19,170.4,4.71,0.543,19.2,29.56,163.17,867.82,154.79
2019-07-01,Malaysia,China,9.73,39.63,807.32,938.2,984.09,52.38,28.8,1.198,257.8,4.64,0.831,23.4,30.32,130.88,960.93,187.16
2014-10-01,Indonesia,Pakistan,20.32,41.95,733.53,852.55,873.2,48.27,23.03,1.037,182.6,5.22,0.498,16.2,32.26,119.02,960.75,114.01
2016-03-01,Malaysia,India,6.26,37.49,769.78,940.03,917.5,48.09,22.35,1.051,250.1,5.5,0.335,18.4,25.42,170.26,881.55,244.77
2019-12-01,Malaysia,EU-27,0.75,38.18,843.99,997.08,1015.63,62.74,32.05,1.228,179.0,6.01,0.23,24.0,32.87,153.08,921.05,140.78
2015-07-01,Malaysia,EU-27,4.32,38.77,760.24,874.49,835.95,47.17,32.83,1.147,169.0,5.3,0.797,17.4,36.13,114.25,867.76,149.38
2019-04-01,Malaysia,China,10.05,44.66,812.66,951.6,961.4,59.37,29.98,1.189,265.4,3.2,0.513,23.0,30.84,138.94,976.46,172.21
2022-05-01,Malaysia,USA,0.0,47.34,805.83,985.48,951.26,58.01,38.71,1.177,115.9,5.69,0.685,27.6,33.37,179.65,891.89,143.59
2018-12-01,Malaysia,China,12.12,40.81,778.03,920.44,937.86,56.43,22.27,1.16,252.9,3.89,0.196,22.5,35.29,142.41,943.02,166.1
2015-11-01,Indonesia,India,17.04,43.94,744.99,918.23,930.54,44.07,24.37,1.116,310.8,3.8,0.32,17.9,23.23,173.24,951.91,237.72
2023-11-01,Malaysia,Pakistan,8.5,49.65,887.78,1007.77,1046.57,71.78,26.23,1.5,170.2,5.62,0.316,29.9,33.35,119.98,1045.57,105.73
2024-08-01,Malaysia,USA,0.0,61.93,948.63,1070.61,1069.58,62.67,28.62,1.5,123.0,4.6,0.836,31.0,26.55,121.97,1039.18,110.72
2014-03-01,Indonesia,China,7.99,34.81,704.29,805.97,876.17,41.42,24.05,0.999,279.6,3.81,0.335,15.4,30.15,101.68,824.13,201.69
2015-07-01,Indonesia,Pakistan,19.47,40.72,780.93,884.09,920.8,48.32,25.57,0.943,200.6,4.58,0.852,17.4,26.26,103.16,1012.15,117.84
2023-07-01,Malaysia,Pakistan,18.99,50.12,873.56,1036.13,1041.5,63.62,26.93,1.451,165.1,5.31,0.894,29.4,29.03,162.57,1131.12,127.41
2014-03-01,Malaysia,China,6.65,45.43,689.06,814.87,790.73,45.18,29.0,0.982,236.3,2.36,0.296,15.4,21.7,125.81,814.24,170.09
2024-02-01,Malaysia,EU-27,3.37,48.69,896.11,961.15,1018.0,71.65,22.3,1.386,140.6,4.44,0.206,30.2,31.23,65.04,999.67,87.91
2017-08-01,Malaysia,USA,1.13,27.11,665.62,850.14,841.13,62.71,28.69,1.331,117.8,4.69,0.809,20.5,35.58,184.53,729.56,128.58
2023-03-01,Indonesia,India,20.66,28.27,816.06,933.75,936.23,69.32,23.59,1.372,343.5,4.73,0.323,28.9,33.21,117.7,1047.22,222.62
2021-09-01,Indonesia,Pakistan,18.51,46.25,759.11,921.01,1004.01,62.57,33.15,1.419,193.8,4.03,0.665,26.6,23.42,161.9,993.74,141.22
2019-04-01,Malaysia,India,23.82,47.16,790.58,918.31,915.48,49.69,24.39,1.307,270.1,4.2,0.487,23.0,28.84,127.74,1067.44,179.77
2016-01-01,Malaysia,Pakistan,17.89,36.35,708.99,823.99,903.09,47.66,28.05,1.139,158.9,4.23,0.135,18.1,28.35,114.99,911.73,96.97
2020-09-01,Indonesia,Pakistan,17.04,45.2,810.37,972.41,929.3,59.21,20.83,1.367,205.9,4.14,0.674,25.1,33.13,162.04,1025.71,133.98
2017-03-01,Malaysia,China,6.95,35.45,691.46,813.54,882.88,57.56,31.07,1.05,232.7,4.79,0.326,19.9,29.74,122.08,810.65,185.69
2019-01-01,Indonesia,Pakistan,21.75,43.77,783.2,902.62,1001.48,66.95,34.03,1.211,176.8,4.27,0.13,22.6,30.61,119.42,1048.3,101.9
2018-11-01,Indonesia,USA,0.0,40.15,791.49,940.44,986.58,48.64,29.26,1.295,136.0,5.61,0.355,22.4,26.06,148.95,860.91,118.93
2021-04-01,Indonesia,India,18.41,49.48,833.0,977.89,1032.68,68.7,38.46,1.324,316.2,3.11,0.499,26.0,25.22,144.89,1090.44,231.54
2020-08-01,Indonesia,India,15.21,48.66,847.31,967.36,987.47,57.61,29.14,1.368,327.1,4.08,0.794,25.0,27.42,120.04,1065.8,225.07
2016-03-01,Malaysia,China,12.02,38.06,737.67,876.55,853.29,37.76,28.19,1.195,233.8,2.99,0.345,18.4,33.26,138.88,900.52,175.93
2015-08-01,Indonesia,USA,1.05,42.17,750.39,902.64,867.48,59.28,27.29,1.079,128.5,4.65,0.75,17.5,32.81,152.25,828.44,147.84
2017-04-01,Indonesia,India,15.98,26.11,673.98,826.23,815.57,57.94,30.59,1.187,341.8,5.13,0.503,20.0,31.77,152.25,847.44,233.62
2023-06-01,Indonesia,USA,0.0,43.16,829.98,972.67,1027.38,64.38,32.48,1.492,152.9,5.11,0.804,29.2,32.12,142.69,905.63,129.53
2020-05-01,Indonesia,India,23.22,48.91,839.64,945.0,946.47,55.23,25.09,1.314,324.4,4.07,0.683,24.6,33.31,105.36,1125.77,230.86
2022-07-01,Indonesia,EU-27,3.97,43.65,796.41,915.19,948.5,55.59,39.58,1.403,223.9,3.56,0.854,27.9,26.6,118.78,914.57,157.76
2018-05-01,Malaysia,USA,0.0,39.62,736.38,849.1,861.63,52.75,30.5,1.229,129.9,3.96,0.66,21.6,32.21,112.72,806.5,94.4
2022-10-01,Indonesia,EU-27,7.36,32.02,756.7,911.8,925.25,68.11,39.75,1.368,198.9,6.44,0.48,28.2,27.68,155.1,889.42,175.87
2021-10-01,Malaysia,EU-27,5.03,45.01,790.26,924.6,983.44,58.14,37.14,1.361,189.2,4.28,0.497,26.8,24.24,134.34,916.33,138.66
2019-12-01,Malaysia,Pakistan,19.39,38.5,831.73,952.96,995.77,73.4,26.95,1.218,153.1,4.49,0.195,24.0,34.39,121.23,1071.13,86.82
2023-10-01,Malaysia,China,10.9,42.04,871.86,1020.71,1061.92,71.43,33.37,1.382,243.2,5.51,0.515,29.8,32.86,148.85,1050.48,181.02
2023-12-01,Malaysia,China,9.63,48.51,882.4,1008.84,1012.42,67.22,27.53,1.5,238.7,4.84,0.184,30.0,31.47,126.44,1050.77,167.93
2022-08-01,Indonesia,China,11.57,43.71,773.55,904.13,949.18,51.65,40.94,1.236,288.9,3.78,0.826,28.0,23.98,130.58,957.5,230.03
2024-05-01,Malaysia,India,14.22,56.97,925.93,1065.92,1054.65,65.89,26.14,1.392,305.9,2.25,0.674,30.6,36.57,139.99,1152.53,184.87
2023-09-01,Malaysia,India,19.19,47.08,864.44,989.2,1036.11,56.57,24.64,1.429,269.6,5.91,0.674,29.6,44.11,124.75,1115.78,194.57
2024-10-01,Malaysia,India,15.86,53.77,922.91,1026.21,1060.27,60.89,36.36,1.5,264.5,5.75,0.493,31.2,25.65,103.3,1173.75,184.31
2022-01-01,Indonesia,India,17.05,40.91,737.51,856.91,871.85,74.28,32.77,1.413,369.2,5.86,0.177,27.1,29.52,119.4,949.5,217.3
2020-03-01,Indonesia,India,18.19,45.54,871.75,1025.68,1076.4,60.36,21.25,1.338,323.3,1.74,0.374,24.4,27.15,153.94,1109.29,205.21
2017-01-01,Indonesia,USA,1.18,38.89,723.67,891.19,899.51,58.15,21.07,1.148,119.6,3.41,0.158,19.6,35.79,167.53,792.85,105.68
2018-12-01,Indonesia,Pakistan,15.98,44.21,794.82,922.42,994.83,57.16,28.8,1.174,175.4,3.16,0.191,22.5,36.08,127.6,1006.5,110.81
2019-12-01,Malaysia,China,16.46,38.11,863.15,1002.28,993.19,58.6,22.91,1.255,239.6,5.25,0.208,24.0,30.23,139.13,1076.26,163.72
2019-03-01,Malaysia,Pakistan,15.68,37.57,787.46,897.97,884.15,65.01,26.89,1.18,121.2,7.76,0.329,22.9,27.05,110.51,985.45,101.73
2017-07-01,Malaysia,China,14.72,35.05,662.69,785.2,799.14,58.3,29.46,1.138,261.2,5.81,0.841,20.4,28.83,122.52,834.24,184.53
2017-06-01,Malaysia,Pakistan,14.49,33.81,664.38,784.84,784.42,58.32,21.12,1.25,165.5,5.2,0.822,20.2,31.59,120.46,823.54,115.88
2023-03-01,Malaysia,USA,0.0,45.3,829.44,964.28,989.21,63.44,14.58,1.288,89.2,2.39,0.334,28.9,26.05,134.84,889.32,87.38
2020-02-01,Malaysia,India,18.84,49.9,862.97,962.91,1019.26,62.02,31.76,1.267,267.7,3.71,0.16,24.2,28.44,99.95,1122.57,156.78
2022-05-01,Indonesia,China,5.59,40.3,772.86,926.88,905.87,60.58,37.13,1.452,303.2,4.23,0.692,27.6,30.04,154.01,897.86,242.13
2014-11-01,Indonesia,China,9.84,37.68,760.05,890.72,921.93,54.8,22.71,1.104,302.8,5.02,0.313,16.4,31.5,130.67,901.19,207.7
2023-11-01,Indonesia,EU-27,6.74,41.42,881.66,982.43,1032.99,69.36,23.02,1.5,207.0,3.98,0.35,29.9,37.75,100.77,1009.85,115.39
2024-03-01,Malaysia,China,9.46,56.46,897.76,1019.12,1038.29,62.16,21.67,1.496,243.6,4.55,0.349,30.4,34.01,121.36,1068.22,174.66
2024-05-01,Malaysia,China,7.56,56.44,926.37,1018.15,1069.94,71.29,24.53,1.4,229.1,3.87,0.678,30.6,29.77,91.79,1083.52,182.41
2014-04-01,Indonesia,China,5.95,36.99,707.73,837.51,851.37,42.7,24.87,1.013,312.5,4.75,0.475,15.5,40.38,129.77,815.41,220.81
2023-02-01,Indonesia,China,8.67,39.4,802.97,974.49,955.25,59.44,23.16,1.427,294.6,4.05,0.192,28.8,32.74,171.52,940.59,221.89
2021-09-01,Malaysia,USA,2.77,35.16,774.18,897.81,875.27,67.21,36.63,1.324,128.6,4.73,0.678,26.6,30.76,123.63,869.39,102.86
2023-12-01,Malaysia,Pakistan,15.91,48.11,876.39,963.66,1014.25,68.84,28.42,1.48,168.7,5.11,0.21,30.0,33.15,87.26,1104.51,77.96
2018-10-01,Indonesia,EU-27,11.94,36.57,747.77,847.77,930.1,54.6,24.45,1.254,220.0,6.96,0.517,22.2,35.36,100.0,905.33,132.16
2015-11-01,Malaysia,USA,1.48,39.74,765.04,896.86,868.4,43.87,29.16,0.905,125.5,5.88,0.297,17.9,37.04,131.82,846.25,99.25
2021-03-01,Malaysia,USA,0.23,47.8,809.89,950.47,973.54,57.85,39.7,1.311,120.2,3.5,0.281,25.9,31.44,140.59,899.45,98.36
2017-03-01,Indonesia,USA,0.0,34.31,722.34,881.34,873.22,50.64,31.8,1.213,129.5,6.05,0.334,19.9,28.91,159.0,788.45,114.61
2020-08-01,Malaysia,China,11.44,38.13,831.07,980.86,946.86,62.88,25.09,1.413,256.1,4.54,0.811,25.0,26.57,149.79,996.6,197.95
2019-12-01,Malaysia,China,6.57,46.49,862.96,969.76,1018.27,55.29,24.32,1.2,251.5,5.35,0.18,24.0,29.08,106.8,995.13,164.54
2016-11-01,Indonesia,India,15.42,31.17,696.49,825.24,854.57,59.09,25.95,1.058,318.9,5.23,0.262,19.4,28.92,128.75,869.79,240.96
2016-11-01,Indonesia,China,9.09,37.33,706.48,860.38,866.0,54.25,28.07,1.032,289.6,5.76,0.33,19.4,28.91,153.9,842.03,237.67
2016-08-01,Malaysia,USA,0.63,34.23,706.46,844.94,854.18,47.62,25.7,1.191,108.9,4.87,0.805,19.0,32.51,138.48,771.22,105.98
2021-10-01,Indonesia,USA,0.0,40.28,795.53,916.55,933.9,67.54,43.82,1.374,130.5,4.46,0.483,26.8,22.26,121.01,879.63,102.94
2017-02-01,Malaysia,India,9.57,35.94,675.82,803.21,826.61,58.7,20.08,1.145,280.7,5.43,0.231,19.8,41.89,127.38,801.85,201.04
2017-01-01,Indonesia,India,9.42,30.0,669.85,804.1,816.81,50.98,24.9,1.158,311.6,4.56,0.162,19.6,33.38,134.25,793.02,221.52
2018-09-01,Indonesia,Pakistan,18.55,45.66,755.52,902.12,993.44,52.06,24.04,1.192,195.9,7.34,0.688,22.1,25.79,146.6,978.27,131.42
2016-10-01,Malaysia,USA,4.1,38.06,693.85,786.74,812.2,56.63,29.03,1.232,124.0,3.27,0.519,19.2,34.69,92.89,792.16,52.88
2015-05-01,Malaysia,India,12.4,40.04,768.16,897.13,935.31,44.68,23.17,1.045,266.5,3.69,0.663,17.1,30.95,128.96,934.49,197.68
2024-11-01,Malaysia,Pakistan,20.08,47.45,919.27,1030.27,1105.69,65.69,32.03,1.5,170.7,3.5,0.299,31.4,31.29,111.0,1199.27,75.05
2016-08-01,Malaysia,USA,3.74,37.58,705.24,822.75,869.11,52.42,22.53,1.091,98.4,3.94,0.767,19.0,34.71,117.51,793.97,111.66
2014-05-01,Malaysia,China,4.41,39.36,698.08,842.16,825.34,42.5,25.46,0.977,245.2,5.88,0.691,15.6,32.19,144.08,796.55,227.87
2019-03-01,Indonesia,EU-27,6.55,44.59,793.48,926.56,949.31,52.68,24.79,1.167,226.7,5.43,0.317,22.9,30.48,133.08,919.4,141.46
2024-08-01,Malaysia,EU-27,8.17,53.9,907.19,1016.31,1044.2,67.63,26.84,1.5,176.2,5.0,0.796,31.0,24.65,109.13,1068.62,138.38
2021-12-01,Malaysia,Pakistan,11.33,34.64,773.1,911.44,981.35,68.49,32.38,1.385,156.2,5.43,0.187,27.0,28.02,138.34,935.3,90.17
2020-10-01,Indonesia,USA,1.39,41.56,851.21,960.42,970.34,54.7,30.33,1.462,130.3,6.82,0.511,25.2,30.81,109.22,935.89,87.44
2023-09-01,Malaysia,Pakistan,15.48,37.9,840.22,947.52,992.67,64.47,28.44,1.47,174.1,5.12,0.72,29.6,40.04,107.3,1046.87,101.29
2016-02-01,Malaysia,Pakistan,11.81,34.91,736.16,851.47,879.97,60.12,30.57,1.038,131.8,3.31,0.185,18.2,29.81,115.31,896.31,96.96
2019-12-01,Malaysia,USA,4.5,58.68,858.71,967.52,1013.28,61.68,30.17,1.239,89.0,5.03,0.21,24.0,24.23,108.81,990.17,70.59
2024-03-01,Malaysia,USA,0.73,50.44,894.63,1066.8,1051.41,57.6,28.42,1.5,103.0,4.15,0.334,30.4,39.13,172.16,980.65,109.37
2014-05-01,Indonesia,Pakistan,18.46,44.77,748.15,861.23,870.13,49.03,24.12,1.047,210.3,5.02,0.667,15.6,32.85,113.09,967.9,123.5
2023-06-01,Indonesia,China,12.14,39.39,845.27,984.93,952.28,64.05,26.69,1.388,293.3,6.46,0.77,29.2,33.83,139.66,1021.96,226.24
2021-07-01,Malaysia,USA,0.77,43.78,782.72,924.94,899.72,53.47,37.54,1.274,128.0,4.74,0.83,26.4,22.51,142.22,870.71,113.55
2024-12-01,Indonesia,China,12.98,50.71,925.17,1046.64,1073.83,71.04,33.55,1.487,310.6,6.73,0.2,31.5,23.13,121.47,1140.49,195.09
2024-04-01,Malaysia,EU-27,7.64,51.8,905.37,1016.42,1029.49,67.93,21.41,1.423,180.0,5.46,0.496,30.5,25.53,111.05,1053.33,139.02
2018-07-01,Malaysia,Pakistan,11.77,36.87,777.57,937.7,936.21,62.11,29.06,1.229,156.5,2.3,0.841,21.9,24.13,160.13,942.79,134.15
2022-09-01,Malaysia,Pakistan,9.9,43.05,794.0,874.22,1001.27,70.0,39.03,1.409,167.5,4.0,0.674,28.1,20.95,80.21,962.81,112.53
2017-06-01,Malaysia,India,9.4,24.26,651.66,806.43,807.41,52.35,26.75,1.185,261.2,3.59,0.817,20.2,33.72,154.77,768.76,217.86
2014-12-01,Malaysia,EU-27,5.17,30.92,740.0,905.62,919.16,57.16,27.84,0.927,170.8,4.99,0.244,16.5,31.59,165.62,840.09,155.63
2014-01-01,Malaysia,Pakistan,13.46,33.23,686.31,818.58,809.19,42.22,24.17,0.93,162.6,5.34,0.152,15.1,27.19,132.26,843.81,104.05
2023-03-01,Malaysia,India,25.48,44.97,855.93,964.69,993.92,67.46,18.8,1.271,308.3,2.89,0.327,28.9,22.44,108.75,1154.04,143.92
2016-11-01,Indonesia,India,12.89,30.8,687.54,829.64,848.06,47.08,27.41,1.068,317.0,3.63,0.288,19.4,33.14,142.1,841.88,232.57
2019-09-01,Indonesia,China,9.75,43.76,846.98,1000.93,1000.94,57.48,29.93,1.34,306.6,3.15,0.689,23.6,36.42,153.96,1010.39,223.34
2022-12-01,Indonesia,Pakistan,22.12,42.62,817.82,925.48,998.96,58.3,41.84,1.5,196.9,4.67,0.214,28.5,25.16,107.66,1101.88,68.11
2018-11-01,Malaysia,EU-27,8.59,40.65,784.34,918.64,939.08,51.65,26.13,1.289,161.6,5.03,0.333,22.4,27.27,134.3,924.2,133.02
2024-03-01,Malaysia,USA,0.68,60.54,910.92,1059.83,1078.31,56.68,29.89,1.5,100.7,4.93,0.321,30.4,29.99,148.91,1008.12,91.66
2017-03-01,Indonesia,EU-27,4.65,28.64,690.58,801.46,850.93,56.78,36.51,1.141,198.4,5.51,0.324,19.9,24.57,110.89,790.86,155.47
2024-03-01,Indonesia,EU-27,7.1,59.57,886.98,1010.89,1040.04,70.97,30.54,1.5,194.9,4.65,0.335,30.4,25.89,123.91,1046.42,149.1
2022-07-01,Malaysia,Pakistan,15.56,41.05,789.82,908.93,915.36,58.56,34.32,1.293,151.2,5.72,0.841,27.9,22.62,119.11,999.8,128.7
2024-01-01,Indonesia,India,16.05,41.7,890.55,1036.92,1006.1,70.08,26.09,1.406,324.0,4.95,0.139,30.1,25.26,146.37,1112.16,218.52
2024-10-01,Malaysia,Pakistan,12.49,52.31,929.59,1041.95,1051.3,65.78,24.43,1.494,157.3,6.57,0.472,31.2,29.06,112.36,1131.99,104.26
2024-09-01,Indonesia,China,4.92,39.82,919.08,1059.61,1034.55,71.9,30.95,1.429,323.6,5.36,0.691,31.1,35.23,140.53,1038.5,241.19
2022-12-01,Indonesia,China,14.35,44.19,802.59,932.27,981.78,63.41,37.9,1.403,317.0,6.22,0.143,28.5,24.02,129.68,1011.65,189.35
2019-12-01,Malaysia,USA,1.28,52.44,868.23,1019.39,1056.19,65.16,27.87,1.201,116.3,3.71,0.172,24.0,31.4,151.16,960.7,81.19
2023-09-01,Malaysia,Pakistan,15.92,42.89,850.57,1036.19,994.34,65.65,24.0,1.422,142.2,3.98,0.673,29.6,27.97,185.62,1063.49,122.16
2016-12-01,Indonesia,India,19.44,33.02,714.63,853.6,859.25,49.44,24.63,1.117,353.4,4.91,0.196,19.5,34.42,138.98,922.43,197.45
2018-11-01,Malaysia,India,7.96,37.77,782.32,935.54,927.06,59.56,32.86,1.295,284.7,3.91,0.295,22.4,25.21,153.22,920.82,196.38
2019-02-01,Malaysia,India,21.28,48.03,805.66,934.79,960.46,63.88,16.35,1.22,250.7,5.27,0.159,22.8,35.27,129.12,1055.21,192.93
2024-03-01,Indonesia,EU-27,11.9,52.62,899.03,1036.56,1092.48,76.89,32.46,1.398,198.4,5.74,0.326,30.4,33.37,137.53,1101.17,141.93
2015-10-01,Malaysia,EU-27,4.36,42.89,767.58,867.27,890.63,54.96,25.12,1.161,172.2,2.85,0.505,17.8,19.16,99.7,872.05,106.38
2023-07-01,Indonesia,USA,0.0,46.67,867.07,964.04,1059.29,61.22,32.0,1.386,124.2,4.27,0.873,29.4,27.77,96.98,945.74,102.75
2019-12-01,Malaysia,EU-27,5.15,44.39,845.09,986.9,926.39,53.23,24.69,1.204,155.8,6.81,0.197,24.0,33.21,141.81,961.26,149.18
2017-09-01,Indonesia,Pakistan,16.1,29.92,695.5,764.8,843.9,59.27,23.04,1.193,174.7,5.04,0.678,20.6,23.33,69.3,868.94,111.51
2016-01-01,Indonesia,EU-27,7.96,36.32,763.12,918.23,913.69,54.67,22.39,1.151,196.0,4.46,0.143,18.1,31.84,155.11,887.28,143.79
2019-09-01,Malaysia,Pakistan,18.56,38.2,829.86,935.44,953.67,63.01,28.38,1.21,151.6,6.0,0.669,23.6,28.53,105.58,1062.82,93.79
2017-11-01,Indonesia,EU-27,7.54,35.35,693.33,826.41,861.55,54.44,24.22,1.133,217.0,5.25,0.354,20.9,30.02,133.08,809.63,139.74
2019-08-01,Malaysia,China,7.85,35.38,792.41,922.27,961.07,59.37,25.95,1.172,256.4,4.86,0.833,23.5,20.23,129.86,920.79,200.7
2016-03-01,Indonesia,China,9.02,40.53,745.52,826.33,896.79,57.87,28.2,1.08,265.0,6.14,0.334,18.4,23.75,80.81,887.71,218.13
2016-02-01,Malaysia,Pakistan,14.63,40.1,760.26,894.69,899.48,64.12,26.7,1.089,164.9,3.96,0.209,18.2,21.21,134.44,948.04,81.58
2014-05-01,Malaysia,USA,5.57,28.94,748.72,851.08,843.84,42.59,22.18,0.917,106.7,4.36,0.665,15.6,39.28,102.36,844.37,75.63
2021-04-01,Indonesia,India,19.72,44.21,804.2,941.65,926.76,63.63,39.57,1.19,349.8,6.87,0.496,26.0,25.51,137.45,1063.09,244.96
2016-06-01,Malaysia,Pakistan,15.02,49.31,753.08,859.98,927.01,46.9,23.25,1.059,173.8,3.61,0.825,18.8,28.1,106.9,949.62,112.99
2023-04-01,Malaysia,China,12.06,50.34,822.38,906.92,970.92,68.68,23.3,1.396,245.3,5.51,0.495,29.0,32.62,84.54,1004.13,167.97
2017-04-01,Malaysia,China,5.6,27.58,676.2,822.63,820.42,58.02,29.77,1.147,243.5,3.88,0.516,20.0,39.33,146.43,774.62,212.32
2018-05-01,Indonesia,India,17.74,34.57,744.51,868.1,881.67,55.92,26.89,1.214,331.2,5.66,0.676,21.6,29.3,123.59,948.94,241.8
2023-05-01,Malaysia,Pakistan,13.83,38.53,793.83,900.31,956.97,70.93,24.34,1.35,140.6,3.15,0.648,29.1,38.16,106.48,975.21,100.27
2014-11-01,Indonesia,Pakistan,17.6,32.22,747.44,868.91,878.09,49.24,27.85,1.019,192.7,4.77,0.297,16.4,36.5,121.47,949.62,114.73
2024-03-01,Malaysia,EU-27,4.59,52.16,895.72,1048.13,1096.5,65.26,31.97,1.432,185.2,3.98,0.332,30.4,34.85,152.42,1024.78,128.44
2024-08-01,Indonesia,USA,0.0,54.81,907.98,1069.16,1097.15,60.55,29.72,1.5,167.2,5.22,0.829,31.0,43.35,161.19,992.5,127.76
2019-10-01,Indonesia,EU-27,6.74,51.25,823.88,935.95,969.68,56.67,30.38,1.173,207.3,4.5,0.487,23.8,40.77,112.07,966.57,146.31
2022-09-01,Malaysia,China,10.39,45.0,804.7,956.87,899.29,60.25,39.98,1.399,233.9,2.4,0.716,28.1,25.16,152.18,982.15,191.31
2017-01-01,Malaysia,USA,2.38,36.53,690.72,824.09,766.96,49.38,22.19,1.03,112.3,1.89,0.127,19.6,38.8,133.38,767.3,76.97
2020-07-01,Indonesia,EU-27,2.78,50.9,807.07,928.3,992.06,61.82,16.3,1.308,232.0,3.23,0.84,24.9,22.97,121.23,898.54,169.59
2014-01-01,Malaysia,Pakistan,17.63,24.99,672.7,812.19,844.65,50.46,31.34,1.077,153.4,5.77,0.174,15.1,29.74,139.48,857.57,99.79
2022-12-01,Malaysia,China,12.79,39.16,824.87,942.19,1042.0,59.78,43.15,1.409,250.9,5.47,0.202,28.5,30.79,117.32,1023.19,150.13
2018-08-01,Indonesia,Pakistan,19.14,42.65,777.0,922.57,947.44,49.79,30.32,1.205,167.2,4.32,0.793,22.0,29.41,145.57,1012.68,136.76
2018-12-01,Indonesia,China,6.57,39.2,777.56,916.27,896.81,58.8,18.68,1.293,294.7,5.14,0.18,22.5,27.2,138.71,890.34,202.1
2020-12-01,Indonesia,Pakistan,18.43,44.16,826.41,982.05,1008.64,65.81,30.5,1.384,176.0,5.12,0.21,25.5,26.63,155.64,1067.18,113.62
2016-08-01,Indonesia,USA,0.0,40.66,718.44,848.69,856.49,51.05,33.49,1.023,147.1,4.76,0.79,19.0,30.72,130.24,792.59,107.34
2020-12-01,Malaysia,EU-27,4.79,51.89,827.77,919.87,1004.36,57.55,30.68,1.329,172.6,4.65,0.241,25.5,30.86,92.11,953.97,132.96
2024-11-01,Malaysia,China,5.8,56.05,932.99,1101.12,1097.59,62.93,25.17,1.5,254.2,3.76,0.301,31.4,31.73,168.14,1073.0,198.72
2014-01-01,Indonesia,China,6.06,41.65,707.96,835.36,870.89,44.99,25.9,1.066,308.7,3.42,0.137,15.1,30.32,127.4,822.5,200.79
2020-01-01,Malaysia,China,7.08,43.93,858.56,987.6,1010.5,51.76,24.22,1.251,255.4,6.57,0.123,24.1,29.0,129.04,992.29,170.37
2021-03-01,Indonesia,USA,0.0,36.75,786.4,888.46,910.76,58.89,38.21,1.398,161.6,5.91,0.32,25.9,22.95,102.07,861.35,80.31
2018-09-01,Malaysia,China,9.62,40.21,764.74,870.5,943.28,57.74,34.14,1.262,244.2,4.94,0.658,22.1,27.38,105.76,919.84,195.27
2024-06-01,Malaysia,India,17.53,47.41,918.37,1055.6,1081.6,63.16,27.63,1.478,246.6,5.31,0.807,30.8,38.52,137.23,1167.51,217.81
2022-02-01,Malaysia,USA,4.08,27.45,758.78,848.8,935.55,60.23,47.41,1.437,107.6,3.07,0.17,27.2,26.54,90.02,867.65,60.7
2023-10-01,Indonesia,India,22.34,45.76,853.32,1005.4,957.98,56.71,19.0,1.314,328.0,5.06,0.506,29.8,26.97,152.08,1123.14,221.88
2023-02-01,Malaysia,Pakistan,19.23,36.79,787.19,900.35,927.82,59.2,29.15,1.43,159.0,6.29,0.152,28.8,29.02,113.16,1017.18,85.21
2014-02-01,Indonesia,EU-27,9.37,29.69,659.52,763.23,810.0,44.67,24.7,0.985,206.6,4.38,0.18,15.2,34.95,103.72,780.8,125.74
2024-12-01,Indonesia,EU-27,11.51,49.31,927.43,1052.61,1110.13,70.37,21.34,1.5,207.7,4.0,0.207,31.5,26.47,125.18,1112.94,124.25
2021-06-01,Indonesia,India,20.47,48.73,806.17,940.47,1003.0,56.2,38.66,1.282,333.8,3.02,0.811,26.2,28.74,134.3,1076.48,238.38
2017-01-01,Malaysia,Pakistan,9.16,41.14,682.1,826.86,852.01,53.57,25.15,1.33,167.7,4.59,0.159,19.6,19.9,144.77,816.92,109.28
2016-06-01,Malaysia,Pakistan,14.14,43.62,765.25,853.72,937.73,43.06,22.53,1.081,139.1,3.88,0.787,18.8,27.69,88.46,948.99,114.51
2024-12-01,Malaysia,EU-27,2.57,53.7,955.11,1089.04,1124.41,63.08,29.25,1.5,181.1,4.58,0.182,31.5,35.26,133.93,1064.71,115.06
2015-01-01,Indonesia,USA,0.0,32.45,726.04,845.49,838.39,49.59,22.57,1.061,121.7,6.44,0.146,16.6,34.59,119.45,781.07,83.5
2015-07-01,Indonesia,EU-27,6.22,46.04,723.7,814.57,872.76,53.18,23.92,1.051,207.4,4.84,0.848,17.4,29.13,90.87,843.0,150.89
2017-07-01,Malaysia,USA,0.0,29.82,701.97,857.13,841.15,59.86,23.06,1.18,87.8,4.03,0.841,20.4,34.1,155.16,754.85,127.44
2015-08-01,Indonesia,India,15.6,39.54,736.9,871.04,863.37,40.65,27.39,1.111,347.1,3.83,0.795,17.5,23.56,134.13,929.26,246.21
2017-04-01,Malaysia,EU-27,0.49,43.44,711.02,859.77,837.59,55.07,17.94,1.127,162.5,5.47,0.538,20.0,33.27,148.74,776.22,185.53
2016-11-01,Indonesia,China,5.71,28.19,674.41,775.78,799.4,53.86,28.48,1.046,283.1,4.4,0.319,19.4,35.05,101.37,772.86,203.72
2017-01-01,Malaysia,China,9.3,32.6,680.61,810.01,845.29,62.92,33.99,1.051,230.2,5.4,0.176,19.6,37.16,129.4,816.68,167.75
2019-05-01,Malaysia,Pakistan,18.82,52.08,846.52,963.77,1003.92,57.42,28.17,1.209,156.4,3.57,0.68,23.1,25.97,117.26,1101.22,123.64
2016-06-01,Indonesia,China,3.74,34.05,709.19,840.64,898.84,53.39,25.57,1.149,310.9,5.27,0.793,18.8,36.9,131.45,797.57,246.15
2021-07-01,Indonesia,China,12.45,39.86,785.97,931.74,969.26,66.43,44.29,1.435,292.6,3.42,0.883,26.4,27.69,145.78,978.44,214.92
2019-03-01,Malaysia,China,4.8,36.65,806.68,921.2,945.05,53.83,30.73,1.214,256.4,4.62,0.321,22.9,29.62,114.52,916.05,185.63
2015-08-01,Indonesia,China,9.47,35.76,738.5,901.09,860.68,58.19,26.37,1.096,285.6,3.87,0.799,17.5,32.18,162.6,876.45,252.28
2024-03-01,Indonesia,India,16.55,51.0,924.75,1061.53,1074.55,67.29,34.23,1.5,332.8,4.26,0.346,30.4,29.82,136.77,1177.19,221.77
2020-04-01,Malaysia,China,12.43,48.75,844.75,953.23,993.65,58.53,30.69,1.28,242.2,5.68,0.503,24.5,18.2,108.48,1039.08,166.98
2021-06-01,Malaysia,Pakistan,20.91,34.65,758.07,892.42,876.73,65.25,41.3,1.187,153.4,5.11,0.8,26.2,30.56,134.34,1008.44,115.29
2024-08-01,Indonesia,USA,0.0,59.1,902.87,1032.02,1078.71,69.97,25.7,1.365,140.9,4.66,0.802,31.0,34.44,129.15,987.67,104.43
2020-03-01,Indonesia,USA,0.0,44.97,840.27,988.54,1039.89,64.06,32.16,1.202,143.6,3.35,0.359,24.4,27.85,148.27,917.4,116.87
2024-08-01,Malaysia,EU-27,0.0,48.39,912.05,1046.34,1057.01,65.19,21.56,1.5,189.4,5.54,0.81,31.0,25.74,134.29,982.0,151.53
2018-08-01,Malaysia,EU-27,6.95,30.73,766.45,893.25,963.0,60.66,26.69,1.201,173.2,3.24,0.781,22.0,29.66,126.8,881.13,152.96
2019-06-01,Indonesia,Pakistan,17.15,39.1,833.08,973.12,975.93,55.83,22.78,1.287,192.7,3.83,0.801,23.2,22.18,140.04,1048.41,130.06
2015-12-01,Malaysia,Pakistan,12.96,40.06,738.3,839.31,912.52,55.94,32.57,1.037,162.0,5.2,0.208,18.0,33.85,101.01,916.02,89.9
2020-11-01,Malaysia,China,6.92,47.48,811.16,917.64,970.09,64.54,34.67,1.407,236.9,5.83,0.343,25.4,30.32,106.48,955.15,180.32
2016-09-01,Indonesia,India,15.83,38.8,720.09,893.8,953.02,59.13,27.74,1.29,333.4,4.39,0.686,19.1,40.44,173.71,911.18,242.51
2019-04-01,Indonesia,Pakistan,19.71,47.33,777.03,889.83,956.15,57.33,26.5,1.302,204.4,3.4,0.485,23.0,21.58,112.81,1018.56,93.82
2024-05-01,Malaysia,USA,0.0,57.5,904.06,1028.44,1001.64,69.02,26.74,1.486,107.6,4.68,0.682,30.6,34.53,124.38,988.29,83.1
2021-09-01,Malaysia,EU-27,3.07,39.03,815.39,943.54,936.59,60.92,46.29,1.353,189.9,5.21,0.685,26.6,29.93,128.15,928.37,139.34
2020-05-01,Indonesia,China,11.04,41.43,867.49,1001.99,1030.85,66.33,26.85,1.334,272.8,4.76,0.668,24.6,26.73,134.51,1039.12,225.91
2024-01-01,Malaysia,USA,0.0,45.36,881.16,1021.45,1109.98,66.17,24.16,1.396,112.2,5.6,0.124,30.1,21.53,140.29,950.68,110.36
2014-01-01,Malaysia,China,6.4,29.43,670.57,782.7,837.51,43.76,23.57,0.895,265.6,5.01,0.181,15.1,29.17,112.13,769.87,164.32
2020-09-01,Indonesia,India,22.32,50.13,849.22,981.78,1004.66,55.56,26.51,1.271,325.4,5.02,0.676,25.1,34.52,132.56,1132.52,229.18
2022-06-01,Indonesia,India,21.11,33.27,756.15,901.58,924.36,59.26,50.78,1.308,319.5,6.4,0.801,27.8,33.02,145.43,1017.59,248.39
2018-02-01,Malaysia,India,11.35,38.4,737.67,832.56,896.24,58.55,24.55,1.221,276.5,7.02,0.169,21.2,31.0,94.88,891.48,179.97
2021-05-01,Malaysia,EU-27,7.29,40.45,803.91,930.92,944.15,58.73,39.91,1.35,165.4,5.41,0.656,26.1,32.47,127.01,948.69,148.51
2021-08-01,Indonesia,China,11.63,42.13,801.35,929.92,939.96,63.24,44.84,1.333,285.3,4.79,0.805,26.5,29.59,128.58,991.62,236.49
2016-11-01,Malaysia,USA,0.0,31.41,713.71,869.39,931.65,65.51,28.42,1.116,110.7,7.25,0.303,19.4,31.33,155.69,773.54,111.66
2024-11-01,Malaysia,EU-27,5.72,49.12,937.4,1103.47,1074.98,74.62,28.38,1.5,181.9,3.81,0.279,31.4,27.53,166.06,1072.95,151.07
2023-01-01,Indonesia,USA,3.09,41.74,815.45,961.14,964.82,57.92,21.11,1.5,117.9,5.68,0.135,28.6,30.68,145.69,905.42,91.13
2015-01-01,Malaysia,China,4.01,37.83,758.69,897.48,952.83,59.47,26.56,0.968,245.0,5.89,0.173,16.6,31.87,138.79,856.1,195.59
2023-10-01,Malaysia,Pakistan,14.37,53.95,875.11,1013.86,996.96,72.02,23.19,1.345,152.4,4.68,0.504,29.8,32.67,138.75,1089.11,125.07
2024-12-01,Indonesia,EU-27,9.78,59.95,950.72,1078.94,1109.31,69.78,20.4,1.5,213.7,5.19,0.194,31.5,33.52,128.22,1131.93,136.19
2014-08-01,Malaysia,EU-27,2.52,37.83,735.94,839.41,887.48,51.97,21.11,1.101,183.0,5.54,0.802,16.0,21.67,103.47,814.89,140.13
2019-06-01,Malaysia,EU-27,5.43,42.21,826.29,938.04,988.36,54.02,33.01,1.317,194.4,4.82,0.82,23.2,30.46,111.75,950.42,154.2
2020-03-01,Indonesia,Pakistan,17.37,43.02,844.19,1033.6,992.84,56.2,25.28,1.31,182.8,4.92,0.372,24.4,20.83,189.41,1070.96,115.87
2016-05-01,Indonesia,EU-27,12.98,40.28,736.46,881.98,891.43,65.0,31.1,1.071,210.1,5.65,0.705,18.6,25.42,145.52,912.69,151.05
2018-10-01,Malaysia,India,10.4,37.08,770.56,882.05,947.09,56.62,28.75,1.172,295.3,4.64,0.493,22.2,33.09,111.5,923.41,201.38
2019-11-01,Indonesia,EU-27,7.01,55.41,826.59,949.89,967.28,66.59,24.35,1.24,224.1,2.28,0.341,23.9,29.54,123.3,969.92,131.53
2014-04-01,Malaysia,Pakistan,14.38,38.02,703.05,876.12,873.96,42.87,26.13,0.942,160.0,4.28,0.512,15.5,24.69,173.07,877.55,107.42
2014-04-01,Malaysia,Pakistan,15.02,34.6,732.73,853.39,878.18,40.99,24.67,0.974,150.5,4.56,0.499,15.5,18.7,120.66,910.97,97.55
2019-12-01,Malaysia,EU-27,3.74,45.07,833.42,971.67,985.11,61.83,24.39,1.281,179.5,5.02,0.19,24.0,33.45,138.25,936.69,120.36
2014-12-01,Malaysia,USA,4.76,46.47,784.93,913.1,953.4,55.47,23.01,0.944,101.7,4.97,0.182,16.5,21.87,128.17,895.06,66.77
2022-10-01,Indonesia,EU-27,0.0,43.64,844.53,994.69,992.85,66.36,43.39,1.422,185.1,4.86,0.484,28.2,25.47,150.15,931.56,161.33
2021-09-01,Indonesia,USA,0.0,42.87,774.42,947.7,965.64,64.09,35.97,1.26,138.9,4.32,0.635,26.6,32.93,173.28,853.26,143.12
2016-07-01,Malaysia,India,16.19,26.56,726.55,840.46,874.95,44.12,19.43,1.191,299.9,4.51,0.849,18.9,34.54,113.92,897.61,206.92
2024-09-01,Indonesia,Pakistan,15.87,50.73,931.62,1028.47,1037.26,63.71,26.91,1.469,179.0,5.19,0.689,31.1,25.96,96.85,1169.41,105.31
2017-12-01,Indonesia,China,10.66,32.77,706.65,814.98,822.89,52.03,25.65,1.147,313.2,5.28,0.166,21.0,34.51,108.33,846.66,195.53
2020-05-01,Malaysia,India,18.55,39.53,883.9,1036.52,1036.55,63.05,23.38,1.225,263.5,6.59,0.697,24.6,32.2,152.62,1122.43,214.61
2021-07-01,Malaysia,EU-27,5.2,37.71,759.34,885.31,873.57,61.14,38.05,1.248,169.7,4.01,0.848,26.4,32.11,125.97,878.55,165.98
2022-11-01,Indonesia,EU-27,4.48,36.33,822.64,957.68,918.13,62.77,40.01,1.353,210.6,5.53,0.359,28.4,29.83,135.04,939.22,136.96
2017-12-01,Malaysia,USA,0.0,38.43,693.74,828.81,854.42,58.8,27.56,1.081,115.2,3.5,0.207,21.0,30.6,135.07,759.73,66.08
2019-08-01,Indonesia,Pakistan,18.79,44.69,854.93,985.39,968.95,55.43,25.49,1.285,191.5,7.12,0.849,23.5,28.45,130.46,1098.93,145.77
2019-11-01,Indonesia,USA,0.0,43.99,815.73,925.89,998.02,53.52,19.24,1.28,120.0,4.39,0.323,23.9,21.52,110.16,878.96,84.54
2023-01-01,Indonesia,USA,0.0,47.22,788.53,888.72,909.99,54.66,19.82,1.477,113.8,5.3,0.203,28.6,32.95,100.2,855.57,71.12
2024-10-01,Malaysia,USA,0.0,53.81,927.01,1076.54,1088.03,68.83,18.83,1.451,135.5,5.67,0.497,31.2,24.54,149.54,999.65,117.81
2021-12-01,Malaysia,Pakistan,11.52,38.42,772.02,898.5,897.37,72.3,31.83,1.283,140.4,4.26,0.192,27.0,27.89,126.47,939.31,97.3
2014-05-01,Indonesia,India,18.94,36.57,719.71,861.84,870.19,50.47,30.38,0.927,311.1,6.12,0.681,15.6,32.98,142.13,935.68,260.87
2016-01-01,Malaysia,USA,0.2,35.27,729.99,858.39,901.96,51.75,24.0,1.157,120.9,6.85,0.162,18.1,27.51,128.4,790.83,70.87
2014-12-01,Indonesia,China,6.87,35.22,768.15,880.07,919.46,48.79,24.08,1.08,299.2,4.31,0.184,16.5,40.72,111.92,884.33,202.77
2020-11-01,Malaysia,USA,2.96,41.08,809.44,931.55,948.31,55.42,25.09,1.221,139.5,7.23,0.309,25.4,36.13,122.11,901.51,82.71
2015-02-01,Malaysia,USA,0.0,30.74,784.79,914.06,949.68,54.36,28.62,0.989,121.3,5.55,0.201,16.8,34.52,129.28,844.15,73.23
2022-04-01,Indonesia,China,5.44,31.33,744.94,882.89,847.13,67.78,45.55,1.408,309.3,4.32,0.498,27.5,37.84,137.94,866.51,220.52
2018-09-01,Malaysia,USA,0.42,45.92,801.5,934.62,920.27,56.64,21.73,1.073,113.0,5.15,0.671,22.1,30.14,133.12,872.79,107.0
2022-10-01,Indonesia,China,10.51,39.93,755.57,890.5,903.99,61.03,46.42,1.444,298.1,2.52,0.519,28.2,34.69,134.93,930.4,213.63
2021-03-01,Malaysia,China,10.54,37.32,769.31,868.11,951.31,66.77,36.83,1.372,238.0,4.16,0.341,25.9,34.91,98.8,932.38,172.78
2015-07-01,Indonesia,Pakistan,16.26,31.13,752.67,840.87,913.86,45.47,30.45,1.101,170.4,5.0,0.863,17.4,28.94,88.2,946.67,145.87
2018-01-01,Malaysia,India,10.41,33.1,726.73,852.05,858.05,47.68,21.22,1.219,275.1,5.78,0.164,21.1,26.8,125.33,862.36,193.1
2015-02-01,Malaysia,India,11.41,45.19,762.83,896.47,895.79,54.13,25.38,0.962,294.3,5.17,0.178,16.8,27.99,133.65,928.51,179.9
2021-06-01,Indonesia,EU-27,1.78,41.1,815.27,921.17,951.35,61.87,40.35,1.425,203.6,3.55,0.799,26.2,27.17,105.9,912.68,154.48
2022-04-01,Malaysia,USA,2.76,35.52,767.67,908.42,958.94,58.21,40.01,1.335,102.3,4.44,0.488,27.5,29.34,140.75,866.46,114.26
2018-06-01,Malaysia,EU-27,7.95,26.3,713.12,849.13,865.26,54.29,19.19,1.22,193.2,4.92,0.806,21.8,24.76,136.01,818.9,130.7
2019-07-01,Indonesia,EU-27,1.49,38.15,808.48,952.66,914.45,53.79,30.56,1.211,220.8,4.22,0.879,23.4,31.75,144.17,890.25,179.89
2016-10-01,Indonesia,India,17.4,32.1,699.73,783.8,844.94,53.94,25.52,1.201,328.1,4.07,0.517,19.2,34.27,84.07,889.14,202.86
2016-07-01,Indonesia,USA,1.98,39.14,719.33,827.17,880.53,57.41,23.36,1.085,140.9,4.87,0.819,18.9,34.46,107.84,797.32,92.6
2023-07-01,Indonesia,Pakistan,19.58,49.61,852.42,991.2,992.23,55.83,25.87,1.364,208.0,5.35,0.862,29.4,34.61,138.79,1109.56,139.65
2015-11-01,Malaysia,China,12.89,39.36,753.59,858.55,884.39,48.85,23.26,1.073,265.5,5.41,0.346,17.9,24.42,104.96,921.43,157.94
2015-07-01,Malaysia,India,8.4,32.12,745.55,890.43,894.61,56.8,27.12,1.079,272.2,5.38,0.831,17.4,23.15,144.88,872.36,224.81
2018-01-01,Indonesia,Pakistan,21.2,26.61,691.58,829.59,847.16,57.23,26.63,1.323,199.7,4.14,0.134,21.1,32.59,138.01,902.71,93.0
2020-04-01,Indonesia,India,18.36,45.1,842.52,980.14,994.0,51.24,25.76,1.404,333.2,5.84,0.504,24.5,34.31,137.62,1081.06,215.53
2022-05-01,Malaysia,USA,0.0,43.03,789.09,898.93,914.07,60.67,43.04,1.282,122.8,5.68,0.618,27.6,24.48,109.84,875.16,83.63
2021-11-01,Malaysia,EU-27,4.14,39.68,790.8,894.21,917.27,62.9,34.75,1.328,169.3,5.02,0.307,26.9,34.46,103.41,901.08,109.85
2016-08-01,Indonesia,Pakistan,17.69,25.62,715.5,812.62,866.11,44.43,32.78,1.118,187.2,6.71,0.804,19.0,21.95,97.12,910.84,129.98
2014-07-01,Malaysia,Pakistan,17.2,35.86,763.34,888.43,910.5,48.95,26.4,0.876,136.0,4.55,0.828,15.9,34.92,125.09,967.62,120.11
2016-04-01,Indonesia,India,17.19,29.8,705.26,829.56,868.03,54.1,31.67,1.153,340.3,5.93,0.504,18.5,29.42,124.29,898.52,246.03
2016-04-01,Malaysia,China,8.12,37.3,712.9,841.95,855.44,53.72,32.2,0.988,245.9,7.0,0.492,18.5,35.07,129.05,845.92,207.78
2024-05-01,Indonesia,USA,1.16,51.5,878.05,1011.17,1020.45,63.61,28.68,1.5,116.4,3.74,0.68,30.6,35.39,133.12,969.35,101.73
2024-10-01,Indonesia,India,22.11,51.96,892.01,1005.71,1046.1,66.38,30.15,1.5,332.1,5.74,0.49,31.2,38.4,113.7,1189.54,216.64
2021-10-01,Malaysia,EU-27,8.94,36.43,811.13,896.78,948.24,54.98,41.32,1.265,168.5,3.8,0.5,26.8,40.14,85.64,968.35,110.33
2014-08-01,Malaysia,Pakistan,13.49,27.51,713.44,856.58,859.16,42.84,24.04,0.962,163.0,5.44,0.75,16.0,30.54,143.13,868.21,111.48
2021-03-01,Malaysia,USA,2.67,44.51,804.22,939.85,974.86,64.92,36.99,1.375,131.4,5.28,0.329,25.9,21.63,135.63,909.37,67.53
2017-05-01,Malaysia,China,11.77,30.05,675.57,781.39,820.96,49.51,21.54,1.091,248.0,4.52,0.676,20.1,28.77,105.83,812.76,193.55
2020-09-01,Malaysia,EU-27,0.0,46.21,827.58,929.79,967.16,60.92,30.55,1.313,160.3,5.41,0.674,25.1,38.71,102.21,904.34,121.52
2020-04-01,Indonesia,Pakistan,16.16,37.39,798.73,888.21,933.74,51.55,27.52,1.3,206.6,4.75,0.507,24.5,27.21,89.48,1003.17,97.79
2022-05-01,Malaysia,India,19.37,39.24,797.41,941.97,951.31,59.45,44.42,1.292,277.3,4.83,0.682,27.6,33.59,144.56,1051.76,193.59
2023-02-01,Malaysia,EU-27,8.87,50.06,795.72,927.94,973.74,59.55,27.82,1.49,159.7,3.02,0.234,28.8,25.05,132.21,951.09,123.49
2021-01-01,Malaysia,India,18.41,42.04,830.18,972.06,980.25,57.13,41.05,1.352,245.4,5.14,0.209,25.6,28.42,141.88,1081.42,188.64
2015-10-01,Indonesia,China,15.0,42.14,764.18,906.32,930.28,53.31,26.27,1.107,310.8,6.54,0.495,17.8,30.9,142.14,957.46,238.41
2020-10-01,Malaysia,Pakistan,13.3,41.51,818.07,938.39,952.73,69.97,32.46,1.351,172.4,3.89,0.489,25.2,24.8,120.32,1010.71,108.47
2020-11-01,Indonesia,India,23.7,53.8,849.64,1018.66,957.01,65.55,23.14,1.317,315.4,4.74,0.323,25.4,37.77,169.02,1146.19,231.01
2023-05-01,Malaysia,China,5.07,42.9,809.38,918.63,966.41,62.28,27.74,1.5,248.2,4.81,0.669,29.1,35.75,109.26,924.59,188.15
2022-01-01,Malaysia,China,9.95,43.31,791.94,892.04,954.65,56.28,36.35,1.376,255.3,4.29,0.159,27.1,36.36,100.1,958.36,163.67
2021-04-01,Indonesia,EU-27,5.35,36.62,789.99,935.96,950.5,59.64,42.9,1.308,197.2,3.51,0.508,26.0,27.46,145.98,916.01,150.3
2015-04-01,Malaysia,India,9.7,44.6,736.62,844.45,871.12,55.13,29.9,1.132,288.9,3.51,0.478,17.0,36.6,107.84,889.77,186.76
2015-08-01,Malaysia,China,6.51,34.37,772.56,898.3,968.73,52.06,30.07,1.085,256.5,2.14,0.808,17.5,27.44,125.74,891.53,181.86
2023-05-01,Malaysia,China,11.12,49.43,830.83,941.77,983.46,71.24,21.48,1.472,236.7,4.68,0.692,29.1,27.16,110.95,1001.97,175.86
2022-11-01,Malaysia,China,7.23,42.14,788.36,921.02,957.48,59.6,42.18,1.42,244.9,4.06,0.343,28.4,36.07,132.66,935.76,174.23
2018-01-01,Malaysia,EU-27,2.77,32.1,699.44,815.29,825.09,52.73,24.66,1.131,153.4,4.75,0.167,21.1,24.7,115.85,777.12,126.74
2021-09-01,Malaysia,India,20.78,33.83,797.04,936.95,932.34,54.89,41.49,1.322,280.0,4.29,0.704,26.6,20.78,139.91,1053.61,199.77
2020-03-01,Indonesia,Pakistan,13.56,49.27,839.26,946.88,995.82,59.86,34.08,1.397,194.1,4.57,0.341,24.4,34.84,107.61,1047.75,100.14
2022-11-01,Indonesia,Pakistan,17.24,39.13,822.49,945.57,982.59,66.91,37.35,1.332,167.3,4.63,0.369,28.4,31.23,123.08,1053.93,111.8
2021-11-01,Indonesia,USA,0.29,42.67,787.28,884.52,952.93,62.61,38.6,1.365,136.0,5.55,0.294,26.9,36.45,97.24,871.08,69.83
2017-08-01,Malaysia,EU-27,2.73,23.97,668.02,809.64,791.55,59.94,32.14,1.179,187.6,3.95,0.765,20.5,38.38,141.62,743.86,165.05
2019-09-01,Malaysia,Pakistan,15.37,40.57,843.44,990.19,967.99,55.43,29.05,1.194,160.5,5.86,0.655,23.6,26.0,146.75,1053.43,116.4
2016-08-01,Malaysia,China,8.3,39.64,683.72,811.92,898.86,48.62,24.25,1.089,243.8,5.15,0.784,19.0,34.62,128.2,809.68,204.55
2017-07-01,Indonesia,EU-27,5.57,45.46,693.29,819.42,900.63,56.48,29.32,1.131,209.2,5.44,0.847,20.4,30.67,126.13,810.86,167.46
2024-05-01,Indonesia,EU-27,3.41,56.52,915.55,1057.15,1049.42,60.05,23.33,1.443,203.6,4.18,0.661,30.6,25.64,141.6,1029.36,182.73
2017-08-01,Malaysia,Pakistan,13.4,28.32,703.32,840.12,917.38,60.77,23.25,1.126,133.0,5.29,0.777,20.5,31.17,136.8,856.02,141.16
2024-08-01,Indonesia,India,18.08,57.05,936.69,1083.79,1122.67,59.0,22.76,1.466,330.4,3.52,0.796,31.0,34.57,147.1,1200.32,239.26
2018-05-01,Malaysia,Pakistan,11.7,34.65,751.19,888.37,908.28,52.81,24.7,1.155,164.4,5.0,0.681,21.6,31.76,137.19,905.39,131.31
2023-12-01,Indonesia,EU-27,8.9,51.58,888.64,1018.59,1068.03,75.2,25.13,1.472,202.5,4.18,0.193,30.0,38.95,129.95,1051.26,129.45
2017-01-01,Malaysia,India,15.9,30.3,722.8,858.3,862.95,49.58,23.3,1.181,283.4,3.41,0.162,19.6,30.64,135.5,899.87,166.61
2016-02-01,Indonesia,USA,2.51,36.96,774.91,877.47,959.74,58.58,25.03,1.137,139.9,4.55,0.206,18.2,28.19,102.57,857.89,69.51
2017-09-01,Malaysia,India,8.37,42.88,689.57,824.3,898.0,57.75,24.9,1.151,300.2,4.17,0.672,20.6,21.84,134.73,820.73,212.39
2023-11-01,Malaysia,Pakistan,22.76,54.58,881.11,969.69,1001.36,67.93,32.31,1.475,163.3,3.77,0.344,29.9,29.63,88.58,1188.36,58.33
2020-02-01,Malaysia,India,13.72,44.79,845.83,963.62,1044.55,63.67,28.08,1.226,288.3,5.41,0.211,24.2,28.42,117.79,1044.71,174.19
2024-10-01,Malaysia,Pakistan,15.03,61.58,932.75,1062.64,1091.94,66.96,28.1,1.5,170.1,3.68,0.52,31.2,31.51,129.88,1176.11,93.05
2016-01-01,Indonesia,Pakistan,15.06,35.06,738.86,892.75,867.82,46.12,26.54,1.071,171.9,3.45,0.124,18.1,28.56,153.9,921.02,103.68
2016-02-01,Malaysia,EU-27,8.56,36.65,754.8,896.35,887.06,51.59,27.6,1.055,188.5,4.88,0.214,18.2,36.23,141.55,889.16,125.35
2019-09-01,Indonesia,USA,0.0,41.2,831.35,945.23,1014.29,64.65,34.54,1.212,128.5,2.79,0.703,23.6,22.82,113.88,907.08,102.1
2016-06-01,Malaysia,Pakistan,12.49,40.2,699.11,820.42,861.21,51.35,30.03,1.018,169.3,4.97,0.808,18.8,37.78,121.31,865.43,128.41
2023-02-01,Indonesia,India,18.68,41.52,824.58,934.23,1043.29,49.12,29.63,1.318,329.0,5.59,0.173,28.8,29.32,109.64,1063.05,205.04
2016-01-01,Malaysia,USA,0.0,25.5,717.23,818.64,917.92,59.21,26.51,1.098,114.9,5.54,0.159,18.1,24.42,101.41,769.24,67.61
2023-09-01,Malaysia,China,8.1,49.12,876.83,1007.4,1039.34,66.73,26.34,1.293,254.4,4.84,0.686,29.6,29.9,130.57,1029.44,194.05
2021-12-01,Indonesia,China,10.96,34.4,752.46,905.1,902.01,69.94,39.2,1.348,309.9,5.55,0.183,27.0,34.74,152.64,916.61,203.51
2020-08-01,Indonesia,USA,1.17,49.74,849.86,990.44,988.74,56.46,26.38,1.342,164.9,6.02,0.792,25.0,30.93,140.58,936.84,125.16
2017-07-01,Malaysia,Pakistan,15.57,39.59,700.62,805.49,855.24,57.98,24.84,1.005,161.2,4.98,0.856,20.4,35.53,104.87,884.17,103.02
2019-11-01,Indonesia,China,12.12,46.45,836.48,971.1,964.52,50.11,24.51,1.391,294.9,5.39,0.305,23.9,18.97,134.62,1017.43,207.09
2023-01-01,Indonesia,India,20.57,47.29,831.15,991.11,934.55,67.72,27.12,1.311,342.7,4.25,0.1,28.6,31.0,159.96,1091.82,195.05
2022-09-01,Malaysia,China,7.75,38.06,807.02,949.28,922.09,64.13,38.46,1.235,236.4,3.7,0.669,28.1,18.6,142.26,952.03,200.18
2021-09-01,Indonesia,India,16.5,45.12,786.22,934.52,892.42,63.77,40.04,1.291,309.1,6.98,0.721,26.6,24.6,148.3,1015.14,243.06
2022-07-01,Indonesia,India,19.98,44.14,781.65,917.89,985.35,70.26,32.61,1.4,328.2,5.76,0.862,27.9,31.54,136.24,1029.87,249.4
2016-03-01,Indonesia,EU-27,9.62,35.63,749.77,917.09,914.8,51.14,31.67,1.067,207.0,5.67,0.284,18.4,31.57,167.33,895.66,161.33
2015-10-01,Indonesia,EU-27,7.29,24.49,742.45,872.87,900.93,57.31,25.2,1.193,224.0,5.59,0.524,17.8,34.12,130.42,849.9,161.33
2022-09-01,Indonesia,India,15.56,43.39,789.07,920.26,922.91,64.48,37.3,1.245,331.7,6.35,0.637,28.1,28.78,131.19,1005.09,234.37
2015-10-01,Malaysia,India,6.07,39.35,755.45,900.52,856.35,50.06,30.51,1.053,275.3,4.3,0.507,17.8,34.05,145.07,875.41,225.94
2018-05-01,Indonesia,India,10.09,34.3,732.67,842.35,905.38,63.52,23.96,1.111,327.5,4.02,0.683,21.6,32.47,109.68,870.73,244.73
2021-11-01,Indonesia,India,24.26,32.47,784.37,927.43,978.85,67.61,37.18,1.35,321.5,3.64,0.333,26.9,34.98,143.06,1061.19,198.2
2021-03-01,Indonesia,EU-27,8.97,45.41,816.05,954.65,968.6,63.24,42.0,1.384,183.1,4.8,0.331,25.9,32.08,138.6,984.53,142.76
2021-06-01,Malaysia,EU-27,6.86,39.44,800.32,956.32,942.97,59.91,40.91,1.314,139.4,5.19,0.808,26.2,31.77,156.0,941.1,157.55
2023-07-01,Indonesia,EU-27,5.22,46.15,844.23,1002.33,987.3,64.57,28.61,1.485,203.6,2.8,0.856,29.4,30.51,158.1,966.98,176.37
2016-08-01,Indonesia,China,16.63,28.6,710.55,818.14,862.51,60.47,22.42,1.091,293.8,5.88,0.804,19.0,35.01,107.59,888.2,220.12
2023-01-01,Indonesia,USA,2.6,37.97,804.54,928.96,960.86,57.87,25.0,1.436,119.6,2.83,0.142,28.6,22.84,124.41,890.05,78.26
2021-11-01,Indonesia,EU-27,6.63,38.97,759.81,875.12,938.57,53.7,42.98,1.322,197.0,2.72,0.332,26.9,26.79,115.31,897.55,145.59
2019-07-01,Indonesia,India,22.17,40.12,833.67,987.56,1010.15,53.99,25.59,1.174,328.7,4.86,0.833,23.4,30.0,153.89,1098.75,249.51
2016-07-01,Malaysia,China,11.22,36.37,697.05,816.23,805.9,61.08,24.21,1.145,261.2,5.46,0.838,18.9,37.71,119.19,842.63,198.39
2022-08-01,Malaysia,China,7.38,35.22,784.69,900.54,967.01,58.64,43.97,1.391,237.0,5.25,0.835,28.0,18.71,115.86,927.6,210.67
2017-01-01,Indonesia,China,10.14,42.93,724.78,841.33,912.08,56.83,18.71,1.18,294.3,7.21,0.111,19.6,31.56,116.54,866.14,217.3
2023-05-01,Malaysia,India,20.66,40.61,823.62,932.24,947.55,64.15,16.65,1.421,277.0,4.56,0.676,29.1,34.61,108.62,1062.88,184.16
2022-07-01,Indonesia,Pakistan,24.54,35.99,794.92,891.76,973.83,64.04,37.34,1.402,206.9,4.31,0.836,27.9,30.38,96.84,1081.34,101.77
2015-02-01,Indonesia,India,14.49,47.56,751.82,896.84,943.36,47.79,24.39,1.009,329.7,4.38,0.183,16.8,22.96,145.02,943.09,235.68
2014-08-01,Indonesia,India,13.88,32.69,743.83,874.18,847.07,44.65,18.72,0.968,328.8,6.39,0.79,16.0,33.28,130.34,905.65,251.86
2023-02-01,Malaysia,China,6.4,43.85,807.69,936.93,1002.49,51.15,27.67,1.334,246.5,4.81,0.226,28.8,31.04,129.24,935.51,176.39
2021-09-01,Malaysia,China,2.5,42.15,773.54,918.12,915.08,63.83,44.39,1.228,252.2,6.14,0.709,26.6,27.48,144.58,881.6,229.42
2021-08-01,Indonesia,India,24.05,40.78,764.97,893.53,988.55,49.83,38.77,1.425,337.5,4.5,0.788,26.5,27.88,128.56,1047.66,227.36
2021-10-01,Malaysia,EU-27,5.44,49.96,780.0,892.51,934.19,58.84,43.42,1.353,159.0,4.94,0.536,26.8,24.96,112.51,920.85,120.74
2022-08-01,Malaysia,USA,1.18,30.84,804.87,971.29,918.81,61.61,39.89,1.357,107.0,5.07,0.796,28.0,24.55,166.42,885.94,136.9
2017-09-01,Malaysia,Pakistan,15.98,33.26,673.41,818.45,779.34,54.26,30.3,1.228,164.9,2.81,0.687,20.6,36.05,145.04,854.77,103.4
2023-08-01,Indonesia,Pakistan,14.32,41.39,837.46,986.26,1002.43,61.43,24.05,1.412,166.2,4.31,0.809,29.5,33.31,148.8,1032.2,133.58
2015-08-01,Indonesia,Pakistan,16.57,48.8,782.42,884.32,932.5,51.59,24.4,1.108,193.2,4.19,0.812,17.5,29.98,101.9,997.43,132.03
2021-08-01,Malaysia,USA,3.74,37.74,786.76,969.79,937.15,65.31,42.82,1.409,116.5,5.56,0.79,26.5,40.74,183.03,899.72,110.65
2017-11-01,Indonesia,China,7.78,28.0,684.27,790.37,826.21,46.78,25.07,1.198,294.2,4.41,0.33,20.9,35.22,106.1,794.69,217.23
2020-03-01,Malaysia,EU-27,9.62,44.4,861.27,964.17,975.96,56.36,18.43,1.268,147.8,3.75,0.313,24.4,30.75,102.9,1013.02,122.09
2017-02-01,Indonesia,USA,0.0,34.49,703.97,804.16,876.51,42.29,20.76,1.298,122.6,4.0,0.183,19.8,32.92,100.19,759.21,78.92
2024-12-01,Indonesia,Pakistan,12.52,54.22,939.37,1037.66,1086.04,64.65,30.06,1.5,152.5,4.34,0.179,31.5,38.9,98.29,1151.8,96.29
2019-03-01,Indonesia,Pakistan,19.95,40.41,773.81,905.99,901.34,55.16,34.1,1.246,167.1,4.6,0.314,22.9,22.24,132.18,1017.56,113.84
2021-04-01,Indonesia,China,10.33,45.72,838.98,966.14,1017.67,60.24,41.07,1.324,319.3,5.43,0.502,26.0,34.54,127.16,1021.4,216.53
2023-04-01,Malaysia,USA,0.14,49.04,845.02,949.95,990.08,66.79,29.19,1.329,128.4,4.3,0.488,29.0,27.0,104.93,924.56,79.6
2024-01-01,Indonesia,EU-27,5.64,51.9,882.24,972.76,1008.66,59.95,28.22,1.5,222.5,4.27,0.15,30.1,29.84,90.52,1016.62,98.4
2014-06-01,Indonesia,China,5.76,34.23,700.37,813.89,813.89,51.85,22.2,0.889,295.9,5.11,0.791,15.8,36.58,113.51,800.42,246.82
2016-12-01,Indonesia,USA,0.52,41.36,703.92,821.94,863.18,50.59,30.73,1.2,132.3,5.7,0.184,19.5,22.69,118.03,780.03,89.87
2017-09-01,Malaysia,EU-27,4.62,41.41,686.47,800.37,839.18,47.4,24.24,1.249,184.9,6.24,0.612,20.6,30.89,113.9,786.88,151.86
2018-03-01,Malaysia,China,10.59,30.67,705.57,867.78,811.83,60.21,25.16,1.114,231.7,3.21,0.34,21.4,36.03,162.21,842.0,168.62
2019-03-01,Malaysia,China,11.37,50.25,835.95,983.45,967.59,52.8,27.28,1.257,266.0,4.65,0.267,22.9,32.67,147.5,1017.39,176.42
2021-10-01,Indonesia,India,22.87,36.2,756.85,923.75,902.33,59.12,38.88,1.301,340.3,5.11,0.521,26.8,21.87,166.89,1022.18,226.26
2023-03-01,Indonesia,EU-27,9.96,42.25,808.84,920.15,998.61,67.3,33.07,1.319,205.0,4.5,0.319,28.9,23.72,111.31,972.2,144.21
2016-11-01,Indonesia,EU-27,5.17,34.56,693.38,775.75,862.89,52.62,22.33,1.108,198.5,2.91,0.325,19.4,42.59,82.37,789.09,133.13
2018-07-01,Malaysia,USA,3.32,31.37,731.03,877.62,901.04,58.43,24.19,1.214,101.8,5.53,0.84,21.9,36.49,146.59,812.71,117.92
2023-05-01,Indonesia,EU-27,3.01,43.91,852.41,985.32,1036.16,64.43,25.54,1.21,227.4,4.7,0.694,29.1,30.8,132.9,949.65,147.24
2017-03-01,Malaysia,USA,0.0,40.11,691.33,844.52,772.32,53.91,23.89,1.184,123.4,3.31,0.322,19.9,27.84,153.19,755.33,99.15
2014-11-01,Malaysia,USA,0.0,40.85,754.79,900.67,908.27,49.37,22.9,1.04,111.8,5.38,0.309,16.4,24.98,145.88,818.53,100.48
2019-09-01,Indonesia,India,18.05,34.37,838.32,983.23,971.85,66.8,25.88,1.357,331.2,4.21,0.642,23.6,27.14,144.91,1060.79,224.11
2020-10-01,Indonesia,Pakistan,16.88,48.81,859.46,977.44,996.33,51.97,24.07,1.34,186.0,3.5,0.506,25.2,28.97,117.98,1089.67,113.88
2018-12-01,Malaysia,India,10.16,38.02,771.63,902.22,932.33,55.82,30.5,1.068,257.0,4.33,0.175,22.5,32.19,130.6,925.52,186.94
2024-04-01,Indonesia,Pakistan,17.73,54.71,893.2,1026.24,1012.95,74.41,22.85,1.5,182.3,3.03,0.497,30.5,26.57,133.04,1142.86,116.78
2023-10-01,Indonesia,India,23.83,51.03,857.67,987.73,1053.45,61.18,26.72,1.457,335.2,3.86,0.519,29.8,30.37,130.06,1158.3,205.08
2017-07-01,Indonesia,China,4.47,29.61,699.0,818.9,805.17,53.82,23.48,1.168,290.0,3.58,0.854,20.4,33.26,119.9,785.73,228.25
2024-10-01,Malaysia,China,9.49,52.61,930.26,1033.63,1086.97,67.5,17.93,1.48,260.3,6.24,0.52,31.2,30.13,103.37,1095.74,182.08
2014-11-01,Indonesia,China,3.33,34.9,736.17,841.08,891.75,50.35,31.37,0.954,301.3,3.59,0.358,16.4,33.49,104.9,829.17,198.92
2020-08-01,Malaysia,India,19.87,47.36,841.66,987.88,1005.68,59.05,29.51,1.368,258.4,4.07,0.833,25.0,34.41,146.22,1101.0,207.34
2023-01-01,Indonesia,EU-27,6.84,44.26,800.07,932.75,942.05,74.89,24.94,1.379,189.8,5.9,0.165,28.6,28.49,132.68,928.7,134.42
2022-08-01,Malaysia,China,8.22,37.61,786.25,918.53,914.3,64.93,40.46,1.456,225.7,4.97,0.761,28.0,28.73,132.28,935.38,211.29
2016-04-01,Malaysia,EU-27,7.43,36.83,743.1,861.34,881.22,56.81,18.86,1.069,174.3,4.12,0.475,18.5,34.27,118.24,858.16,132.27
2024-11-01,Malaysia,USA,0.54,48.05,963.98,1104.72,1095.99,68.12,24.03,1.5,99.9,4.98,0.321,31.4,32.97,140.74,1041.65,94.22
2022-12-01,Indonesia,USA,0.0,44.66,829.76,964.95,964.34,66.48,39.99,1.441,140.9,4.75,0.267,28.5,34.59,135.19,914.41,62.4
2023-08-01,Indonesia,Pakistan,18.15,47.47,847.77,1018.12,977.63,71.15,30.78,1.323,196.0,6.45,0.782,29.5,30.01,170.35,1094.1,153.36
2023-11-01,Malaysia,USA,0.0,56.11,912.8,1064.35,1065.18,70.05,17.81,1.441,81.3,4.96,0.32,29.9,36.8,151.56,986.73,106.62
2018-08-01,Malaysia,Pakistan,12.35,35.18,742.71,860.12,891.81,62.98,24.77,1.433,167.1,5.93,0.818,22.0,34.18,117.4,901.77,127.18
2015-02-01,Indonesia,Pakistan,19.94,43.69,762.36,889.98,927.63,49.75,14.35,1.023,162.5,5.04,0.191,16.8,36.78,127.62,984.01,114.31
2018-11-01,Malaysia,China,5.61,42.42,765.72,902.92,927.82,58.37,33.14,1.115,248.1,5.56,0.31,22.4,33.66,137.2,888.46,188.24
2020-10-01,Malaysia,China,9.56,38.74,814.4,983.0,924.1,59.69,23.52,1.366,267.2,2.69,0.504,25.2,29.43,168.6,960.41,187.98
2017-08-01,Malaysia,China,9.72,33.19,685.38,801.59,771.03,53.53,19.7,1.274,221.0,4.05,0.783,20.5,24.63,116.21,810.06,186.79
2017-04-01,Indonesia,China,6.3,34.49,685.94,793.77,875.41,58.2,30.32,1.088,300.7,4.41,0.476,20.0,30.83,107.83,798.02,217.5
2017-06-01,Indonesia,China,4.61,35.9,689.52,847.39,834.01,52.25,39.39,1.144,305.3,4.25,0.777,20.2,32.17,157.88,800.08,254.75
2021-12-01,Malaysia,Pakistan,16.55,47.72,817.37,917.66,979.78,59.98,37.06,1.5,177.1,5.59,0.19,27.0,27.23,100.3,1051.46,80.39
2020-05-01,Indonesia,India,21.78,45.05,836.99,995.06,981.6,61.87,22.74,1.226,340.8,3.97,0.639,24.6,29.84,158.07,1101.81,241.08
2014-05-01,Malaysia,EU-27,1.36,34.24,689.3,811.03,832.95,51.38,29.54,1.009,169.0,3.93,0.698,15.6,23.15,121.73,763.32,158.38
2015-04-01,Malaysia,USA,0.52,40.92,757.87,899.05,919.51,53.92,31.44,1.075,122.0,2.6,0.506,17.0,42.61,141.18,834.54,81.49
2021-02-01,Indonesia,China,11.9,45.31,816.43,994.41,984.14,58.75,43.35,1.23,287.7,6.29,0.231,25.8,37.08,177.98,1012.8,234.64
2019-09-01,Indonesia,USA,4.24,45.5,844.99,927.93,970.93,55.61,31.16,1.252,151.1,5.25,0.673,23.6,35.87,82.94,960.7,85.01
2022-01-01,Malaysia,India,14.64,35.8,775.12,889.79,974.99,69.57,41.28,1.357,234.7,4.08,0.165,27.1,30.56,114.66,976.94,177.29
2017-10-01,Indonesia,India,6.38,26.29,685.94,874.98,862.35,56.65,21.08,1.199,329.6,4.16,0.507,20.8,22.45,189.03,780.11,271.13
2021-06-01,Indonesia,USA,0.0,53.63,780.76,901.58,922.97,69.69,40.25,1.485,145.1,5.16,0.835,26.2,35.61,120.81,874.65,110.53
2023-05-01,Indonesia,Pakistan,15.82,36.12,873.67,988.79,1072.73,72.2,25.18,1.357,181.6,3.75,0.643,29.1,39.42,115.12,1082.87,119.06
2024-01-01,Malaysia,China,9.46,43.5,869.52,1010.72,1008.57,65.11,19.52,1.455,260.5,3.9,0.153,30.1,37.53,141.2,1020.78,164.78
2015-09-01,Indonesia,Pakistan,16.13,40.62,754.97,856.45,968.19,50.08,25.23,0.991,171.8,3.91,0.682,17.6,26.52,101.48,953.21,130.55
2017-08-01,Malaysia,India,16.98,28.31,665.46,772.5,795.57,57.3,31.29,1.17,276.3,4.74,0.799,20.5,32.2,107.04,848.16,204.97
2022-08-01,Indonesia,EU-27,6.59,38.04,767.09,904.28,920.41,67.16,48.86,1.477,231.3,6.38,0.763,28.0,34.16,137.19,910.25,167.91
2022-02-01,Indonesia,India,22.75,40.94,776.49,899.68,907.55,62.62,43.54,1.356,325.6,5.19,0.199,27.2,37.42,123.19,1056.84,208.54
2017-09-01,Indonesia,India,7.37,34.44,684.18,788.54,807.12,49.48,21.93,1.142,327.3,3.81,0.668,20.6,30.4,104.36,795.16,239.38
2024-07-01,Malaysia,EU-27,7.92,50.28,910.85,1019.4,1079.84,68.27,26.86,1.5,199.0,4.49,0.855,30.9,32.87,108.56,1066.19,134.76
2020-06-01,Indonesia,India,18.32,49.3,833.28,963.8,951.49,60.62,23.96,1.238,329.9,5.17,0.779,24.8,27.39,130.52,1072.61,244.89
2015-10-01,Malaysia,India,15.58,30.76,719.71,854.66,850.99,48.9,33.68,1.012,244.3,4.14,0.507,17.8,30.68,134.95,906.36,203.26
2019-07-01,Malaysia,Pakistan,15.35,47.6,821.04,983.53,972.19,51.73,25.59,1.342,170.7,4.74,0.851,23.4,20.79,162.49,1031.5,139.17
2022-08-01,Malaysia,USA,4.99,40.42,794.08,909.77,930.35,59.17,42.69,1.5,97.2,5.56,0.801,28.0,37.03,115.69,921.0,95.18
2017-06-01,Indonesia,Pakistan,14.28,32.43,692.58,808.56,864.61,57.89,27.82,1.146,210.6,5.18,0.786,20.2,26.18,115.97,860.31,130.69
2021-07-01,Indonesia,India,22.86,42.18,780.81,911.28,924.21,59.3,33.68,1.256,317.7,3.99,0.837,26.4,27.98,130.47,1052.52,243.32
2024-08-01,Malaysia,EU-27,1.47,52.17,904.77,1001.41,1006.4,72.38,23.66,1.414,158.9,5.18,0.784,31.0,35.48,96.65,995.03,131.99
2019-02-01,Malaysia,USA,0.0,40.41,767.45,895.25,936.38,56.32,28.47,1.35,100.1,5.28,0.185,22.8,29.13,127.8,836.34,81.66
2016-02-01,Malaysia,EU-27,2.13,40.6,739.82,876.57,850.2,48.68,21.01,1.223,178.5,4.07,0.204,18.2,25.93,136.76,818.5,111.13
2017-02-01,Malaysia,EU-27,0.5,28.58,670.7,810.82,865.35,57.45,29.92,1.255,178.7,4.22,0.23,19.8,29.63,140.12,732.83,134.21
2023-07-01,Indonesia,USA,0.0,50.65,832.62,929.95,1004.49,73.4,25.89,1.406,135.6,6.37,0.88,29.4,22.34,97.33,909.15,96.94
2018-03-01,Indonesia,USA,2.5,39.62,725.56,852.52,862.87,65.54,22.77,1.191,130.7,4.89,0.316,21.4,34.61,126.95,807.69,101.26
2017-03-01,Malaysia,USA,0.0,32.06,703.68,844.04,874.75,54.79,16.11,1.158,111.0,6.31,0.32,19.9,27.37,140.35,751.85,100.48
2015-12-01,Malaysia,EU-27,6.48,38.56,752.38,863.14,885.14,48.22,18.52,1.111,163.9,6.34,0.155,18.0,31.88,110.76,861.93,134.25
2016-01-01,Indonesia,Pakistan,9.81,42.92,718.87,812.26,846.15,51.55,33.13,1.167,194.0,5.13,0.161,18.1,30.43,93.39,872.9,111.1
2021-01-01,Malaysia,USA,2.25,44.07,822.88,1000.75,968.58,70.57,45.61,1.279,93.2,3.58,0.154,25.6,32.23,177.87,933.06,93.05
2016-11-01,Malaysia,Pakistan,12.49,33.82,721.16,802.53,895.35,52.92,25.21,1.028,146.2,4.69,0.322,19.4,25.33,81.37,877.61,87.81
2015-07-01,Indonesia,USA,2.0,39.75,745.46,894.64,928.0,59.57,31.51,0.987,141.4,5.75,0.85,17.4,34.11,149.18,833.04,133.18
2019-10-01,Malaysia,China,18.11,44.48,838.71,961.7,1019.51,62.96,28.39,1.298,258.3,4.73,0.509,23.8,30.73,123.0,1076.64,174.56
2019-09-01,Indonesia,USA,4.08,36.14,827.35,956.97,952.82,56.55,19.84,1.32,127.7,2.87,0.674,23.6,28.98,129.62,919.38,92.0
2018-08-01,Malaysia,China,7.33,39.26,764.53,889.89,915.59,47.74,28.16,1.341,258.3,5.26,0.829,22.0,28.48,125.36,892.91,212.6
2016-11-01,Malaysia,China,7.2,35.51,703.46,838.06,857.14,47.67,26.15,1.187,232.0,5.29,0.314,19.4,28.22,134.6,820.24,186.67
2014-01-01,Malaysia,India,9.68,31.55,656.28,795.99,787.44,43.04,31.17,1.0,278.9,4.25,0.147,15.1,25.66,139.71,788.59,178.71
2020-04-01,Malaysia,India,22.05,44.54,852.22,985.27,997.5,66.99,29.22,1.397,288.4,4.66,0.468,24.5,31.62,133.04,1130.14,186.08
2021-08-01,Indonesia,India,29.16,42.15,775.78,934.5,971.49,57.63,43.69,1.324,335.1,5.23,0.785,26.5,38.27,158.72,1112.91,225.4
2016-10-01,Malaysia,EU-27,5.54,30.27,687.87,840.71,830.77,52.9,26.43,1.161,171.6,5.02,0.485,19.2,23.85,152.84,785.84,155.7
2017-05-01,Malaysia,India,11.44,27.88,706.82,847.52,902.59,53.42,24.56,1.182,292.2,3.43,0.657,20.1,20.58,140.7,846.13,216.3
2015-10-01,Malaysia,China,12.75,35.36,733.56,841.09,919.16,50.38,30.87,1.064,245.3,3.76,0.535,17.8,26.23,107.54,901.79,156.16
2017-07-01,Indonesia,EU-27,4.64,44.61,718.74,863.83,868.55,50.76,26.71,1.256,211.4,4.35,0.862,20.4,40.79,145.09,826.73,178.95
2017-12-01,Indonesia,EU-27,2.75,41.5,730.91,844.06,854.21,60.11,21.19,1.157,204.6,5.5,0.234,21.0,28.27,113.15,815.46,144.91
2019-04-01,Malaysia,USA,0.0,43.65,778.52,913.29,925.07,55.32,25.28,1.195,92.2,3.9,0.521,23.0,26.66,134.77,847.44,104.45
2020-01-01,Indonesia,India,18.69,51.68,856.64,1030.98,1004.99,58.3,33.64,1.263,335.1,4.96,0.135,24.1,33.66,174.34,1118.03,222.31
2021-12-01,Malaysia,China,10.5,40.05,782.56,922.48,929.5,60.22,39.71,1.391,232.5,6.23,0.192,27.0,30.62,139.92,952.89,174.48
2016-03-01,Malaysia,EU-27,7.38,37.6,724.81,882.02,838.41,58.44,30.14,1.187,175.5,6.43,0.337,18.4,27.26,157.21,851.02,138.61
2022-02-01,Indonesia,India,24.23,37.68,795.23,932.57,938.01,59.35,38.19,1.356,345.7,3.63,0.184,27.2,32.13,137.34,1082.16,201.97
2017-06-01,Indonesia,USA,0.0,38.04,693.69,841.98,846.53,47.49,23.87,1.105,127.9,4.55,0.827,20.2,21.27,148.29,755.6,137.21
2016-06-01,Indonesia,USA,0.0,39.85,745.34,901.63,899.12,51.42,25.71,1.108,147.5,3.38,0.778,18.8,33.88,156.29,810.9,142.6
2018-04-01,Malaysia,India,10.76,32.21,735.51,890.41,903.37,54.65,31.95,1.109,274.7,5.39,0.46,21.5,17.92,154.9,885.7,211.8
2017-06-01,Indonesia,USA,0.29,28.72,662.53,785.67,783.52,51.25,22.47,1.239,130.9,4.27,0.781,20.2,20.64,123.14,715.78,110.15
2024-07-01,Indonesia,Pakistan,19.23,49.29,933.48,1081.2,1076.46,71.02,32.51,1.5,170.5,4.43,0.842,30.9,27.15,147.72,1210.56,134.64
2020-12-01,Indonesia,USA,0.0,48.71,846.79,975.88,966.63,59.26,25.91,1.388,128.4,3.63,0.208,25.5,29.38,129.09,921.41,74.61
2017-02-01,Malaysia,USA,0.0,33.23,689.16,842.08,805.96,57.44,28.18,1.122,145.1,4.31,0.185,19.8,31.02,152.92,750.57,80.92
2015-02-01,Indonesia,India,14.57,32.0,729.98,877.24,855.11,55.82,23.37,1.018,344.8,6.14,0.189,16.8,25.64,147.27,899.78,243.33
2023-10-01,Malaysia,China,8.26,53.21,881.76,1012.11,1005.31,59.79,23.97,1.5,251.3,3.16,0.54,29.8,35.97,130.36,1038.15,167.93
2016-05-01,Malaysia,India,9.03,38.34,730.68,889.41,857.44,45.78,31.96,1.169,291.0,2.6,0.658,18.6,24.41,158.73,873.3,211.31
2019-11-01,Indonesia,Pakistan,19.48,40.65,854.45,1010.15,1060.72,59.48,19.43,1.356,196.2,6.05,0.32,23.9,41.85,155.7,1092.69,113.05
2020-09-01,Indonesia,China,6.45,43.7,821.21,958.82,996.32,55.89,18.79,1.447,299.1,5.36,0.671,25.1,33.18,137.61,940.68,226.55
2017-09-01,Indonesia,China,9.94,23.61,706.13,885.3,821.36,52.01,30.44,1.226,299.4,5.27,0.705,20.6,31.45,179.16,835.73,234.02
2024-11-01,Malaysia,Pakistan,12.81,54.51,948.71,1080.46,1083.88,69.21,25.79,1.5,185.3,5.59,0.323,31.4,34.02,131.75,1160.82,102.43
2021-01-01,Indonesia,Pakistan,19.6,27.67,810.22,928.25,937.69,56.51,42.35,1.303,208.7,5.07,0.115,25.6,20.64,118.03,1052.74,88.54
2014-05-01,Malaysia,Pakistan,18.59,41.64,720.62,831.26,846.86,46.72,25.31,1.032,147.4,3.09,0.711,15.6,18.39,110.64,933.96,94.22
2016-06-01,Indonesia,Pakistan,17.66,26.69,676.26,797.47,839.05,64.85,28.7,1.066,169.5,4.98,0.83,18.8,25.99,121.21,860.85,141.55
2022-04-01,Malaysia,Pakistan,12.61,44.58,788.19,894.43,990.56,62.77,31.8,1.405,149.8,4.3,0.526,27.5,32.15,106.24,973.64,90.19
2018-02-01,Indonesia,USA,1.45,31.11,708.37,817.24,864.72,59.0,25.37,1.035,155.0,4.2,0.186,21.2,23.43,108.87,775.95,78.44
2019-10-01,Indonesia,EU-27,5.5,50.76,856.5,967.28,1048.02,71.09,31.08,1.328,219.1,3.03,0.524,23.8,31.8,110.77,989.99,138.03
2020-06-01,Indonesia,Pakistan,18.98,47.57,858.34,982.3,951.42,51.96,25.1,1.285,179.4,4.16,0.792,24.8,28.6,123.96,1107.75,130.12
2017-12-01,Indonesia,India,16.36,37.6,702.03,816.15,821.59,56.42,22.99,1.217,333.1,4.74,0.172,21.0,30.77,114.12,887.39,220.17
2014-04-01,Indonesia,USA,2.47,30.85,683.71,828.76,848.49,49.69,19.62,0.954,92.0,5.24,0.499,15.5,34.3,145.05,752.35,134.28
2018-03-01,Indonesia,USA,0.0,33.42,709.87,821.73,837.81,65.23,27.17,1.082,127.0,3.94,0.304,21.4,28.69,111.86,770.45,91.92
2014-03-01,Indonesia,EU-27,5.37,40.69,703.5,843.44,845.86,50.1,28.18,0.964,201.1,5.19,0.314,15.4,20.35,139.94,813.86,155.45
2022-11-01,Malaysia,China,10.74,47.98,788.09,888.1,918.93,62.99,44.33,1.47,262.3,5.39,0.327,28.4,25.0,100.01,974.92,159.68
2017-03-01,Indonesia,China,9.2,33.46,689.04,811.97,853.84,52.33,24.38,1.199,274.2,4.1,0.306,19.9,31.54,122.93,815.6,214.7
2020-02-01,Malaysia,USA,2.5,46.19,819.74,960.08,976.1,59.28,25.07,1.309,129.7,4.65,0.222,24.2,39.48,140.34,913.25,87.14
2017-10-01,Malaysia,Pakistan,21.48,39.09,693.75,820.37,816.57,62.79,28.61,1.216,163.2,3.04,0.49,20.8,34.1,126.62,925.05,88.62
2023-06-01,Malaysia,China,11.94,44.3,841.99,993.99,1035.75,63.61,22.25,1.402,248.2,3.01,0.816,29.2,30.43,152.0,1017.07,195.33
2024-03-01,Indonesia,Pakistan,15.97,49.58,901.51,1022.1,1047.08,66.54,30.96,1.5,191.8,6.27,0.296,30.4,34.02,120.59,1138.83,113.3
2023-03-01,Malaysia,EU-27,2.71,46.97,811.48,928.29,981.06,64.42,19.18,1.5,188.2,2.91,0.349,28.9,30.42,116.81,901.45,101.46
2015-07-01,Indonesia,USA,0.8,28.97,752.96,914.76,823.0,50.09,28.96,1.063,119.2,5.82,0.835,17.4,34.04,161.8,817.36,150.88
2024-10-01,Malaysia,Pakistan,14.91,55.27,922.54,1071.9,1104.83,70.97,27.27,1.45,145.8,4.49,0.487,31.2,30.65,149.36,1154.9,120.19
2019-01-01,Malaysia,Pakistan,12.54,46.51,789.89,903.0,920.51,59.77,32.4,1.309,159.9,4.71,0.152,22.6,33.4,113.1,977.78,102.91
2016-07-01,Indonesia,India,17.53,40.0,724.63,822.37,875.22,45.12,22.48,1.128,333.4,5.67,0.825,18.9,33.0,97.74,925.11,230.61
2018-07-01,Malaysia,China,7.19,43.01,754.22,864.38,925.36,60.27,18.98,1.198,258.1,5.42,0.839,21.9,34.41,110.16,874.89,213.01
2019-12-01,Malaysia,Pakistan,11.37,42.61,821.8,942.71,1017.6,56.83,27.02,1.19,154.3,3.56,0.211,24.0,29.11,120.91,992.79,76.67
2023-04-01,Malaysia,USA,0.0,50.04,872.93,987.89,1006.73,65.6,28.8,1.488,114.4,4.89,0.47,29.0,32.47,114.96,951.77,83.92
2023-03-01,Indonesia,China,8.76,36.74,810.47,934.55,976.04,60.22,18.43,1.437,280.3,3.88,0.345,28.9,30.85,124.08,941.51,209.53
2019-08-01,Malaysia,China,9.09,44.61,843.93,986.76,1054.37,58.84,28.21,1.255,247.2,4.82,0.8,23.5,26.96,142.83,1000.05,204.79
2017-04-01,Indonesia,Pakistan,17.21,23.29,683.77,816.14,817.01,57.18,22.32,1.244,185.4,4.57,0.513,20.0,34.7,132.37,854.94,122.08
2022-12-01,Malaysia,USA,0.45,41.64,802.06,903.48,913.48,71.89,38.31,1.355,118.7,6.22,0.213,28.5,33.05,101.42,885.95,65.33
2016-07-01,Indonesia,India,23.56,31.41,726.1,878.27,894.13,55.01,32.09,1.104,335.1,5.11,0.867,18.9,26.43,152.17,975.63,263.05
2020-01-01,Malaysia,USA,0.89,38.95,834.68,957.66,977.91,54.61,29.53,1.297,95.6,3.69,0.166,24.1,26.48,122.98,911.23,81.25
2022-01-01,Malaysia,India,17.47,33.73,738.68,867.99,907.25,61.54,36.84,1.318,271.9,2.95,0.161,27.1,30.35,129.31,950.63,172.43
2017-11-01,Malaysia,EU-27,7.63,21.9,701.71,846.08,834.27,58.02,33.08,1.201,184.0,5.88,0.322,20.9,27.92,144.38,814.4,133.4
2020-12-01,Indonesia,USA,0.28,55.41,873.22,960.91,981.57,57.31,24.21,1.45,122.4,4.67,0.167,25.5,27.82,87.69,955.46,53.48
2017-05-01,Malaysia,EU-27,4.63,31.3,685.54,854.71,825.29,47.15,26.74,1.167,189.0,4.3,0.658,20.1,25.95,169.17,777.99,164.76
2015-09-01,Indonesia,USA,0.7,44.6,758.57,906.17,895.38,62.15,21.94,1.08,141.2,3.77,0.675,17.6,35.26,147.6,830.87,116.92
2017-08-01,Malaysia,EU-27,0.0,35.06,730.52,850.93,885.5,53.21,22.64,1.183,193.4,4.45,0.811,20.5,28.93,120.42,788.21,155.79
2014-02-01,Indonesia,EU-27,3.22,36.43,735.88,896.26,894.28,54.46,26.71,1.004,212.1,4.69,0.19,15.2,27.71,160.38,824.71,163.46
2023-06-01,Malaysia,China,7.7,38.0,855.29,992.6,991.21,59.96,26.51,1.498,280.1,3.7,0.821,29.2,26.46,137.31,990.66,181.99
2016-01-01,Indonesia,EU-27,4.78,35.76,720.27,815.85,880.56,49.66,19.32,1.046,205.4,6.26,0.154,18.1,31.98,95.57,812.42,136.48
2020-06-01,Indonesia,EU-27,2.7,39.52,842.94,1002.21,1055.61,72.35,24.22,1.304,230.2,5.43,0.779,24.8,26.94,159.27,931.14,181.38
2024-10-01,Indonesia,EU-27,4.8,52.02,903.12,977.46,1055.96,72.38,24.99,1.5,221.6,3.93,0.526,31.2,42.06,74.34,1027.19,128.9
2019-08-01,Malaysia,India,20.31,47.47,833.47,945.38,977.36,63.32,25.49,1.212,263.1,6.54,0.848,23.5,35.39,111.91,1090.5,208.38
2014-06-01,Indonesia,India,18.2,35.93,702.25,788.05,909.94,51.83,28.32,1.0,346.1,6.23,0.79,15.8,28.76,85.8,906.0,215.91
2023-04-01,Malaysia,EU-27,6.79,43.7,794.39,916.3,892.94,63.78,23.99,1.453,159.8,4.16,0.467,29.0,27.34,121.91,920.64,128.22
2018-03-01,Indonesia,China,2.95,28.29,711.32,777.84,851.69,61.02,25.35,1.119,284.0,5.34,0.315,21.4,22.57,66.51,787.53,175.95
2020-07-01,Indonesia,Pakistan,14.2,48.75,848.95,982.49,1015.11,58.91,24.92,1.278,198.9,6.46,0.816,24.9,28.42,133.54,1053.67,141.64
2021-09-01,Indonesia,India,19.2,47.69,788.17,926.25,932.71,59.29,47.93,1.329,327.1,5.19,0.678,26.6,29.26,138.07,1053.5,227.69
2020-08-01,Indonesia,USA,3.27,49.57,855.28,985.04,973.43,58.6,21.73,1.385,128.0,3.73,0.802,25.0,22.38,129.77,956.84,107.76
2023-12-01,Malaysia,Pakistan,15.4,50.28,903.71,1080.25,1037.15,77.45,21.8,1.498,154.0,4.78,0.193,30.0,34.21,176.54,1126.03,101.47
2018-09-01,Indonesia,USA,0.56,37.15,748.61,870.54,924.49,58.88,21.37,1.222,136.9,7.01,0.673,22.1,28.15,121.92,811.69,115.36
2024-02-01,Indonesia,India,24.37,45.55,922.37,1020.66,1089.82,59.14,22.97,1.38,327.5,5.88,0.183,30.2,25.1,98.29,1232.34,194.63
2024-08-01,Malaysia,USA,0.0,57.08,964.95,1057.82,1099.69,62.05,33.08,1.5,117.3,5.84,0.833,31.0,38.98,92.86,1055.11,93.23
2024-03-01,Malaysia,Pakistan,14.48,53.12,885.02,1010.04,1019.02,58.62,30.41,1.478,144.8,3.52,0.313,30.4,20.45,125.02,1108.8,75.82
2021-01-01,Indonesia,EU-27,6.77,33.08,796.75,893.32,939.09,47.93,41.13,1.335,207.0,5.24,0.154,25.6,28.53,96.57,929.93,139.19
2017-09-01,Malaysia,EU-27,7.62,32.92,700.31,841.25,843.16,51.94,20.64,1.182,178.8,4.84,0.685,20.6,28.38,140.95,811.29,144.55
2018-01-01,Malaysia,India,10.4,33.96,712.91,842.88,868.29,53.24,26.56,1.233,261.7,5.59,0.163,21.1,32.6,129.98,853.84,211.71
2016-03-01,Malaysia,Pakistan,14.67,39.4,700.65,830.22,898.58,49.45,27.88,0.982,156.6,5.18,0.352,18.4,35.9,129.57,880.62,106.36
2019-06-01,Malaysia,Pakistan,12.91,42.82,811.87,965.98,990.67,59.25,26.16,1.315,154.3,4.83,0.807,23.2,28.65,154.11,994.55,126.49
2024-03-01,Indonesia,India,21.63,51.26,904.34,1025.83,1048.72,63.09,23.42,1.43,332.9,2.46,0.296,30.4,38.35,121.48,1190.74,206.21
2017-08-01,Malaysia,Pakistan,13.26,26.74,669.63,786.59,808.49,58.61,26.04,1.337,144.9,6.04,0.803,20.5,30.03,116.95,818.21,125.14
2014-09-01,Indonesia,EU-27,5.57,31.01,750.28,887.56,862.71,54.86,17.59,0.966,211.4,5.22,0.665,16.1,34.63,137.28,843.37,157.88
2020-12-01,Indonesia,USA,0.0,36.95,770.86,907.08,956.99,67.1,28.9,1.274,134.1,4.08,0.175,25.5,25.52,136.22,836.7,89.34
2016-07-01,Indonesia,EU-27,12.16,35.21,714.92,855.09,902.01,49.63,29.2,1.207,245.1,3.72,0.835,18.9,30.95,140.17,874.08,145.89
2021-03-01,Malaysia,USA,1.78,56.24,794.51,927.73,926.55,64.99,38.22,1.308,108.3,4.69,0.346,25.9,28.62,133.22,904.78,94.99
2020-04-01,Indonesia,China,7.08,46.14,855.57,1008.47,1006.37,59.45,23.44,1.383,309.0,4.63,0.496,24.5,30.46,152.9,990.7,232.08
2023-05-01,Indonesia,China,6.09,47.27,843.65,966.38,1037.7,54.98,25.68,1.393,301.4,3.59,0.654,29.1,29.36,122.73,972.4,225.32
2016-01-01,Malaysia,India,14.31,35.52,727.69,839.3,861.73,45.88,17.37,1.118,286.3,4.27,0.149,18.1,28.99,111.6,892.32,182.45
2016-08-01,Indonesia,USA,0.0,32.01,690.98,872.13,820.39,56.06,30.24,1.146,119.4,4.08,0.806,19.0,29.91,181.15,753.23,132.97
2017-08-01,Malaysia,Pakistan,16.36,34.68,684.22,848.22,808.37,57.14,27.49,1.099,182.3,5.76,0.813,20.5,23.34,164.0,868.52,127.42
2021-03-01,Indonesia,USA,0.0,40.19,798.94,930.56,935.54,62.9,33.32,1.371,141.2,4.61,0.328,25.9,30.73,131.62,872.45,93.57
2016-06-01,Malaysia,Pakistan,6.31,40.38,723.06,856.75,892.17,54.84,29.2,1.088,131.0,5.04,0.81,18.8,27.8,133.7,842.67,145.31
2024-10-01,Malaysia,Pakistan,12.36,51.43,949.21,1131.96,1103.33,69.17,25.46,1.5,170.1,6.73,0.47,31.2,23.38,182.75,1152.97,133.0
2014-07-01,Indonesia,USA,1.07,33.86,754.4,885.13,779.37,45.33,26.74,1.159,152.6,5.61,0.849,15.9,27.53,130.73,823.75,118.77
2017-09-01,Indonesia,EU-27,3.54,30.92,681.71,820.97,831.05,57.26,26.55,1.219,194.3,4.91,0.695,20.6,30.31,139.26,765.37,164.91
2015-03-01,Malaysia,China,9.37,37.23,747.73,860.91,906.42,49.99,25.79,1.023,225.8,3.4,0.309,16.9,28.39,113.17,886.69,191.46
2024-10-01,Malaysia,EU-27,3.73,51.09,939.11,1028.83,1115.8,60.3,23.75,1.488,186.4,4.76,0.488,31.2,32.29,89.72,1051.82,121.66
2019-06-01,Malaysia,Pakistan,14.18,44.18,808.87,976.23,963.7,55.93,24.93,1.185,167.4,5.79,0.824,23.2,29.2,167.36,1002.45,145.74
2020-07-01,Indonesia,China,7.21,41.7,828.63,959.09,931.44,64.8,22.26,1.309,291.5,5.43,0.829,24.9,30.69,130.47,956.9,242.65
2021-02-01,Indonesia,USA,4.2,47.45,829.28,967.29,939.86,77.22,40.3,1.282,114.3,4.69,0.18,25.8,25.99,138.01,955.52,72.21
2020-07-01,Malaysia,Pakistan,11.47,42.94,836.56,937.59,1007.92,62.16,26.68,1.26,171.4,4.02,0.845,24.9,27.89,101.03,1010.09,115.27
2017-04-01,Malaysia,India,21.86,31.71,700.29,829.24,834.41,52.12,29.4,1.135,286.1,4.26,0.505,20.0,33.14,128.94,927.81,181.24
2015-02-01,Indonesia,Pakistan,21.91,28.04,750.68,842.66,898.91,47.85,22.68,0.971,199.6,5.01,0.212,16.8,24.43,91.99,976.99,67.41
2022-04-01,Indonesia,India,17.95,36.95,776.77,878.13,941.73,63.14,46.37,1.433,337.5,3.31,0.513,27.5,35.58,101.36,1014.48,199.04
2020-09-01,Malaysia,China,11.24,47.51,867.31,998.82,1026.47,61.47,21.91,1.333,225.5,5.66,0.698,25.1,27.57,131.51,1042.06,188.81
2014-05-01,Malaysia,China,6.98,33.27,680.72,824.16,848.6,44.88,30.15,0.927,229.4,6.17,0.699,15.6,25.29,143.45,796.06,223.73
2023-09-01,Indonesia,USA,0.93,48.41,840.86,920.51,970.64,69.61,28.11,1.421,129.4,4.08,0.68,29.6,44.29,79.65,925.89,78.93
2016-08-01,Malaysia,China,8.28,32.31,728.39,838.13,890.32,52.56,18.91,1.134,252.3,3.81,0.792,19.0,37.71,109.74,844.2,197.85
2023-11-01,Malaysia,India,21.66,54.86,902.27,1027.51,1044.74,71.31,24.95,1.497,293.9,4.75,0.317,29.9,36.15,125.24,1194.78,188.09
2023-02-01,Indonesia,EU-27,4.81,49.49,849.8,957.16,1003.1,59.13,27.56,1.29,230.0,3.71,0.178,28.8,23.81,107.36,971.47,114.18
2018-01-01,Indonesia,EU-27,3.45,39.57,732.3,856.62,908.89,48.74,20.25,1.101,206.4,6.12,0.157,21.1,28.96,124.32,819.47,147.43
2016-05-01,Malaysia,EU-27,6.96,36.88,692.18,809.42,854.52,53.54,26.91,0.934,180.2,4.31,0.667,18.6,28.14,117.24,808.56,147.73
2017-09-01,Indonesia,Pakistan,29.03,32.87,696.83,821.75,886.54,47.7,28.95,1.268,185.8,4.69,0.665,20.6,25.57,124.92,978.88,112.16
2018-09-01,Indonesia,Pakistan,18.55,33.52,757.13,878.46,895.56,59.31,24.82,1.121,194.1,2.94,0.67,22.1,26.77,121.33,966.72,126.71
2023-10-01,Malaysia,EU-27,4.92,46.14,885.6,1003.01,1048.45,67.38,29.37,1.306,177.4,4.12,0.498,29.8,26.53,117.41,1008.39,123.7
2015-12-01,Indonesia,USA,0.0,37.1,732.73,815.5,925.32,55.98,18.12,1.14,120.8,4.44,0.195,18.0,36.04,82.76,787.95,79.52
2023-01-01,Indonesia,Pakistan,16.63,34.95,809.75,937.86,952.97,64.38,25.77,1.411,190.4,3.8,0.134,28.6,38.2,128.12,1015.27,93.29
2021-12-01,Malaysia,India,19.33,35.98,787.64,933.05,938.3,65.83,36.3,1.456,280.8,4.42,0.208,27.0,25.64,145.42,1026.13,181.88
2022-12-01,Indonesia,USA,0.0,33.5,799.83,943.19,956.32,58.45,43.78,1.431,143.0,6.09,0.19,28.5,26.29,143.36,877.12,99.55
2024-05-01,Malaysia,China,4.09,58.3,935.85,1083.56,1094.47,72.12,23.5,1.327,242.4,3.96,0.672,30.6,22.4,147.71,1059.26,212.64
2016-08-01,Malaysia,USA,1.55,42.65,713.56,848.58,857.18,59.04,30.22,1.094,120.7,5.61,0.822,19.0,32.01,135.02,798.64,94.54
2020-08-01,Malaysia,USA,2.84,45.77,837.29,962.16,1004.56,56.46,27.53,1.404,115.5,4.87,0.801,25.0,29.33,124.87,936.42,99.14
2021-10-01,Indonesia,China,16.24,43.57,762.35,889.69,887.5,69.24,43.89,1.353,290.2,2.87,0.504,26.8,28.49,127.34,987.78,202.11
2021-10-01,Malaysia,Pakistan,12.58,26.53,770.37,899.01,878.89,62.65,39.68,1.392,175.1,6.56,0.513,26.8,34.67,128.63,941.83,103.77
2019-03-01,Malaysia,Pakistan,15.61,39.72,795.26,936.63,915.2,51.12,20.5,1.216,193.4,4.76,0.319,22.9,28.51,141.37,989.03,103.45
2019-03-01,Malaysia,USA,0.0,38.8,800.25,918.82,969.94,55.57,22.68,1.263,117.3,5.03,0.313,22.9,28.99,118.57,861.74,91.55
2022-04-01,Malaysia,EU-27,5.67,34.41,788.15,933.88,948.22,67.53,38.76,1.373,167.5,4.21,0.498,27.5,25.86,145.73,910.18,135.0
2019-04-01,Indonesia,China,10.24,48.02,811.22,974.15,995.86,50.89,26.06,1.269,306.8,3.97,0.509,23.0,25.07,162.93,975.94,224.53
2018-06-01,Malaysia,USA,1.59,38.89,701.57,794.26,819.1,54.0,21.7,1.355,128.7,4.29,0.851,21.8,32.97,92.68,774.28,84.03
2018-04-01,Indonesia,EU-27,10.31,33.03,707.85,840.89,848.76,63.99,24.96,1.253,208.7,4.81,0.486,21.5,32.99,133.03,844.79,146.24
2021-03-01,Indonesia,USA,0.0,40.82,814.68,926.94,965.26,62.83,40.12,1.345,115.0,4.25,0.328,25.9,32.48,112.26,895.61,88.97
2017-04-01,Indonesia,EU-27,3.92,30.04,694.16,835.59,837.6,54.49,26.03,1.136,197.5,4.73,0.478,20.0,37.87,141.43,779.66,182.36
2014-12-01,Indonesia,China,7.49,38.56,753.33,864.71,944.39,45.17,21.91,1.09,314.6,3.92,0.183,16.5,35.97,111.38,874.75,203.99
2019-02-01,Indonesia,China,12.25,40.47,792.13,940.01,941.47,56.13,32.43,1.182,288.1,3.9,0.192,22.8,30.01,147.88,971.02,187.7
2017-12-01,Malaysia,China,7.99,37.6,677.03,795.57,842.92,49.75,33.18,1.213,244.6,4.3,0.215,21.0,35.67,118.53,807.56,166.17
2023-12-01,Malaysia,EU-27,3.72,51.07,899.5,1039.04,1036.15,65.43,24.44,1.434,174.3,5.43,0.209,30.0,29.38,139.54,1011.26,121.41
2020-07-01,Indonesia,India,24.76,35.11,855.84,1001.22,1026.87,62.17,29.41,1.438,322.8,4.07,0.876,24.9,25.37,145.38,1148.2,224.15
2018-04-01,Indonesia,USA,5.62,40.91,727.78,871.65,894.78,55.19,31.81,1.229,132.6,5.39,0.487,21.5,34.14,143.87,845.45,110.74
2017-03-01,Malaysia,USA,0.0,35.41,725.56,875.06,903.59,58.52,28.72,1.13,113.8,4.14,0.34,19.9,29.3,149.5,789.69,93.44
2023-06-01,Indonesia,EU-27,7.99,46.96,824.33,932.67,964.27,68.29,25.94,1.484,205.9,5.26,0.795,29.2,35.52,108.34,968.93,144.66
2015-08-01,Indonesia,China,6.9,40.73,757.86,875.92,898.26,56.71,27.91,1.001,278.7,4.48,0.819,17.5,22.65,118.06,883.5,234.73
2014-12-01,Malaysia,USA,6.23,42.1,763.1,888.91,861.23,58.37,28.08,1.06,104.5,6.01,0.189,16.5,32.79,125.81,885.17,78.18
2024-10-01,Malaysia,Pakistan,15.64,52.22,908.41,1049.29,1046.32,68.22,25.52,1.5,157.5,4.56,0.515,31.2,30.13,140.88,1140.4,105.78
2019-07-01,Indonesia,Pakistan,25.96,49.05,843.05,982.34,1019.15,50.14,28.4,1.244,167.5,5.52,0.872,23.4,21.47,139.29,1159.44,134.68
2021-02-01,Indonesia,India,22.82,48.63,793.43,967.06,946.5,62.55,36.87,1.297,317.4,2.74,0.205,25.8,25.67,173.63,1079.48,224.31
2024-04-01,Malaysia,USA,0.0,50.24,897.01,1004.33,1007.94,75.39,22.95,1.412,118.8,4.67,0.526,30.5,21.08,107.32,970.19,74.46
2022-04-01,Indonesia,Pakistan,21.53,41.48,756.07,877.67,898.35,57.67,40.83,1.424,164.4,3.05,0.524,27.5,41.91,121.6,1018.85,111.9
2023-01-01,Indonesia,India,25.4,47.22,846.2,981.73,1040.09,73.07,23.12,1.5,324.3,6.32,0.157,28.6,24.84,135.53,1149.35,191.69
2021-04-01,Indonesia,Pakistan,18.52,37.01,783.36,907.45,933.22,63.05,40.01,1.454,173.8,5.27,0.479,26.0,27.94,124.09,1019.73,128.28
2014-08-01,Malaysia,China,5.0,27.19,697.32,815.42,837.36,39.59,29.35,0.932,237.9,4.61,0.782,16.0,31.38,118.1,791.57,212.87
2023-09-01,Indonesia,EU-27,10.01,44.41,861.51,960.59,1006.08,72.73,29.32,1.433,215.1,4.51,0.656,29.6,24.91,99.08,1028.83,144.68
2021-04-01,Malaysia,USA,1.48,46.88,758.4,874.27,936.37,47.37,34.51,1.302,116.8,3.23,0.505,26.0,43.44,115.87,852.21,84.16
2024-07-01,Indonesia,USA,0.0,58.54,920.94,1071.09,1000.95,56.98,23.45,1.5,142.9,3.14,0.842,30.9,28.86,150.15,1002.93,120.75
2018-10-01,Malaysia,EU-27,6.26,38.1,771.11,928.63,971.75,50.46,31.59,1.229,175.4,4.06,0.469,22.2,33.8,157.53,893.47,152.75
2019-12-01,Indonesia,Pakistan,13.7,49.21,830.07,970.44,978.39,57.5,19.4,1.334,189.2,4.87,0.196,24.0,25.68,140.37,1021.76,108.38
2022-05-01,Indonesia,EU-27,0.85,30.25,783.16,893.07,917.0,59.62,39.07,1.286,217.1,4.58,0.643,27.6,37.62,109.9,859.73,147.01
2021-08-01,Malaysia,India,21.93,40.75,789.02,919.33,979.29,60.33,40.68,1.359,267.8,4.27,0.79,26.5,23.52,130.31,1061.39,197.13
2020-05-01,Indonesia,Pakistan,18.82,36.85,839.31,960.32,1039.89,58.06,21.59,1.357,211.9,5.02,0.669,24.6,32.48,121.01,1066.69,99.6
2021-03-01,Indonesia,USA,0.0,42.96,814.61,921.6,986.85,50.09,36.95,1.303,145.3,4.78,0.306,25.9,34.7,106.99,894.53,77.03
2024-12-01,Indonesia,USA,0.44,50.22,937.54,1029.7,1082.06,67.25,24.72,1.5,139.6,4.02,0.21,31.5,30.23,92.17,1016.96,68.07
2017-07-01,Malaysia,India,10.67,27.4,684.89,820.19,807.18,61.19,29.27,1.167,291.8,6.41,0.822,20.4,41.13,135.3,820.68,203.9
2019-08-01,Malaysia,USA,0.0,48.05,807.77,937.71,983.51,60.4,27.29,1.219,108.7,5.23,0.815,23.5,32.75,129.94,883.11,99.08
2023-03-01,Malaysia,USA,0.0,49.67,811.0,947.02,946.29,68.17,20.75,1.346,116.2,5.34,0.367,28.9,31.48,136.02,881.43,82.68
2014-09-01,Malaysia,USA,0.0,46.79,742.47,868.4,907.66,48.98,22.3,0.871,114.9,6.0,0.679,16.1,32.51,125.93,811.56,110.13
2023-07-01,Malaysia,EU-27,3.47,47.31,828.66,932.02,1003.8,65.77,34.47,1.454,179.6,4.78,0.842,29.4,34.1,103.36,942.05,137.86
2014-03-01,Malaysia,China,12.45,38.44,711.06,831.48,800.98,55.71,26.38,1.128,264.6,6.35,0.339,15.4,30.61,120.42,872.45,169.14
2014-05-01,Malaysia,India,12.52,46.06,710.81,862.18,872.0,48.99,22.79,1.039,276.3,3.19,0.674,15.6,22.21,151.37,877.3,202.62
2017-11-01,Indonesia,Pakistan,16.29,41.09,670.2,815.48,738.54,48.51,24.49,1.143,178.0,4.03,0.312,20.9,26.64,145.28,855.64,112.56
2017-11-01,Malaysia,Pakistan,15.0,31.51,716.52,821.86,848.41,52.45,34.3,1.219,172.2,5.04,0.353,20.9,24.28,105.33,899.68,84.16
2018-02-01,Indonesia,China,9.75,45.11,698.39,884.31,805.46,51.24,23.75,1.115,306.7,4.55,0.21,21.2,29.65,185.92,842.04,214.54
2014-12-01,Indonesia,China,13.14,44.05,750.58,861.58,975.77,51.28,33.77,0.982,291.4,2.99,0.165,16.5,24.95,111.0,937.22,193.46
2021-09-01,Indonesia,China,8.3,33.58,784.51,902.57,916.37,64.23,46.12,1.368,298.7,4.77,0.675,26.6,30.48,118.06,935.95,235.31
2023-07-01,Malaysia,EU-27,9.45,52.44,860.53,1006.54,1028.51,68.9,27.71,1.492,179.4,4.04,0.84,29.4,27.9,146.01,1029.59,142.16
2024-10-01,Malaysia,India,17.56,44.94,925.65,1045.32,1054.89,71.01,27.78,1.5,274.7,3.7,0.512,31.2,29.43,119.68,1173.67,183.47
2017-09-01,Indonesia,Pakistan,15.07,31.92,692.9,776.73,749.93,57.75,26.96,1.168,177.8,6.76,0.673,20.6,43.78,83.83,865.06,124.98
2016-11-01,Malaysia,China,12.28,27.68,692.43,799.88,890.86,41.57,26.96,1.138,232.4,4.61,0.317,19.4,30.14,107.45,838.82,174.71
2021-03-01,Malaysia,Pakistan,16.47,47.49,778.09,910.67,929.52,68.25,42.16,1.324,161.3,6.32,0.299,25.9,34.53,132.58,1010.63,98.4
2016-04-01,Malaysia,China,10.53,35.65,712.78,851.07,849.09,40.42,18.36,1.057,221.7,5.53,0.528,18.5,34.25,138.3,847.52,199.62
2015-09-01,Malaysia,China,9.4,41.08,775.71,868.17,898.15,39.92,22.2,1.049,253.4,6.35,0.66,17.6,30.55,92.46,917.9,194.73
2020-03-01,Malaysia,India,14.32,46.45,877.84,1030.24,1027.71,58.27,26.69,1.36,245.9,4.46,0.28,24.4,21.98,152.4,1087.12,200.05
2022-07-01,Indonesia,EU-27,1.57,34.53,761.07,936.5,931.64,59.83,37.49,1.351,219.1,3.39,0.872,27.9,20.97,175.42,846.18,191.18
2015-05-01,Malaysia,USA,3.13,39.33,745.96,886.47,905.61,57.74,27.53,1.202,99.3,5.3,0.658,17.1,34.17,140.51,838.27,118.18
2023-02-01,Malaysia,EU-27,2.42,50.56,836.04,945.25,993.21,64.21,22.82,1.5,184.9,4.05,0.173,28.8,35.33,109.21,931.41,96.39
2014-07-01,Malaysia,India,12.99,32.46,725.93,875.56,887.61,41.11,26.45,1.055,286.3,3.81,0.831,15.9,27.63,149.63,886.79,222.06
2017-11-01,Malaysia,India,13.54,28.38,707.92,872.42,824.46,55.99,21.97,1.051,280.9,4.44,0.31,20.9,40.32,164.5,860.9,189.52
2024-05-01,Indonesia,EU-27,5.77,55.24,936.16,1041.75,1036.63,64.14,24.81,1.5,209.6,3.77,0.641,30.6,32.92,105.58,1074.84,151.39
2017-12-01,Indonesia,India,13.45,36.48,736.06,901.91,906.45,60.96,25.21,1.135,333.6,4.28,0.198,21.0,23.1,165.85,905.06,229.21
2017-01-01,Malaysia,Pakistan,16.7,36.87,717.26,857.95,853.63,43.7,30.05,1.138,136.2,4.71,0.168,19.6,32.38,140.69,915.12,95.16
2019-02-01,Malaysia,EU-27,8.08,42.74,790.37,921.22,972.57,60.37,22.62,1.192,162.4,5.39,0.183,22.8,28.03,130.85,924.88,125.68
2017-08-01,Indonesia,EU-27,1.39,31.07,720.62,853.97,916.86,57.68,22.03,1.268,225.6,4.17,0.79,20.5,30.22,133.34,784.45,164.69
2018-10-01,Malaysia,India,14.32,38.53,784.19,890.64,961.77,58.9,21.67,1.209,277.1,5.37,0.49,22.2,26.63,106.45,965.3,185.22
2018-04-01,Indonesia,EU-27,3.4,41.88,739.1,890.81,864.66,53.5,27.07,1.236,210.4,4.97,0.507,21.5,34.75,151.7,835.56,162.78
2022-01-01,Indonesia,EU-27,0.0,44.28,798.0,911.32,940.6,68.12,47.19,1.159,223.1,5.62,0.149,27.1,32.05,113.32,889.47,143.21
2023-12-01,Indonesia,China,11.72,47.46,873.31,987.8,1014.26,64.04,19.69,1.423,288.0,3.32,0.182,30.0,19.21,114.49,1050.68,182.97
2018-06-01,Indonesia,India,15.28,47.89,755.65,874.82,872.19,61.98,24.13,1.173,345.6,5.81,0.806,21.8,46.68,119.17,954.17,246.7
2021-07-01,Indonesia,USA,0.0,39.14,770.54,909.63,946.03,60.14,35.62,1.306,138.8,4.98,0.87,26.4,31.16,139.08,845.3,107.5
2024-09-01,Indonesia,Pakistan,18.62,62.47,934.6,1081.16,1068.74,64.57,19.84,1.347,184.8,5.83,0.676,31.1,24.15,146.56,1206.25,128.75
2016-06-01,Indonesia,India,15.12,26.78,687.86,811.94,858.08,57.69,28.25,1.133,340.4,4.08,0.863,18.8,21.27,124.09,855.17,247.0
2014-08-01,Indonesia,China,1.18,41.63,788.31,927.98,968.18,51.69,27.44,1.063,315.6,5.03,0.819,16.0,26.2,139.66,867.48,225.02
2023-08-01,Indonesia,Pakistan,20.88,46.18,837.39,959.04,1000.47,63.03,30.07,1.384,186.4,2.9,0.83,29.5,41.47,121.65,1104.39,118.77
2019-07-01,Indonesia,China,12.4,40.34,803.21,906.92,905.69,57.24,27.39,1.322,276.3,6.65,0.873,23.4,32.57,103.71,978.9,231.89
2021-05-01,Malaysia,Pakistan,14.57,41.6,819.14,934.65,954.84,58.89,35.65,1.393,146.3,6.37,0.691,26.1,24.11,115.5,1026.96,121.34
2022-02-01,Malaysia,Pakistan,19.01,37.61,779.88,906.08,911.43,62.22,45.58,1.338,161.1,6.76,0.208,27.2,31.77,126.21,1027.16,101.61
2014-07-01,Indonesia,EU-27,8.48,38.61,746.3,926.83,855.3,57.71,24.78,1.209,216.5,4.82,0.839,15.9,26.72,180.53,878.33,177.96
2014-06-01,Indonesia,EU-27,4.76,37.71,718.18,805.25,870.72,49.48,26.5,0.986,219.5,4.62,0.782,15.8,21.19,87.07,819.63,169.16
2017-07-01,Malaysia,USA,0.47,19.97,691.85,848.64,845.84,62.19,31.07,1.185,103.4,4.54,0.844,20.4,23.79,156.8,746.35,131.03
2022-09-01,Malaysia,China,6.16,29.14,760.78,923.29,912.95,67.45,37.37,1.264,237.2,5.95,0.673,28.1,37.24,162.52,878.25,239.12
2020-04-01,Malaysia,EU-27,10.61,43.75,864.28,977.6,1044.42,60.03,25.76,1.242,189.3,5.39,0.466,24.5,33.46,113.31,1032.86,112.37
2023-12-01,Indonesia,Pakistan,18.64,50.8,860.53,982.36,1031.79,68.08,31.23,1.368,193.2,5.76,0.212,30.0,29.2,121.83,1118.27,102.74
2021-06-01,Indonesia,EU-27,8.53,41.52,812.26,926.9,975.37,58.07,31.42,1.322,215.1,4.25,0.799,26.2,33.12,114.63,960.7,171.01
2020-05-01,Indonesia,EU-27,8.2,47.55,857.99,987.42,936.75,57.78,21.92,1.239,180.7,5.35,0.687,24.6,29.33,129.42,1003.53,161.79
2021-07-01,Indonesia,USA,0.0,42.04,773.93,857.94,899.82,63.22,40.16,1.232,107.5,5.13,0.827,26.4,27.71,84.01,856.12,114.52
2020-10-01,Indonesia,China,7.41,46.22,830.68,952.65,955.16,62.3,18.35,1.334,309.5,5.42,0.496,25.2,34.58,121.97,961.57,209.12
2019-05-01,Malaysia,India,12.38,41.49,813.72,967.03,967.77,49.05,25.67,1.231,293.2,3.13,0.679,23.1,33.23,153.31,989.91,203.39
2023-05-01,Indonesia,USA,0.0,41.19,836.38,959.13,944.11,66.59,27.49,1.46,122.7,5.05,0.673,29.1,30.95,122.74,905.06,113.95
2024-10-01,Indonesia,Pakistan,15.81,52.06,937.89,1062.52,1090.11,68.98,21.28,1.459,167.1,4.92,0.496,31.2,25.42,124.63,1171.15,134.05
2016-10-01,Indonesia,USA,0.0,34.12,666.12,799.57,828.54,48.79,24.79,1.119,129.2,5.4,0.5,19.2,28.37,133.45,725.03,101.23
2021-11-01,Malaysia,Pakistan,17.1,33.21,765.5,870.6,874.35,53.6,41.24,1.332,166.9,5.14,0.32,26.9,30.65,105.11,983.61,86.63
2014-07-01,Malaysia,USA,0.0,33.27,720.71,848.8,831.09,50.42,22.64,1.018,82.4,5.48,0.849,15.9,27.66,128.09,776.62,101.85
2021-12-01,Indonesia,China,10.23,39.77,786.26,938.21,892.35,67.7,40.84,1.329,290.8,5.24,0.164,27.0,31.65,151.94,955.53,208.06
2015-07-01,Malaysia,Pakistan,10.24,42.2,767.01,888.67,952.19,62.02,25.91,1.185,151.3,5.86,0.864,17.4,35.76,121.66,920.6,132.75
2014-05-01,Malaysia,China,9.76,37.53,708.91,891.25,872.77,45.57,27.99,0.962,239.9,4.05,0.682,15.6,29.68,182.33,850.02,219.49
2024-12-01,Malaysia,China,9.98,51.96,907.83,1057.59,1117.04,56.28,21.38,1.5,231.7,4.88,0.182,31.5,24.87,149.77,1079.07,178.04
2014-02-01,Malaysia,USA,4.76,33.23,682.01,823.53,852.19,45.96,25.94,0.882,120.4,5.73,0.215,15.2,22.98,141.52,776.46,102.64
2017-09-01,Malaysia,India,12.8,29.29,690.2,824.53,861.33,54.05,32.01,1.199,269.0,6.03,0.682,20.6,31.1,134.34,847.68,213.88
2021-06-01,Malaysia,China,9.06,50.68,815.71,967.62,980.81,56.47,36.91,1.436,256.3,3.49,0.803,26.2,29.75,151.9,985.18,186.06
2024-12-01,Malaysia,India,16.29,56.43,920.66,1043.35,1063.47,69.88,25.9,1.44,278.4,4.68,0.188,31.5,37.08,122.69,1166.39,174.23
2022-04-01,Indonesia,Pakistan,23.44,44.63,767.55,886.83,932.06,52.61,33.85,1.231,188.9,3.68,0.519,27.5,31.97,119.28,1044.32,111.77
2022-01-01,Indonesia,China,13.11,39.91,790.46,933.73,974.06,57.46,41.34,1.356,272.7,5.76,0.114,27.1,25.17,143.27,986.01,197.91
2019-07-01,Indonesia,EU-27,5.03,41.55,790.86,921.73,934.05,56.18,21.81,1.237,202.3,3.55,0.846,23.4,20.07,130.87,897.17,160.42
2017-03-01,Malaysia,EU-27,8.76,22.6,690.14,825.09,857.5,54.37,29.3,0.996,166.7,5.53,0.337,19.9,25.15,134.95,807.08,135.48
2020-01-01,Malaysia,China,10.4,43.0,833.7,927.94,1049.0,60.11,22.5,1.287,251.0,6.1,0.192,24.1,37.39,94.23,992.72,149.42
2016-10-01,Indonesia,Pakistan,21.82,38.01,699.67,850.35,783.53,56.46,24.51,1.024,204.7,3.97,0.486,19.2,28.69,150.68,928.52,121.76
2019-01-01,Malaysia,EU-27,7.38,40.17,810.95,948.26,974.71,54.96,30.65,1.166,188.6,5.75,0.12,22.6,31.98,137.31,946.88,133.16
2017-03-01,Indonesia,EU-27,9.16,34.36,682.23,825.05,824.51,56.61,30.78,1.181,204.0,3.07,0.317,19.9,29.58,142.82,815.81,145.57
2022-08-01,Malaysia,Pakistan,11.02,40.68,750.78,843.2,849.74,63.57,38.75,1.29,174.1,4.86,0.826,28.0,30.58,92.42,921.7,128.5
2022-09-01,Indonesia,EU-27,8.17,47.94,778.36,895.79,867.42,68.63,33.85,1.324,195.5,6.38,0.705,28.1,23.91,117.43,930.47,169.37
2023-02-01,Indonesia,EU-27,11.45,46.48,824.72,990.31,905.41,69.92,23.29,1.336,241.1,3.9,0.227,28.8,31.95,165.6,996.91,145.38
2023-01-01,Indonesia,EU-27,6.55,38.37,779.67,904.19,980.38,64.37,32.02,1.443,201.4,6.28,0.154,28.6,27.93,124.52,905.71,123.27
2023-01-01,Malaysia,India,9.84,33.52,808.16,930.18,939.3,57.06,30.4,1.412,284.7,4.22,0.148,28.6,38.07,122.02,957.93,199.22
2022-03-01,Malaysia,USA,0.0,50.45,780.67,919.98,898.4,57.07,37.81,1.467,100.4,3.84,0.315,27.4,27.37,139.31,868.93,71.85
2024-07-01,Malaysia,EU-27,3.9,58.79,949.71,1069.88,1104.75,65.4,24.01,1.456,189.5,3.37,0.843,30.9,21.68,120.17,1072.75,137.14
2015-07-01,Malaysia,EU-27,1.54,33.22,745.09,843.33,888.24,52.03,22.21,0.975,162.1,4.6,0.823,17.4,29.31,98.24,812.82,142.27
2020-12-01,Indonesia,USA,0.0,36.96,806.83,956.4,975.69,68.58,24.52,1.4,103.1,4.91,0.19,25.5,33.12,149.57,868.31,106.97
2019-02-01,Malaysia,China,9.99,43.39,797.25,954.97,894.58,58.55,19.56,1.164,244.7,5.91,0.235,22.8,26.68,157.72,946.15,170.89
2015-07-01,Malaysia,China,4.68,41.6,771.78,899.01,949.85,55.02,24.89,1.004,251.6,5.21,0.905,17.4,18.9,127.23,877.54,205.53
2018-12-01,Malaysia,India,13.32,39.55,779.47,891.44,961.08,59.76,27.83,1.203,311.8,7.08,0.181,22.5,28.7,111.97,959.69,178.03
2019-11-01,Malaysia,India,23.7,43.19,807.02,947.65,951.49,57.1,25.95,1.215,269.6,5.81,0.327,23.9,36.75,140.63,1083.83,186.54
2014-06-01,Malaysia,EU-27,7.94,35.53,711.17,808.9,822.7,53.58,22.23,1.018,173.3,4.36,0.817,15.8,27.6,97.74,830.0,142.07
2020-02-01,Indonesia,India,23.23,48.07,851.28,1016.49,950.71,59.76,20.14,1.201,335.4,2.46,0.186,24.2,23.85,165.21,1133.1,213.45
2016-05-01,Indonesia,India,11.06,49.66,723.39,882.39,875.36,41.5,26.54,1.176,327.2,3.8,0.665,18.6,30.64,159.0,888.07,242.15
2018-08-01,Indonesia,EU-27,4.8,41.2,786.72,909.01,948.48,51.49,26.35,1.394,219.0,3.26,0.783,22.0,23.19,122.29,895.31,168.11
2020-09-01,Indonesia,USA,0.64,39.49,823.61,937.85,982.3,60.43,31.94,1.275,149.2,7.94,0.658,25.1,31.71,114.23,900.77,110.59
2019-07-01,Malaysia,China,10.99,48.02,862.58,983.27,991.09,58.42,27.85,1.239,254.1,5.27,0.874,23.4,34.03,120.69,1041.58,196.15
2018-12-01,Malaysia,USA,0.0,38.3,804.83,929.34,951.34,54.61,21.69,1.211,122.2,4.78,0.21,22.5,32.41,124.51,864.82,69.09
2015-07-01,Malaysia,EU-27,11.14,39.89,779.38,906.48,960.89,53.66,20.07,1.096,174.5,5.33,0.863,17.4,27.33,127.1,932.83,135.41
2020-12-01,Indonesia,USA,0.02,51.88,825.0,946.04,999.13,50.67,28.7,1.387,137.4,3.14,0.2,25.5,32.04,121.04,905.77,64.93
2016-09-01,Malaysia,EU-27,4.15,33.93,704.12,824.52,893.39,49.93,23.64,1.175,147.6,5.94,0.675,19.1,36.51,120.4,793.29,132.45
2017-04-01,Indonesia,USA,0.0,36.22,673.02,797.53,818.54,53.07,30.56,1.218,133.8,4.21,0.496,20.0,29.57,124.51,739.8,89.65
2015-11-01,Malaysia,EU-27,2.64,40.33,750.99,863.72,915.39,49.14,27.52,1.072,173.4,5.22,0.344,17.9,31.01,112.74,840.45,121.95
2016-10-01,Indonesia,China,12.08,34.28,728.88,869.05,854.27,60.46,22.02,1.143,317.3,4.37,0.503,19.2,32.98,140.17,880.01,198.6
2020-06-01,Indonesia,EU-27,8.99,47.31,831.42,950.96,1005.5,63.74,20.64,1.352,198.5,5.25,0.785,24.8,29.1,119.54,980.24,163.68
2016-01-01,Indonesia,China,8.77,45.25,718.68,864.63,835.77,60.79,22.72,1.064,316.0,3.37,0.136,18.1,32.48,145.95,855.66,193.29
2016-02-01,Indonesia,USA,2.8,37.01,745.95,848.46,902.64,55.75,30.85,1.121,140.6,4.33,0.186,18.2,28.48,102.51,836.64,80.21
2017-08-01,Malaysia,China,14.28,34.16,700.26,844.25,891.69,58.08,23.44,1.16,250.3,3.9,0.789,20.5,27.89,143.99,866.05,181.77
2023-05-01,Indonesia,USA,0.0,37.23,821.37,960.07,1015.07,66.65,25.6,1.335,128.3,4.74,0.628,29.1,36.94,138.7,884.2,96.31
2017-04-01,Indonesia,EU-27,10.64,29.79,665.78,766.02,821.88,62.49,26.85,1.215,206.0,3.46,0.444,20.0,30.91,100.24,799.31,129.08
2015-11-01,Malaysia,India,13.94,26.96,717.08,849.78,864.6,52.96,20.86,1.14,294.3,3.83,0.33,17.9,34.04,132.7,871.5,185.21
2018-07-01,Malaysia,USA,3.55,36.86,754.18,866.75,916.95,63.07,27.09,1.177,123.7,4.72,0.877,21.9,25.22,112.57,847.21,94.42
2022-08-01,Malaysia,China,9.32,37.53,794.47,930.5,928.95,59.34,38.27,1.375,239.2,4.54,0.794,28.0,40.22,136.03,951.36,216.85
2016-03-01,Malaysia,USA,1.24,26.23,697.6,848.79,862.27,55.59,26.92,1.06,97.0,5.3,0.358,18.4,37.47,151.19,760.05,109.28
2021-06-01,Indonesia,EU-27,0.42,47.83,796.88,947.73,940.41,55.2,44.94,1.338,202.2,5.93,0.774,26.2,39.99,150.85,893.39,195.33
2021-04-01,Malaysia,USA,0.0,48.78,814.72,929.02,979.97,63.41,45.83,1.293,117.3,4.87,0.491,26.0,29.39,114.3,909.33,72.93
2022-10-01,Malaysia,China,5.82,46.16,809.79,923.57,919.83,67.77,39.48,1.399,271.5,2.7,0.482,28.2,37.99,113.78,947.51,184.27
2014-12-01,Malaysia,EU-27,8.59,37.05,746.66,851.33,902.6,49.54,22.02,1.113,161.9,3.5,0.176,16.5,26.95,104.67,874.92,91.68
2018-10-01,Malaysia,USA,5.08,37.38,735.93,860.59,903.58,59.96,26.94,1.202,107.7,6.88,0.505,22.2,31.74,124.66,840.92,86.0
2017-01-01,Malaysia,Pakistan,17.14,29.03,709.59,866.71,853.28,54.37,30.14,1.236,148.3,7.67,0.166,19.6,29.24,157.12,900.53,86.97
2021-01-01,Malaysia,Pakistan,15.22,44.9,817.66,935.58,931.25,62.19,45.79,1.324,149.6,4.15,0.131,25.6,26.17,117.92,1046.56,79.56
2023-04-01,Malaysia,India,21.18,43.99,852.29,1002.57,1014.13,57.96,29.32,1.462,268.2,5.85,0.476,29.0,30.28,150.28,1121.65,205.02
2023-09-01,Indonesia,India,22.71,59.24,870.22,1009.83,1084.28,66.77,27.38,1.474,290.7,4.41,0.679,29.6,26.19,139.6,1174.16,234.86
2022-03-01,Malaysia,USA,0.0,40.27,778.92,910.98,909.64,59.28,33.15,1.454,103.5,4.5,0.329,27.4,28.66,132.06,852.34,88.42
2017-12-01,Malaysia,EU-27,7.21,33.32,698.29,834.84,866.51,51.45,29.4,1.211,168.9,3.7,0.187,21.0,30.92,136.55,815.85,113.55
2015-10-01,Malaysia,USA,0.0,40.37,741.48,896.17,855.67,57.9,18.63,1.086,91.3,6.73,0.479,17.8,25.86,154.68,800.48,121.43
2014-03-01,Indonesia,EU-27,9.32,36.2,691.24,819.38,884.62,49.6,22.41,0.975,221.9,3.02,0.335,15.4,29.11,128.14,819.76,133.47
2014-07-01,Malaysia,China,4.94,32.35,727.75,877.21,845.5,44.28,23.29,0.973,246.5,3.8,0.835,15.9,31.09,149.46,822.12,238.41
2024-10-01,Malaysia,EU-27,4.06,55.26,938.5,1067.45,1116.57,70.7,28.98,1.436,154.0,3.85,0.511,31.2,38.62,128.94,1064.23,134.04
2016-03-01,Indonesia,EU-27,10.51,40.43,731.53,872.41,873.87,50.19,23.72,1.229,198.3,6.73,0.299,18.4,29.27,140.88,879.34,148.19
2021-11-01,Indonesia,China,10.49,44.91,786.83,943.77,941.61,64.91,37.73,1.381,266.3,4.17,0.345,26.9,23.37,156.94,960.66,204.97
2024-07-01,Malaysia,EU-27,9.08,50.98,944.18,1075.83,1136.78,75.56,21.52,1.5,175.3,5.0,0.873,30.9,24.39,131.65,1109.02,150.67
2021-03-01,Malaysia,India,18.38,34.31,801.61,939.25,959.61,63.72,40.91,1.268,297.2,6.55,0.302,25.9,25.72,137.64,1037.95,169.26
2017-03-01,Indonesia,India,14.34,39.89,695.42,866.12,844.16,45.72,23.27,1.226,334.0,5.45,0.362,19.9,20.81,170.7,867.34,248.38
2023-07-01,Indonesia,Pakistan,15.04,50.3,844.86,1012.07,1032.24,55.25,25.91,1.434,166.5,4.05,0.823,29.4,21.73,167.2,1059.58,138.4
2021-12-01,Indonesia,USA,0.0,41.26,763.31,915.76,887.91,69.53,41.88,1.301,128.0,4.3,0.204,27.0,29.36,152.45,846.46,94.38
2014-06-01,Malaysia,China,15.57,40.59,724.43,907.13,908.87,46.2,21.63,1.084,252.8,4.97,0.823,15.8,31.7,182.7,909.11,186.39
2016-10-01,Malaysia,Pakistan,12.05,29.82,738.56,882.9,903.71,53.64,29.98,1.245,168.1,4.31,0.492,19.2,33.47,144.34,894.57,106.81
2017-05-01,Malaysia,USA,3.06,40.94,685.67,789.77,859.66,53.97,19.47,1.132,109.0,6.31,0.653,20.1,31.64,104.1,768.91,102.48
2022-11-01,Malaysia,EU-27,3.96,42.68,788.65,908.15,909.76,67.05,29.54,1.454,167.2,3.79,0.298,28.4,25.4,119.5,894.93,121.48
2017-04-01,Indonesia,USA,0.56,36.39,704.9,863.55,828.35,61.36,21.98,1.203,143.3,4.48,0.457,20.0,24.43,158.65,767.53,105.04
2020-05-01,Indonesia,USA,0.86,44.35,874.47,1026.65,1005.63,62.42,30.28,1.292,98.3,6.28,0.705,24.6,29.68,152.18,957.25,135.88
2019-11-01,Malaysia,EU-27,1.46,46.27,846.99,986.05,956.61,73.54,27.0,1.326,165.8,5.32,0.357,23.9,27.71,139.07,933.73,127.33
2020-07-01,Indonesia,Pakistan,18.14,42.08,847.44,963.2,989.09,62.74,21.46,1.288,191.6,4.81,0.847,24.9,28.85,115.77,1076.19,143.69
2015-04-01,Indonesia,Pakistan,20.36,45.45,761.68,877.19,923.59,53.0,25.3,1.123,199.7,5.64,0.47,17.0,31.3,115.52,1001.94,116.26
2017-09-01,Malaysia,India,12.33,33.74,699.64,835.12,814.29,50.28,28.36,1.124,274.0,4.89,0.678,20.6,30.08,135.48,855.62,199.93
2017-08-01,Indonesia,India,15.93,17.42,650.38,783.54,832.09,55.23,22.4,1.216,350.3,5.34,0.815,20.5,33.36,133.17,800.13,248.89
2019-04-01,Indonesia,China,7.49,41.86,800.97,917.66,964.69,61.86,29.64,1.177,259.8,5.34,0.518,23.0,22.03,116.69,937.81,230.38
2021-08-01,Malaysia,USA,0.0,41.67,780.67,965.08,937.58,64.82,39.95,1.427,125.7,5.21,0.805,26.5,21.6,184.41,862.29,115.14
2022-02-01,Indonesia,China,7.51,42.18,802.72,930.59,981.85,60.99,39.96,1.404,283.2,5.36,0.194,27.2,20.54,127.88,951.35,212.45
2016-12-01,Indonesia,EU-27,6.36,48.58,721.63,842.21,896.01,51.26,31.95,1.124,217.6,6.39,0.206,19.5,24.55,120.59,853.18,146.87
2017-02-01,Indonesia,India,18.18,43.03,679.43,785.23,813.58,57.52,24.09,1.09,344.0,3.33,0.157,19.8,34.26,105.8,882.25,195.19
2023-12-01,Malaysia,China,8.3,51.9,870.94,1055.5,1025.33,68.74,20.81,1.332,246.6,6.85,0.221,30.0,25.96,184.56,1021.99,199.84
2018-01-01,Malaysia,USA,0.0,33.74,679.8,781.96,827.68,50.19,22.34,1.344,103.0,4.53,0.156,21.1,22.46,102.16,735.88,65.41
2024-03-01,Indonesia,EU-27,14.41,49.95,908.48,1045.6,1046.07,61.77,26.09,1.469,197.4,4.98,0.299,30.4,33.58,137.12,1126.37,125.88
2019-09-01,Malaysia,Pakistan,15.22,50.17,854.91,996.29,1015.93,54.38,26.47,1.166,172.4,5.56,0.645,23.6,30.63,141.38,1073.37,123.07
2019-06-01,Malaysia,Pakistan,18.13,33.53,810.13,957.69,948.59,56.57,24.23,1.293,154.3,4.93,0.762,23.2,25.73,147.56,1025.24,124.65
2016-06-01,Indonesia,China,3.82,35.07,712.79,841.81,878.95,45.59,24.69,1.084,307.5,4.4,0.812,18.8,38.87,129.03,802.07,254.69
2016-03-01,Indonesia,EU-27,9.77,34.36,747.89,887.4,909.37,52.42,25.31,1.061,198.8,4.92,0.345,18.4,26.09,139.51,886.49,155.26
2019-01-01,Indonesia,USA,0.0,44.7,796.21,897.11,973.13,70.27,21.51,1.312,102.6,4.88,0.159,22.6,23.08,100.9,862.42,78.11
2022-12-01,Malaysia,India,22.62,36.19,791.72,902.09,1003.97,68.47,47.15,1.324,270.1,6.1,0.207,28.5,23.8,110.36,1073.02,187.93
2017-02-01,Indonesia,Pakistan,19.57,30.01,680.12,833.31,831.65,51.87,25.18,1.066,200.2,3.71,0.226,19.8,31.19,153.19,879.23,103.94
2024-09-01,Indonesia,China,8.68,48.81,927.54,1057.97,1089.58,67.28,20.39,1.399,298.0,3.68,0.656,31.1,25.91,130.42,1083.28,218.46
2024-12-01,Indonesia,China,2.48,60.61,939.48,1077.76,1061.41,63.13,23.32,1.5,306.5,3.83,0.18,31.5,25.4,138.28,1048.82,176.81
2015-01-01,Malaysia,India,13.04,38.28,752.6,853.07,918.82,47.16,26.13,1.121,270.2,5.71,0.1,16.6,35.56,100.46,923.58,164.39
2019-01-01,Indonesia,India,22.82,39.5,786.38,908.89,913.25,60.47,28.66,1.247,332.7,5.58,0.186,22.6,31.41,122.51,1049.54,212.4
2014-07-01,Indonesia,India,16.78,37.55,744.86,823.43,910.87,55.76,26.05,1.039,333.5,4.74,0.851,15.9,37.78,78.57,944.14,242.55
2021-11-01,Indonesia,Pakistan,19.0,39.21,805.39,942.65,926.17,67.13,36.95,1.304,205.1,5.39,0.344,26.9,31.02,137.26,1049.01,103.87
2017-03-01,Malaysia,China,7.14,28.96,675.61,768.33,778.71,56.48,32.97,1.178,236.8,3.41,0.363,19.9,31.19,92.72,790.19,166.24
2023-05-01,Indonesia,India,18.4,41.71,812.93,964.42,929.55,66.1,20.11,1.416,340.8,6.07,0.673,29.1,23.91,151.48,1035.68,245.12
2016-06-01,Malaysia,Pakistan,14.59,41.31,725.29,840.24,867.21,50.38,17.55,1.076,167.4,4.99,0.788,18.8,40.53,114.94,898.56,144.38
2022-09-01,Indonesia,India,23.69,40.48,789.21,908.44,889.26,70.88,36.42,1.404,336.6,5.57,0.692,28.1,35.25,119.23,1071.26,216.75
2017-04-01,Malaysia,EU-27,0.68,29.6,683.42,821.8,816.83,53.98,21.66,1.162,160.9,3.41,0.472,20.0,24.84,138.38,739.69,146.97
2021-01-01,Indonesia,Pakistan,15.45,47.75,829.81,964.65,1021.43,64.86,33.09,1.373,178.1,4.19,0.177,25.6,31.95,134.84,1051.39,101.72
2024-10-01,Malaysia,India,23.21,54.06,948.22,1059.51,1069.24,55.25,33.53,1.479,277.0,5.69,0.533,31.2,32.51,111.29,1276.21,183.81
2017-02-01,Malaysia,EU-27,6.84,42.75,714.98,853.32,827.84,51.44,27.15,1.196,198.6,6.4,0.202,19.8,33.29,138.34,838.54,115.64
2017-11-01,Malaysia,USA,0.0,38.73,698.48,827.6,885.92,52.24,24.99,1.042,107.6,5.31,0.311,20.9,25.9,129.12,762.2,89.39
2021-02-01,Malaysia,Pakistan,12.57,43.83,830.66,937.1,1017.12,66.21,37.96,1.352,165.2,3.09,0.207,25.8,29.51,106.43,1027.18,67.44
2017-10-01,Malaysia,EU-27,8.5,34.81,706.98,844.59,883.75,59.65,16.53,1.222,176.5,6.79,0.538,20.8,35.5,137.61,822.75,131.5
2022-01-01,Malaysia,EU-27,4.79,37.25,793.56,957.9,974.17,60.61,41.07,1.215,171.4,5.5,0.162,27.1,34.34,164.34,913.67,145.08
2021-11-01,Malaysia,India,21.8,34.48,757.46,857.02,940.2,66.66,39.37,1.446,255.8,5.93,0.313,26.9,25.72,99.56,1012.52,175.12
2014-11-01,Indonesia,India,16.11,45.73,756.96,885.08,961.86,54.21,20.2,1.081,332.9,4.6,0.319,16.4,35.57,128.12,955.45,210.5
2021-02-01,Malaysia,USA,0.0,44.41,823.44,968.03,952.64,76.0,38.39,1.292,93.0,3.52,0.153,25.8,32.73,144.59,906.24,86.62
2022-10-01,Malaysia,EU-27,6.46,45.77,817.81,980.77,1000.03,74.28,47.31,1.324,188.7,4.75,0.527,28.2,35.91,162.96,969.71,158.79
2023-02-01,Indonesia,India,21.27,44.04,790.04,909.98,950.05,68.85,25.36,1.445,336.4,4.29,0.19,28.8,33.0,119.94,1042.19,220.45
2016-04-01,Malaysia,USA,0.0,33.18,701.01,862.7,815.65,53.59,24.63,1.143,98.1,5.74,0.511,18.5,29.19,161.7,758.81,129.56
2024-10-01,Malaysia,India,12.51,45.77,920.78,1039.31,1070.54,66.57,21.04,1.5,291.0,4.31,0.509,31.2,26.51,118.53,1111.12,192.36
2023-12-01,Indonesia,China,1.27,53.6,868.63,1026.1,1018.86,63.63,27.17,1.423,286.5,6.4,0.176,30.0,28.16,157.47,961.43,236.98
2020-01-01,Indonesia,USA,0.0,46.73,870.53,1028.43,1012.93,62.94,28.61,1.222,139.0,5.99,0.157,24.1,27.31,157.9,945.87,96.07
2016-01-01,Malaysia,USA,0.45,33.56,723.64,820.44,860.62,58.03,30.06,1.133,99.6,4.61,0.13,18.1,30.72,96.8,790.8,68.38
2017-02-01,Indonesia,EU-27,4.53,26.2,647.23,764.77,793.73,49.89,25.68,1.152,205.9,4.58,0.212,19.8,28.85,117.54,730.76,141.39
2024-11-01,Indonesia,Pakistan,18.35,52.77,954.2,1081.59,1124.13,62.19,21.99,1.5,207.6,4.2,0.333,31.4,28.92,127.4,1217.73,99.08
2016-02-01,Malaysia,USA,0.0,39.07,751.68,853.91,924.09,47.18,27.42,1.103,102.1,5.86,0.186,18.2,36.27,102.23,818.17,59.18
2017-07-01,Malaysia,USA,0.62,40.96,657.72,798.82,818.67,48.95,28.75,1.37,112.6,5.38,0.84,20.4,31.23,141.1,731.91,113.43
2022-09-01,Indonesia,USA,0.0,37.46,802.71,942.77,976.11,56.53,38.37,1.481,128.7,5.05,0.683,28.1,24.88,140.05,878.54,131.21
2020-02-01,Malaysia,USA,1.67,43.82,831.27,931.96,1011.09,55.87,29.63,1.25,88.6,4.11,0.142,24.2,22.46,100.69,919.79,66.65
2022-04-01,Indonesia,China,5.35,42.32,779.22,916.75,905.32,57.18,34.71,1.417,323.9,6.47,0.468,27.5,23.26,137.53,902.09,225.73
2015-12-01,Malaysia,India,13.15,40.77,728.75,874.49,926.35,53.97,29.32,1.101,259.8,4.15,0.19,18.0,23.64,145.74,903.89,197.25
2017-05-01,Malaysia,Pakistan,21.41,24.95,671.69,818.58,808.35,50.59,16.19,1.207,153.5,4.15,0.73,20.1,33.65,146.89,865.42,110.61
2015-01-01,Indonesia,EU-27,5.65,34.96,707.03,847.2,906.5,60.0,21.98,1.055,202.0,4.28,0.12,16.6,37.7,140.17,807.12,154.42
2018-01-01,Malaysia,EU-27,8.51,31.54,699.37,850.24,828.37,56.02,26.96,1.122,172.3,4.54,0.163,21.1,28.08,150.87,822.38,123.77
2021-03-01,Indonesia,USA,0.0,46.08,798.62,908.89,999.73,58.46,44.54,1.398,117.8,5.29,0.354,25.9,30.01,110.27,889.24,92.27
2021-08-01,Indonesia,USA,1.01,44.36,793.29,942.91,916.43,65.83,36.94,1.217,113.5,5.68,0.837,26.5,33.9,149.62,883.45,126.07
2023-08-01,Malaysia,USA,0.0,42.49,860.5,989.29,970.23,70.87,30.8,1.345,108.3,6.61,0.805,29.5,23.11,128.8,933.78,115.52
2017-10-01,Malaysia,India,10.38,37.0,704.1,862.85,903.65,54.78,28.18,1.219,273.1,5.35,0.515,20.8,42.82,158.75,849.12,215.55
2018-09-01,Malaysia,EU-27,0.81,35.15,766.61,858.0,900.87,53.24,26.01,1.315,162.2,3.67,0.663,22.1,31.69,91.39,834.45,141.8
2016-11-01,Malaysia,USA,0.3,32.16,697.65,846.46,837.76,56.18,30.99,1.07,114.8,3.14,0.332,19.4,26.7,148.81,763.07,91.31
2022-04-01,Indonesia,India,28.15,45.32,820.34,940.23,998.0,59.7,43.35,1.337,345.2,5.13,0.492,27.5,24.6,119.89,1164.87,206.7
2020-08-01,Indonesia,China,8.57,51.93,832.0,987.96,959.3,59.82,33.15,1.212,305.8,5.33,0.799,25.0,23.69,155.96,995.66,241.73
2014-04-01,Indonesia,USA,0.0,35.22,709.2,871.43,869.7,53.69,21.09,1.008,122.2,4.64,0.495,15.5,28.43,162.23,765.52,147.29
2016-07-01,Malaysia,Pakistan,13.74,35.7,746.49,873.15,971.17,49.5,25.74,1.096,165.0,3.8,0.853,18.9,27.29,126.67,918.97,122.86
2022-04-01,Malaysia,India,14.7,42.23,774.26,908.47,914.38,54.8,37.77,1.418,273.1,4.6,0.507,27.5,26.63,134.21,979.83,198.39
2021-02-01,Malaysia,Pakistan,17.32,40.45,807.38,929.52,948.51,54.14,30.48,1.374,149.7,4.7,0.21,25.8,28.18,122.14,1030.46,88.02
2021-06-01,Malaysia,USA,0.0,40.01,759.6,897.12,891.1,52.5,41.61,1.355,100.8,5.39,0.803,26.2,25.62,137.53,841.22,98.18
2016-07-01,Indonesia,EU-27,4.25,42.32,718.21,841.43,867.39,56.11,24.05,1.203,216.4,4.89,0.838,18.9,34.72,123.23,817.95,168.0
2024-01-01,Malaysia,Pakistan,13.36,51.2,901.25,1028.33,1049.84,68.47,26.32,1.5,150.0,2.8,0.144,30.1,31.99,127.08,1109.52,92.09
2021-08-01,Indonesia,EU-27,9.44,40.21,777.16,880.0,945.79,65.89,35.38,1.298,216.4,3.76,0.801,26.5,24.91,102.84,933.23,142.38
2021-08-01,Indonesia,USA,2.15,46.14,763.3,876.57,937.13,67.04,34.72,1.342,133.7,6.75,0.798,26.5,34.01,113.27,862.28,128.53
2016-08-01,Indonesia,USA,1.81,38.46,712.78,869.88,877.11,52.43,24.33,1.148,147.3,5.25,0.798,19.0,31.48,157.1,789.62,140.16
2022-09-01,Malaysia,China,15.18,48.69,808.14,939.8,969.85,65.32,46.75,1.36,245.3,3.36,0.694,28.1,33.63,131.66,1040.77,173.36
2020-11-01,Malaysia,India,18.71,44.23,817.4,962.62,988.49,60.3,25.23,1.295,254.0,4.07,0.325,25.4,40.54,145.23,1052.79,176.25
2020-08-01,Malaysia,Pakistan,8.98,45.19,800.41,960.89,965.25,66.78,34.55,1.37,166.5,4.03,0.832,25.0,26.78,160.48,959.18,143.22
2022-12-01,Malaysia,India,17.41,40.27,781.4,905.09,930.07,72.86,32.73,1.5,254.6,4.09,0.211,28.5,31.23,123.7,1003.17,191.09
2015-05-01,Indonesia,EU-27,7.77,36.63,778.85,907.28,958.55,50.89,28.27,1.206,232.1,3.69,0.641,17.1,31.88,128.43,909.32,148.22
2019-08-01,Malaysia,China,7.44,45.65,815.31,931.17,957.68,57.95,30.67,1.261,263.3,5.35,0.784,23.5,25.77,115.86,957.99,193.61
2023-05-01,Malaysia,India,15.71,46.63,821.87,922.72,930.92,66.9,23.62,1.336,267.3,6.89,0.673,29.1,33.23,100.85,1032.28,203.11
2021-04-01,Malaysia,Pakistan,13.18,40.61,780.75,902.65,961.98,67.93,40.74,1.466,155.9,4.75,0.472,26.0,25.53,121.9,975.74,103.3
2020-04-01,Indonesia,EU-27,14.68,42.33,857.5,1008.88,983.85,61.66,28.93,1.234,193.4,4.55,0.499,24.5,29.16,151.38,1065.1,139.53
2018-03-01,Malaysia,EU-27,5.14,35.96,758.31,854.89,877.58,55.87,28.46,1.256,175.2,4.53,0.325,21.4,27.51,96.57,865.06,102.0
2015-08-01,Indonesia,China,11.8,29.02,733.02,893.9,920.74,50.8,25.42,0.956,314.7,3.3,0.795,17.5,31.08,160.88,880.39,241.08
2017-01-01,Indonesia,USA,1.22,32.81,703.07,818.46,891.64,59.99,21.11,1.156,156.2,3.64,0.17,19.6,27.64,115.39,766.2,71.93
2021-01-01,Indonesia,EU-27,7.25,39.35,798.15,911.6,966.26,64.61,35.59,1.326,202.9,5.01,0.144,25.6,28.52,113.45,936.43,136.12
2017-10-01,Malaysia,Pakistan,18.73,31.08,702.35,844.35,902.85,57.76,23.12,1.163,157.9,5.87,0.485,20.8,29.56,142.0,898.22,119.57
2024-01-01,Indonesia,Pakistan,13.84,41.56,893.75,1023.51,1050.43,60.51,26.83,1.5,199.2,5.94,0.179,30.1,30.72,129.76,1095.29,104.05
2015-01-01,Malaysia,USA,0.0,35.06,780.34,891.6,920.05,49.61,26.27,0.991,127.3,5.56,0.157,16.6,27.62,111.25,841.68,74.12
2020-09-01,Malaysia,Pakistan,18.65,44.05,857.26,968.87,955.88,63.23,19.69,1.324,154.5,2.94,0.687,25.1,26.43,111.61,1092.73,108.05
2014-12-01,Indonesia,India,17.57,37.68,792.4,932.67,920.22,42.71,22.75,0.982,347.6,5.01,0.204,16.5,33.45,140.28,1002.71,217.93
2021-10-01,Malaysia,India,16.99,37.93,763.63,868.53,925.43,64.63,45.07,1.307,277.1,4.11,0.522,26.8,33.14,104.9,990.45,170.14
2014-02-01,Indonesia,USA,0.5,30.95,690.13,808.05,818.81,39.9,27.37,0.946,182.6,4.39,0.22,15.2,35.71,117.92,752.15,86.39
2018-09-01,Malaysia,Pakistan,19.14,47.82,786.44,915.38,959.18,52.64,24.98,1.242,148.8,4.58,0.69,22.1,32.42,128.94,1023.73,98.23
2023-05-01,Indonesia,India,24.34,41.28,811.48,947.67,978.25,68.36,27.76,1.396,335.9,4.78,0.657,29.1,32.82,136.19,1094.83,211.14
2018-04-01,Indonesia,EU-27,6.45,35.73,737.98,845.82,900.53,50.33,27.86,1.199,220.5,5.83,0.525,21.5,45.11,107.84,853.26,138.08
2022-12-01,Indonesia,Pakistan,17.99,46.07,792.77,877.27,929.44,64.5,43.5,1.425,193.1,4.74,0.182,28.5,34.69,84.5,1041.03,89.7
2017-11-01,Malaysia,India,11.1,33.81,706.85,843.3,857.93,53.46,33.3,1.105,275.9,5.51,0.319,20.9,32.08,136.45,859.87,186.65
2015-07-01,Malaysia,India,9.29,40.21,780.94,891.59,953.14,45.11,32.07,1.117,263.9,3.12,0.851,17.4,31.26,110.64,932.45,217.54
2015-02-01,Indonesia,USA,0.0,36.85,739.81,863.59,866.47,48.89,26.88,0.981,122.6,4.61,0.214,16.8,35.69,123.77,803.55,88.64
2020-02-01,Indonesia,USA,2.33,50.64,850.38,974.88,999.8,59.89,28.17,1.402,141.8,4.74,0.195,24.2,34.55,124.5,950.82,73.8
2020-06-01,Malaysia,EU-27,5.28,34.89,833.96,919.53,987.81,55.96,25.89,1.414,176.3,4.03,0.803,24.8,29.68,85.57,942.0,149.37
2024-03-01,Indonesia,India,21.27,48.91,896.34,1012.87,1097.3,68.51,19.09,1.5,303.8,5.46,0.327,30.4,31.48,116.52,1169.45,213.88
2023-02-01,Indonesia,India,23.31,42.36,811.32,941.61,952.03,66.53,28.51,1.462,337.1,6.31,0.229,28.8,28.01,130.3,1087.82,208.14
2018-11-01,Malaysia,USA,2.94,45.07,786.93,916.23,910.02,53.42,28.96,1.212,79.1,3.14,0.32,22.4,22.41,129.3,886.31,87.87
2015-04-01,Malaysia,Pakistan,11.28,41.98,746.25,865.08,952.32,51.95,24.87,1.018,192.8,4.87,0.484,17.0,27.09,118.83,904.83,108.95
2017-02-01,Indonesia,EU-27,5.22,35.43,694.03,782.6,896.7,58.31,31.52,1.071,226.0,4.79,0.211,19.8,34.38,88.57,800.71,130.61
2020-11-01,Indonesia,Pakistan,17.08,47.3,838.39,980.4,940.82,52.65,22.68,1.419,196.1,4.28,0.381,25.4,27.67,142.01,1063.51,102.93
2015-07-01,Malaysia,India,11.05,35.73,749.6,895.82,924.1,54.19,28.45,1.087,261.8,2.78,0.842,17.4,32.61,146.22,903.7,216.89
2022-09-01,Malaysia,China,12.21,37.82,780.31,870.07,919.02,64.7,46.89,1.307,249.3,4.56,0.702,28.1,22.63,89.76,970.63,180.15
2022-11-01,Indonesia,Pakistan,18.19,36.45,790.59,904.11,952.62,61.48,44.74,1.317,186.7,3.32,0.348,28.4,37.77,113.52,1030.33,96.14
2017-09-01,Indonesia,USA,0.51,30.32,696.68,835.87,894.97,51.08,27.11,1.227,137.0,6.53,0.665,20.6,32.73,139.2,757.94,122.97
2016-09-01,Malaysia,USA,0.0,34.71,699.6,813.3,831.97,51.15,23.98,1.042,98.9,6.24,0.677,19.1,37.25,113.71,758.29,102.69
2019-05-01,Malaysia,Pakistan,18.38,40.39,844.93,923.79,946.13,56.27,26.69,1.242,175.3,7.11,0.659,23.1,28.22,78.86,1079.62,84.99
2020-07-01,Indonesia,EU-27,10.66,45.93,825.67,944.15,934.0,53.01,25.2,1.281,222.3,5.78,0.834,24.9,22.79,118.48,992.37,160.97
2023-04-01,Indonesia,China,11.31,47.79,822.17,986.96,956.23,72.23,17.45,1.454,328.1,3.93,0.532,29.0,30.92,164.79,987.78,205.71
2024-05-01,Indonesia,USA,0.35,42.1,907.9,1053.05,1018.06,74.36,33.42,1.5,137.0,5.69,0.626,30.6,26.88,145.15,986.9,138.19
2020-06-01,Malaysia,China,8.97,43.55,823.65,959.31,1015.32,61.21,26.77,1.412,257.8,3.77,0.791,24.8,36.12,135.66,974.16,196.9
2016-08-01,Indonesia,Pakistan,18.22,36.24,677.49,817.7,829.51,54.85,22.1,1.172,190.8,2.99,0.805,19.0,23.47,140.21,869.91,126.28
2019-01-01,Indonesia,USA,0.0,47.12,806.62,935.01,939.52,52.71,22.44,1.222,127.2,5.15,0.187,22.6,26.74,128.38,876.18,86.16
2022-04-01,Indonesia,India,20.43,34.74,775.45,909.85,957.51,61.56,42.44,1.431,338.8,4.8,0.506,27.5,27.83,134.4,1026.84,231.4
2021-09-01,Indonesia,Pakistan,16.1,39.78,782.19,884.43,889.23,60.85,40.05,1.395,189.9,6.54,0.679,26.6,37.73,102.24,1000.83,130.62
2016-03-01,Malaysia,EU-27,14.34,36.35,752.93,867.29,884.31,52.67,27.24,1.166,197.9,5.7,0.355,18.4,33.82,114.35,933.58,112.71
2021-08-01,Malaysia,Pakistan,13.5,42.16,785.21,954.4,997.25,64.28,35.1,1.287,135.0,4.17,0.778,26.5,33.12,169.19,978.91,132.81
2021-11-01,Indonesia,USA,0.15,44.33,785.55,924.29,951.02,61.6,37.67,1.381,127.7,6.35,0.336,26.9,24.78,138.74,868.84,108.52
2024-10-01,Indonesia,China,11.54,52.67,927.67,1047.24,1099.75,57.6,24.04,1.5,293.6,4.83,0.499,31.2,33.72,119.57,1120.24,207.26
2016-03-01,Indonesia,India,14.39,33.65,697.96,850.96,828.02,56.6,22.15,1.087,311.6,5.93,0.314,18.4,31.72,153.01,862.25,229.91
2020-10-01,Malaysia,EU-27,0.0,49.97,815.09,974.9,946.6,59.26,24.97,1.403,165.9,3.32,0.528,25.2,31.97,159.81,890.04,150.94
2022-02-01,Indonesia,India,20.33,38.24,765.06,866.88,913.18,67.7,43.6,1.369,346.0,3.3,0.206,27.2,21.12,101.82,1019.12,195.23
2023-08-01,Malaysia,Pakistan,15.78,40.31,812.7,961.42,975.29,59.91,25.28,1.421,140.0,5.7,0.782,29.5,30.46,148.72,1016.91,133.56
2021-04-01,Malaysia,Pakistan,17.31,40.48,791.1,916.39,908.01,58.17,48.57,1.291,157.4,5.28,0.512,26.0,28.74,125.29,1032.54,101.98
2015-02-01,Malaysia,USA,2.98,38.08,764.83,888.28,961.8,52.65,25.51,1.11,120.5,3.55,0.199,16.8,32.37,123.45,853.12,64.98
2016-02-01,Indonesia,India,17.69,32.86,743.38,810.05,887.02,58.25,25.58,1.14,309.2,3.29,0.246,18.2,28.46,66.67,943.66,169.68
2018-03-01,Malaysia,EU-27,1.98,35.37,733.0,848.51,849.48,60.01,28.69,1.159,203.6,3.95,0.318,21.4,28.02,115.51,812.81,117.87
2020-12-01,Indonesia,India,22.28,45.42,843.08,952.69,1009.85,59.32,17.83,1.352,322.7,5.66,0.16,25.5,39.5,109.61,1108.23,197.0
2016-12-01,Indonesia,India,14.35,33.71,704.65,818.98,838.51,56.83,29.4,1.15,337.8,4.18,0.21,19.5,30.56,114.32,877.96,222.35
2014-01-01,Malaysia,USA,1.27,26.9,693.99,798.48,827.35,49.28,22.03,1.08,138.0,3.15,0.155,15.1,30.24,104.48,752.39,58.95
2022-07-01,Indonesia,EU-27,7.84,32.31,780.16,951.89,892.24,59.51,38.51,1.363,221.5,5.49,0.816,27.9,26.53,171.73,917.67,172.69
2020-07-01,Malaysia,Pakistan,12.89,41.26,836.51,978.21,968.1,56.96,25.99,1.316,148.3,3.63,0.86,24.9,31.94,141.7,1020.24,128.95
2020-11-01,Indonesia,USA,0.0,38.18,815.22,955.27,932.31,57.32,23.12,1.378,108.0,5.23,0.33,25.4,34.84,140.05,876.52,111.56
2022-11-01,Indonesia,USA,0.0,35.45,788.17,906.26,915.7,64.76,44.82,1.487,112.0,4.66,0.337,28.4,39.61,118.1,868.43,88.04
2015-09-01,Indonesia,Pakistan,20.6,45.76,761.59,911.42,921.36,51.28,26.6,1.152,180.6,4.4,0.706,17.6,15.49,149.83,1005.72,124.75
2020-08-01,Indonesia,EU-27,10.07,41.22,841.71,964.25,952.28,53.81,29.22,1.367,214.4,5.19,0.78,25.0,23.25,122.53,1004.03,154.96
2014-08-01,Malaysia,EU-27,0.0,37.82,738.51,889.56,919.86,51.26,26.85,0.954,150.4,5.26,0.778,16.0,40.31,151.05,803.17,180.5
2017-04-01,Malaysia,EU-27,0.0,36.99,713.23,834.17,850.11,52.82,32.08,1.258,188.2,2.79,0.487,20.0,32.52,120.94,782.29,131.9
2020-10-01,Malaysia,EU-27,7.03,40.8,827.47,980.16,988.47,65.55,19.54,1.26,205.1,5.78,0.502,25.2,36.95,152.69,950.22,150.46
2024-11-01,Indonesia,India,21.86,50.74,933.46,1075.59,1111.66,59.73,28.29,1.41,349.6,3.73,0.315,31.4,43.56,142.13,1233.78,206.4
2020-08-01,Indonesia,India,22.24,41.85,828.96,967.98,980.36,58.58,18.86,1.238,316.8,3.2,0.81,25.0,29.14,139.02,1087.57,238.73
2021-02-01,Malaysia,India,19.73,43.47,824.31,959.19,1035.63,60.94,40.2,1.324,266.9,4.98,0.209,25.8,27.9,134.88,1087.07,184.09
2015-04-01,Malaysia,India,16.2,36.07,774.01,931.65,912.93,48.18,25.61,1.026,259.1,5.3,0.495,17.0,25.36,157.64,971.09,208.77
2023-01-01,Indonesia,USA,3.61,37.25,781.85,953.37,910.33,65.53,28.81,1.285,157.2,5.79,0.136,28.6,34.15,171.52,878.53,117.77
2024-08-01,Malaysia,Pakistan,19.62,52.64,930.46,1088.45,1066.89,72.09,23.02,1.5,174.9,3.54,0.801,31.0,33.6,157.99,1203.48,112.7
2014-01-01,Malaysia,India,10.36,26.8,682.24,792.9,869.31,49.02,20.93,1.131,270.6,4.4,0.146,15.1,26.85,110.65,805.62,189.18
2014-04-01,Malaysia,Pakistan,12.99,32.1,694.4,811.73,823.84,45.08,23.57,1.026,154.2,4.09,0.461,15.5,25.48,117.33,847.51,107.57
2018-11-01,Malaysia,USA,1.86,49.64,791.69,909.56,941.26,49.58,31.72,1.183,119.9,5.35,0.324,22.4,30.89,117.87,889.25,85.08
2015-06-01,Malaysia,EU-27,3.77,47.08,747.87,879.95,814.93,48.41,25.37,1.217,192.8,5.25,0.81,17.2,31.63,132.08,851.26,147.6
2016-12-01,Indonesia,USA,0.0,21.32,669.52,769.78,788.52,50.3,23.94,1.077,143.6,3.9,0.217,19.5,38.71,100.26,714.78,82.34
2014-01-01,Indonesia,USA,0.0,34.43,709.71,819.74,849.9,44.24,22.23,1.021,136.4,4.96,0.162,15.1,18.32,110.03,766.38,96.49
2015-03-01,Indonesia,USA,0.16,31.9,756.34,843.62,895.05,49.57,22.95,1.013,125.1,4.28,0.322,16.9,31.55,87.28,812.45,95.94
2014-06-01,Indonesia,India,14.21,28.39,717.47,855.31,894.3,60.89,19.62,1.008,331.4,5.41,0.852,15.8,33.09,137.84,874.27,256.12
2015-04-01,Indonesia,Pakistan,13.53,45.46,776.3,918.65,886.58,58.07,22.04,1.026,221.1,5.05,0.484,17.0,28.91,142.35,957.94,125.31
2020-06-01,Malaysia,Pakistan,12.47,45.66,851.35,997.58,992.05,54.89,23.02,1.275,158.3,6.32,0.781,24.8,26.21,146.23,1034.76,129.6
2014-05-01,Indonesia,EU-27,10.4,33.28,697.31,800.19,845.94,44.04,21.98,1.089,181.2,4.67,0.686,15.6,24.86,102.88,830.85,151.08
2022-05-01,Indonesia,EU-27,14.05,47.06,765.69,910.04,933.01,61.9,44.96,1.432,214.4,5.19,0.639,27.6,24.74,144.35,978.23,143.73
2017-09-01,Malaysia,USA,3.58,29.47,695.53,853.13,829.78,56.98,28.2,1.213,79.3,4.26,0.653,20.6,27.44,157.6,780.16,113.93
2017-09-01,Malaysia,Pakistan,14.2,32.14,677.87,763.8,795.59,54.43,23.36,1.079,160.5,4.63,0.688,20.6,26.26,85.93,837.53,94.34
2023-09-01,Indonesia,EU-27,5.43,39.71,814.58,966.66,1009.39,70.31,27.48,1.464,214.5,6.33,0.667,29.6,29.24,152.08,929.7,180.88
2017-08-01,Malaysia,USA,4.12,34.78,696.2,822.59,884.82,51.72,26.43,1.232,101.8,4.47,0.779,20.5,34.68,126.39,788.61,103.89
2023-01-01,Indonesia,China,2.97,44.3,825.45,988.01,985.61,64.49,25.04,1.5,302.0,5.58,0.178,28.6,36.7,162.56,921.36,232.08
2020-08-01,Malaysia,EU-27,2.58,53.27,855.51,976.41,1038.47,55.66,31.29,1.17,189.4,3.46,0.824,25.0,35.19,120.9,964.29,156.67
2017-10-01,Indonesia,EU-27,2.79,40.44,726.68,868.95,829.19,52.35,24.2,1.066,210.4,5.41,0.481,20.8,28.68,142.27,813.43,169.81
2020-08-01,Indonesia,Pakistan,20.38,42.89,856.9,972.55,1022.63,62.5,33.37,1.248,182.0,5.55,0.772,25.0,25.33,115.65,1123.36,133.0
2022-08-01,Indonesia,EU-27,8.42,40.1,750.19,900.81,894.8,65.31,40.27,1.323,208.8,5.89,0.818,28.0,31.59,150.63,900.47,176.06
2023-01-01,Malaysia,EU-27,5.53,43.4,804.95,911.39,969.36,67.76,23.62,1.372,156.4,4.61,0.138,28.6,25.99,106.44,920.15,112.28
2023-06-01,Indonesia,Pakistan,17.74,40.23,832.52,959.6,951.8,66.86,29.12,1.5,187.5,4.59,0.797,29.2,27.37,127.09,1061.87,121.1
2018-11-01,Malaysia,Pakistan,17.89,43.63,771.06,898.56,898.23,62.33,26.45,1.112,173.8,4.86,0.319,22.4,32.24,127.5,991.59,98.67
2021-11-01,Indonesia,Pakistan,17.91,42.25,761.33,893.22,948.57,53.27,43.27,1.308,173.1,4.21,0.349,26.9,21.45,131.89,998.52,103.15
2020-03-01,Malaysia,Pakistan,13.93,45.43,865.12,982.52,929.23,55.97,15.67,1.26,177.1,4.33,0.312,24.4,26.14,117.4,1055.28,95.73
2019-06-01,Indonesia,EU-27,7.66,43.91,793.51,899.8,921.75,56.01,26.8,1.235,206.1,4.67,0.767,23.2,29.69,106.3,930.41,149.47
2023-06-01,Malaysia,Pakistan,18.78,44.3,852.7,967.95,1010.33,70.63,24.42,1.479,148.6,4.66,0.807,29.2,29.6,115.25,1094.43,122.62
2022-01-01,Malaysia,China,11.5,33.56,791.62,922.41,892.99,57.65,37.04,1.324,243.7,4.42,0.151,27.1,24.63,130.79,961.36,157.42
2017-09-01,Malaysia,USA,1.38,35.28,696.5,845.18,870.41,55.94,24.74,1.233,97.7,2.75,0.654,20.6,37.02,148.67,766.94,106.56
2022-05-01,Malaysia,USA,1.59,41.01,781.51,916.31,911.17,64.94,37.02,1.442,116.5,4.4,0.678,27.6,25.39,134.8,873.22,77.6
2017-08-01,Malaysia,China,10.81,33.96,707.09,798.71,872.13,50.41,20.27,1.262,257.9,5.3,0.79,20.5,34.06,91.63,843.63,173.84
2024-07-01,Malaysia,India,14.28,46.74,881.5,1001.08,1064.7,66.33,25.93,1.429,291.9,4.5,0.846,30.9,29.24,119.57,1090.43,192.67
2020-04-01,Malaysia,USA,0.0,52.3,851.88,968.88,933.56,51.9,28.87,1.327,111.9,5.18,0.502,24.5,26.32,117.0,933.05,81.24
2022-01-01,Indonesia,Pakistan,19.25,38.83,777.17,881.75,918.79,60.44,35.92,1.293,182.6,5.56,0.154,27.1,32.35,104.58,1015.91,95.35
2020-08-01,Malaysia,USA,0.0,38.59,844.74,953.91,996.06,61.45,22.18,1.212,111.7,5.04,0.782,25.0,30.62,109.17,905.51,89.79
2018-09-01,Indonesia,USA,0.0,35.13,757.77,871.85,885.58,65.45,17.81,1.179,130.1,5.65,0.665,22.1,24.18,114.08,810.71,106.44
2014-03-01,Malaysia,USA,0.0,39.32,701.8,807.93,879.37,46.25,25.5,1.08,96.1,5.23,0.342,15.4,25.85,106.13,766.62,72.89
2016-02-01,Malaysia,India,15.87,40.67,733.72,843.67,882.04,59.86,25.23,1.248,287.4,4.84,0.201,18.2,27.71,109.95,926.53,169.15
2016-03-01,Malaysia,China,5.87,35.87,729.07,826.65,885.84,55.58,31.37,1.018,243.0,6.29,0.328,18.4,27.37,97.58,843.04,180.26
2019-05-01,Indonesia,EU-27,6.84,37.51,830.2,986.2,991.98,57.85,17.04,1.296,233.5,4.42,0.703,23.1,37.68,156.0,945.27,165.28
2019-06-01,Indonesia,Pakistan,25.46,37.84,815.08,956.77,973.08,48.08,26.78,1.378,184.7,4.06,0.806,23.2,28.27,141.7,1103.71,126.26
2020-07-01,Malaysia,China,6.89,45.12,825.36,952.56,961.91,56.5,25.78,1.355,236.2,5.03,0.874,24.9,36.91,127.2,958.01,200.54
2023-01-01,Indonesia,USA,0.75,40.32,790.15,934.91,908.69,75.16,34.05,1.321,121.7,3.55,0.15,28.6,26.8,144.76,870.98,85.27
2017-07-01,Indonesia,USA,0.0,23.48,668.27,789.83,869.56,54.1,31.8,1.126,143.6,4.4,0.858,20.4,27.64,121.56,723.55,113.19
2017-03-01,Indonesia,EU-27,6.31,25.54,695.16,848.89,817.21,53.59,27.17,1.172,228.9,4.78,0.334,19.9,37.36,153.73,795.07,155.38
2020-12-01,Indonesia,China,11.47,46.41,802.29,936.16,951.28,63.87,20.62,1.484,298.7,6.01,0.147,25.5,28.67,133.86,969.01,186.73
2024-07-01,Malaysia,USA,0.55,49.0,928.86,1079.9,1070.86,66.24,26.36,1.496,98.1,6.0,0.816,30.9,34.04,151.04,1009.7,135.19
2020-12-01,Indonesia,India,21.31,52.83,837.75,948.03,993.63,56.69,30.17,1.415,335.9,5.93,0.161,25.5,21.53,110.28,1116.93,201.79
2018-02-01,Malaysia,China,14.8,31.51,729.67,852.4,868.36,49.89,26.1,1.205,241.4,4.2,0.19,21.2,32.83,122.73,903.78,159.75
2017-10-01,Malaysia,EU-27,2.4,30.38,725.27,845.61,834.36,49.3,21.27,1.177,183.9,5.08,0.436,20.8,24.79,120.34,795.59,146.87
2016-09-01,Indonesia,China,7.55,28.61,716.56,825.38,901.26,49.07,20.95,1.117,296.2,4.32,0.716,19.1,33.02,108.82,823.99,220.77
2024-01-01,Malaysia,India,17.15,53.23,840.24,950.63,990.96,59.58,26.84,1.359,278.7,3.09,0.112,30.1,33.83,110.39,1078.13,164.28
2015-11-01,Malaysia,USA,0.0,36.9,769.88,935.99,924.23,49.94,19.59,1.132,119.0,4.57,0.326,17.9,27.73,166.11,826.37,96.06
2020-09-01,Malaysia,Pakistan,19.86,35.27,811.3,942.16,956.04,56.58,20.07,1.339,149.8,4.13,0.653,25.1,31.69,130.85,1038.76,110.74
2021-11-01,Malaysia,China,14.06,44.31,751.0,917.18,907.48,59.57,37.63,1.421,263.1,5.64,0.35,26.9,25.25,166.18,950.06,180.3
2023-08-01,Indonesia,Pakistan,12.17,55.02,883.63,1016.08,989.31,67.03,19.52,1.499,178.3,3.74,0.804,29.5,31.5,132.44,1074.78,133.2
2024-04-01,Indonesia,EU-27,8.47,49.69,910.18,1083.3,1029.59,59.7,23.87,1.382,180.7,3.34,0.532,30.5,29.96,173.11,1067.05,143.55
2017-07-01,Indonesia,China,5.02,34.19,710.89,887.29,839.51,58.5,18.61,1.209,290.7,5.55,0.856,20.4,28.8,176.4,802.02,279.27
2016-10-01,Indonesia,Pakistan,12.21,31.02,697.92,854.24,848.46,58.9,26.3,1.054,172.4,4.0,0.492,19.2,24.31,156.31,847.47,142.5
2016-09-01,Indonesia,Pakistan,16.07,34.69,710.04,859.49,863.67,49.19,16.67,1.09,205.2,4.41,0.691,19.1,34.36,149.45,883.71,140.38
2021-09-01,Indonesia,Pakistan,17.28,34.66,806.77,951.09,986.41,57.69,35.23,1.454,183.3,6.66,0.678,26.6,28.9,144.32,1028.14,130.81
2021-09-01,Malaysia,USA,0.0,38.54,804.25,926.91,953.37,62.71,48.79,1.377,88.4,4.9,0.646,26.6,25.77,122.66,891.58,100.29
2016-09-01,Indonesia,Pakistan,18.39,39.5,690.05,797.4,861.86,61.11,24.64,1.166,191.9,5.26,0.656,19.1,17.85,107.35,892.91,131.21
2020-04-01,Malaysia,USA,0.0,47.06,840.54,970.49,970.76,62.05,24.8,1.335,117.4,5.56,0.488,24.5,26.32,129.95,912.4,89.48
2023-09-01,Malaysia,China,12.56,48.87,864.94,1017.19,952.76,60.26,21.8,1.456,262.0,3.57,0.681,29.6,40.94,152.25,1053.12,172.61
2015-09-01,Malaysia,EU-27,7.18,38.82,737.08,810.03,901.55,53.75,29.5,1.037,179.2,5.5,0.702,17.6,30.22,72.96,863.2,133.64
2018-07-01,Malaysia,Pakistan,18.31,37.22,750.98,850.91,892.76,56.71,16.18,1.167,179.0,4.96,0.836,21.9,24.96,99.93,951.65,111.36
2015-05-01,Malaysia,Pakistan,16.84,40.12,746.13,875.08,962.41,52.39,22.4,1.201,138.9,5.09,0.69,17.1,34.92,128.96,944.84,114.38
2014-07-01,Malaysia,Pakistan,15.95,30.77,758.39,884.81,894.48,45.86,29.54,0.985,176.9,3.56,0.853,15.9,32.77,126.42,949.3,122.15
2019-04-01,Indonesia,China,4.97,31.54,799.99,915.42,909.87,59.75,31.19,1.203,274.6,3.84,0.486,23.0,35.72,115.43,905.63,210.77
2023-05-01,Indonesia,EU-27,2.37,45.32,823.86,958.87,960.11,75.05,32.01,1.402,197.4,5.57,0.695,29.1,26.0,135.01,922.57,176.01
2022-06-01,Malaysia,USA,2.32,45.81,779.0,908.91,1003.02,63.88,39.8,1.401,102.5,4.82,0.832,27.8,35.82,129.91,884.69,107.66
2024-10-01,Indonesia,EU-27,7.85,48.28,910.48,1023.11,1106.69,66.2,21.41,1.495,223.4,6.28,0.527,31.2,33.27,112.63,1057.09,151.23
2015-09-01,Malaysia,China,10.15,41.55,737.0,836.7,970.68,49.01,24.35,1.166,247.0,4.16,0.646,17.6,28.11,99.7,884.42,184.78
2017-10-01,Indonesia,EU-27,6.69,39.31,692.9,850.93,853.31,63.05,21.45,1.23,202.7,3.53,0.491,20.8,29.33,158.03,804.09,172.24
2024-01-01,Malaysia,EU-27,5.16,45.67,888.18,1023.65,1035.11,56.92,28.77,1.403,159.5,6.22,0.114,30.1,38.45,135.47,1012.28,127.47
2015-10-01,Malaysia,Pakistan,15.56,37.25,744.76,865.25,919.4,52.39,24.16,1.171,152.0,3.52,0.506,17.8,22.84,120.48,931.59,114.6
2018-09-01,Indonesia,China,7.88,37.92,766.96,911.72,909.9,50.38,24.43,1.208,284.4,3.51,0.648,22.1,32.23,144.75,894.67,221.52
2021-11-01,Indonesia,Pakistan,13.51,39.63,784.34,901.08,894.7,59.79,39.76,1.373,189.9,2.87,0.306,26.9,25.29,116.74,980.38,103.88
2020-05-01,Indonesia,Pakistan,13.58,48.74,845.92,969.1,998.61,62.41,19.23,1.291,183.5,3.49,0.709,24.6,30.84,123.17,1037.98,121.62
2020-07-01,Indonesia,EU-27,9.42,44.71,840.34,990.19,972.91,65.25,23.84,1.417,214.5,4.51,0.831,24.9,36.51,149.85,994.53,155.54
2023-06-01,Indonesia,India,20.27,44.83,829.51,969.67,974.48,68.62,30.63,1.5,346.2,3.77,0.812,29.2,32.31,140.16,1088.36,244.2
2014-04-01,Indonesia,USA,0.0,32.43,701.89,860.13,838.59,48.53,22.23,0.956,131.9,4.19,0.553,15.5,34.18,158.24,756.55,127.54
2019-07-01,Indonesia,USA,3.65,40.33,824.03,955.08,972.98,59.0,19.43,1.26,133.8,4.62,0.883,23.4,34.23,131.04,916.04,95.02
2015-12-01,Indonesia,China,12.51,38.42,732.6,864.66,845.13,57.42,26.48,1.055,279.5,5.11,0.212,18.0,40.1,132.07,897.25,202.58
2022-04-01,Indonesia,EU-27,7.59,41.16,780.59,907.19,911.9,66.04,37.0,1.36,197.7,3.09,0.497,27.5,24.43,126.61,923.94,161.48
2022-11-01,Malaysia,India,21.03,39.48,796.13,909.81,959.12,73.24,32.99,1.362,265.3,5.22,0.312,28.4,26.08,113.68,1051.22,181.16
2017-03-01,Indonesia,EU-27,12.08,36.33,689.03,844.66,822.41,57.16,25.11,1.31,211.2,6.2,0.317,19.9,35.34,155.63,841.14,135.0
2021-10-01,Malaysia,China,10.72,43.26,817.39,942.52,936.37,62.58,36.75,1.429,264.6,3.15,0.482,26.8,29.2,125.14,993.58,165.21
2014-06-01,Malaysia,India,10.48,43.11,731.75,870.33,886.87,48.13,28.16,0.989,278.6,4.02,0.823,15.8,40.48,138.58,887.21,228.67
2017-07-01,Indonesia,Pakistan,18.19,34.73,686.25,807.38,829.56,53.87,25.22,1.292,189.0,5.96,0.852,20.4,27.91,121.14,881.9,143.67
2022-11-01,Malaysia,Pakistan,12.33,25.93,751.71,859.94,901.48,59.79,34.92,1.469,141.5,3.53,0.323,28.4,18.36,108.23,912.71,87.92
2018-06-01,Indonesia,Pakistan,17.16,46.36,736.3,901.3,874.78,61.17,19.74,1.299,181.5,5.69,0.835,21.8,28.24,165.0,940.07,141.54
2023-09-01,Malaysia,EU-27,5.67,47.53,839.99,952.49,999.67,61.28,27.25,1.5,165.4,6.14,0.668,29.6,24.32,112.5,966.65,154.39
2023-07-01,Malaysia,EU-27,1.99,47.96,839.7,963.43,1022.84,67.21,27.59,1.31,166.4,4.99,0.879,29.4,33.49,123.73,933.43,152.57
2020-12-01,Malaysia,EU-27,0.0,46.73,810.8,940.39,963.93,67.17,27.58,1.41,166.7,5.57,0.175,25.5,40.31,129.59,885.12,123.31
2022-04-01,Indonesia,India,25.8,43.68,773.42,862.1,932.08,66.49,36.28,1.451,332.3,3.22,0.498,27.5,24.12,88.68,1073.53,176.79
2016-09-01,Malaysia,Pakistan,18.42,41.13,719.51,873.35,852.02,51.53,21.37,1.052,169.7,4.57,0.672,19.1,21.21,153.83,926.05,110.45
2015-04-01,Indonesia,India,16.18,40.26,766.21,903.96,901.6,48.66,28.25,0.993,355.8,5.43,0.515,17.0,24.7,137.75,969.73,225.51
2021-05-01,Malaysia,EU-27,4.44,34.26,789.11,908.25,962.29,56.77,38.32,1.236,165.4,4.97,0.674,26.1,35.47,119.13,899.97,153.63
2018-05-01,Malaysia,India,9.81,25.15,720.68,846.61,919.95,50.8,25.41,1.054,266.2,2.99,0.69,21.6,29.16,125.93,846.92,189.79
2014-04-01,Indonesia,USA,0.0,31.62,691.67,846.49,821.4,47.36,24.17,0.874,133.1,4.32,0.474,15.5,26.58,154.82,747.46,123.85
2016-12-01,Indonesia,India,12.13,35.72,717.15,795.42,802.91,56.2,25.87,1.288,341.0,5.8,0.191,19.5,25.97,78.27,873.18,206.63
2018-02-01,Malaysia,India,11.4,42.19,735.15,902.81,881.25,51.65,20.52,1.186,295.5,5.21,0.193,21.2,39.63,167.65,888.85,199.55
2019-12-01,Malaysia,USA,0.0,46.39,848.1,943.31,987.65,64.24,25.86,1.102,104.8,4.35,0.23,24.0,36.63,95.21,920.35,56.27
2024-09-01,Malaysia,India,15.55,48.48,900.98,1016.04,1053.2,55.98,24.72,1.415,271.0,4.39,0.671,31.1,31.55,115.05,1125.67,185.85
2015-05-01,Malaysia,Pakistan,15.65,39.45,749.72,901.58,840.99,53.36,23.91,1.123,163.5,5.67,0.657,17.1,35.56,151.86,940.33,114.3
2020-03-01,Indonesia,India,17.78,50.83,818.99,962.22,949.48,58.15,29.91,1.227,340.2,5.08,0.311,24.4,30.62,143.24,1059.65,228.31
2021-02-01,Indonesia,EU-27,4.63,38.7,816.63,941.4,982.37,59.99,26.29,1.377,185.1,3.92,0.203,25.8,28.39,124.77,922.43,154.07
2017-06-01,Malaysia,EU-27,7.57,23.04,661.56,829.14,829.19,47.29,27.33,1.055,202.7,5.18,0.799,20.2,27.74,167.58,765.79,161.49
2023-06-01,Malaysia,USA,4.46,36.98,823.23,927.4,968.92,60.27,35.35,1.453,111.5,4.26,0.816,29.2,28.98,104.17,935.49,87.99
2018-07-01,Malaysia,Pakistan,8.73,45.01,760.1,870.73,925.61,57.13,21.73,1.249,159.0,6.15,0.833,21.9,27.47,110.63,899.0,145.5
2016-07-01,Malaysia,Pakistan,12.89,35.38,697.1,820.93,786.22,52.45,24.94,1.046,177.0,4.88,0.867,18.9,30.92,123.83,855.04,130.73
2017-12-01,Indonesia,USA,0.0,35.99,678.91,808.94,820.13,57.23,31.94,1.171,116.6,4.74,0.237,21.0,31.58,130.03,746.84,82.16
2023-01-01,Indonesia,India,21.09,41.74,822.97,978.56,962.07,64.03,27.32,1.492,345.4,4.63,0.139,28.6,24.24,155.59,1080.18,190.28
2023-09-01,Indonesia,India,21.67,42.16,871.27,1055.08,1065.71,65.77,28.58,1.459,319.1,5.05,0.696,29.6,40.34,183.82,1146.11,232.84
2016-06-01,Indonesia,China,4.04,37.93,726.75,842.77,810.48,56.38,33.73,1.034,309.3,3.99,0.826,18.8,30.33,116.02,830.66,236.05
2022-02-01,Malaysia,Pakistan,15.69,34.85,797.63,915.73,991.7,58.21,45.79,1.5,148.8,3.98,0.202,27.2,25.91,118.1,1016.1,97.54
2024-02-01,Malaysia,China,7.38,46.04,919.35,1018.67,1073.82,59.92,26.44,1.5,263.8,4.8,0.236,30.2,27.88,99.32,1065.04,163.79
2017-07-01,Malaysia,USA,5.03,26.21,714.77,886.56,849.55,54.26,28.01,1.28,101.7,4.26,0.877,20.4,24.54,171.8,807.68,135.66
2020-06-01,Malaysia,China,2.77,41.52,866.7,1008.5,973.14,59.04,21.59,1.251,243.3,4.96,0.805,24.8,29.88,141.8,955.53,225.69
2020-04-01,Malaysia,Pakistan,13.79,45.14,822.59,973.29,973.59,63.99,26.39,1.363,164.5,4.16,0.51,24.5,25.22,150.7,1017.44,107.88
2015-10-01,Indonesia,USA,0.0,36.38,751.17,846.69,957.06,48.47,22.12,1.171,136.2,2.29,0.475,17.8,26.78,95.52,809.67,83.17
2015-07-01,Indonesia,China,12.6,34.54,778.53,899.33,933.03,44.85,19.09,1.141,292.9,4.87,0.863,17.4,26.4,120.8,937.0,229.81
2024-08-01,Malaysia,EU-27,0.0,48.25,914.73,1032.02,1078.35,62.15,31.81,1.371,158.2,4.16,0.771,31.0,37.52,117.29,994.79,153.07
2023-10-01,Malaysia,China,9.26,44.32,836.83,973.03,1000.55,69.46,30.07,1.267,259.0,5.38,0.53,29.8,32.87,136.2,995.55,182.93
2020-04-01,Malaysia,China,13.06,48.0,867.01,1000.22,1014.23,62.49,25.36,1.332,237.4,2.75,0.512,24.5,27.91,133.21,1063.15,165.93
2020-11-01,Indonesia,USA,2.26,44.31,793.34,929.08,917.26,52.19,17.51,1.284,124.0,6.62,0.287,25.4,27.75,135.73,874.49,102.34
2018-06-01,Malaysia,Pakistan,15.01,37.24,702.22,803.87,843.4,58.54,24.65,1.113,166.3,3.27,0.784,21.8,23.16,101.65,878.83,109.9
2016-11-01,Indonesia,EU-27,8.53,33.96,697.77,802.73,825.54,51.49,27.14,1.163,207.7,5.01,0.322,19.4,37.37,104.96,823.58,139.51
2015-12-01,Indonesia,China,12.23,42.07,740.78,866.45,844.36,46.05,17.92,1.183,315.6,5.92,0.207,18.0,32.54,125.67,898.71,197.77
2023-06-01,Malaysia,China,3.74,41.64,827.8,929.22,898.04,67.47,29.35,1.445,238.3,3.21,0.801,29.2,34.28,101.42,932.42,194.7
2021-01-01,Indonesia,USA,0.0,48.46,831.48,1000.48,998.26,57.2,39.96,1.326,161.1,4.56,0.156,25.6,31.3,168.99,919.9,108.2
2021-01-01,Malaysia,USA,0.0,40.64,824.0,970.83,974.58,60.89,37.55,1.314,97.5,5.74,0.132,25.6,35.51,146.82,902.19,86.9
2020-08-01,Malaysia,China,6.63,43.01,828.88,984.81,969.72,58.49,26.87,1.288,244.9,5.82,0.809,25.0,24.25,155.93,958.31,223.61
2021-02-01,Malaysia,Pakistan,16.18,35.12,805.24,932.91,963.07,58.35,38.6,1.139,155.2,3.57,0.203,25.8,37.07,127.67,1021.16,94.66
2018-07-01,Malaysia,EU-27,9.67,35.2,739.38,853.84,854.17,58.46,23.75,1.269,160.6,6.42,0.848,21.9,31.88,114.46,875.5,157.03
2022-12-01,Malaysia,Pakistan,15.28,33.76,755.0,911.63,896.54,66.03,38.09,1.411,141.2,5.38,0.226,28.5,38.01,156.63,953.19,106.6
2019-06-01,Malaysia,Pakistan,17.7,45.75,834.32,968.11,974.71,58.37,21.28,1.171,159.1,3.14,0.819,23.2,25.36,133.79,1060.86,104.69
2021-03-01,Indonesia,Pakistan,18.07,44.67,840.87,984.04,1031.52,58.09,49.59,1.188,186.3,4.78,0.323,25.9,22.78,143.17,1104.09,98.09
2014-10-01,Malaysia,China,12.18,36.84,724.5,834.25,947.26,49.19,18.06,1.145,252.6,4.68,0.535,16.2,28.27,109.75,874.34,165.34
2014-11-01,Malaysia,India,6.52,44.29,741.38,861.06,906.69,47.93,29.16,1.08,259.7,5.51,0.33,16.4,26.43,119.68,867.99,204.25
2022-08-01,Indonesia,EU-27,5.03,40.0,781.72,898.78,940.51,67.91,39.55,1.452,210.6,5.83,0.79,28.0,29.95,117.06,904.56,170.56
2023-07-01,Indonesia,India,20.01,44.64,859.23,971.18,955.16,63.69,21.68,1.475,341.2,4.74,0.834,29.4,27.11,111.94,1110.77,235.49
2021-12-01,Malaysia,Pakistan,10.38,41.24,801.05,964.79,916.05,70.48,39.6,1.342,173.8,5.55,0.163,27.0,37.36,163.74,973.44,129.88
2015-08-01,Indonesia,Pakistan,23.03,42.41,767.74,911.97,906.83,49.49,27.29,1.134,208.4,3.18,0.792,17.5,28.84,144.23,1030.3,112.79
2014-11-01,Malaysia,China,8.81,36.49,713.25,832.95,867.67,52.5,19.26,1.053,264.6,5.26,0.31,16.4,30.85,119.71,836.75,190.91
2017-07-01,Malaysia,Pakistan,17.75,28.59,699.83,833.35,858.14,51.62,28.48,1.172,148.6,4.13,0.854,20.4,28.76,133.52,891.28,119.63
2023-07-01,Indonesia,China,12.13,41.24,822.24,991.09,986.3,59.99,22.91,1.5,289.8,4.85,0.868,29.4,35.91,168.85,993.89,238.65
2022-09-01,Indonesia,India,20.63,35.6,755.31,897.86,912.85,61.83,34.74,1.4,347.0,3.51,0.703,28.1,36.09,142.55,996.0,230.14
2022-10-01,Indonesia,India,17.3,46.7,796.22,926.85,975.89,74.5,38.23,1.461,325.1,5.33,0.512,28.2,26.52,130.63,1033.61,226.13
2016-03-01,Indonesia,India,10.55,43.01,728.92,859.56,885.0,48.31,29.95,1.129,344.4,6.71,0.314,18.4,24.4,130.64,886.5,242.05
2019-11-01,Indonesia,Pakistan,21.77,42.4,843.86,971.11,1022.47,55.69,28.82,1.217,188.0,3.47,0.326,23.9,24.96,127.25,1114.3,106.23
2018-04-01,Malaysia,China,9.55,40.07,737.26,893.29,886.52,53.27,18.38,1.234,233.8,3.61,0.511,21.5,36.69,156.03,871.7,189.99
2015-07-01,Malaysia,USA,0.0,30.85,760.42,863.91,903.1,55.66,19.69,1.142,131.2,4.02,0.867,17.4,33.15,103.49,810.96,75.64
2023-10-01,Indonesia,India,22.53,43.89,877.86,1039.56,948.58,68.55,27.38,1.489,307.3,5.16,0.526,29.8,38.41,161.7,1162.99,240.55
2017-03-01,Indonesia,Pakistan,17.39,39.03,688.44,839.94,815.01,57.83,24.15,1.269,205.7,5.18,0.331,19.9,38.58,151.5,882.33,129.8
2022-07-01,Indonesia,China,8.4,38.46,774.33,903.27,896.31,73.36,42.43,1.468,289.3,5.99,0.844,27.9,37.15,128.93,927.08,235.13
2021-03-01,Indonesia,China,2.78,42.89,790.21,889.06,919.41,66.01,40.99,1.212,287.8,4.0,0.326,25.9,37.33,98.85,898.4,213.75
2022-02-01,Malaysia,India,19.69,35.44,769.42,883.25,901.51,59.36,35.4,1.308,301.4,3.67,0.201,27.2,25.41,113.84,1005.69,172.49
2021-09-01,Malaysia,USA,0.0,41.37,808.43,960.74,998.61,68.3,39.26,1.438,108.0,5.64,0.638,26.6,19.84,152.31,889.05,125.41
2022-02-01,Malaysia,China,8.96,38.92,786.28,956.37,995.47,60.46,39.93,1.462,227.4,5.45,0.193,27.2,36.84,170.08,942.66,200.41
2020-04-01,Indonesia,China,11.73,50.92,849.61,1019.28,1029.92,47.57,28.81,1.307,297.2,4.83,0.529,24.5,37.66,169.67,1038.4,220.36
2020-10-01,Malaysia,India,18.86,49.97,818.25,971.81,999.45,58.04,27.45,1.413,248.4,4.22,0.493,25.2,36.22,153.56,1064.55,192.18
2017-01-01,Malaysia,India,18.27,27.51,691.22,815.99,845.22,58.38,30.81,1.196,255.7,3.82,0.169,19.6,32.77,124.77,886.49,163.88
2016-09-01,Malaysia,India,9.61,35.32,691.44,803.8,861.6,47.77,29.96,1.135,267.9,5.69,0.652,19.1,25.25,112.36,829.42,229.84
2016-10-01,Malaysia,EU-27,1.66,41.71,669.92,822.81,855.06,43.94,26.93,1.129,169.5,3.77,0.496,19.2,34.87,152.89,750.83,154.83
2014-02-01,Indonesia,EU-27,6.71,24.22,705.81,855.44,899.11,55.7,24.55,1.026,209.9,3.25,0.211,15.2,33.86,149.63,805.18,159.76
2016-09-01,Malaysia,China,8.15,28.66,707.57,805.04,837.95,49.42,25.71,1.157,225.6,4.17,0.726,19.1,31.65,97.47,824.01,174.92
2022-07-01,Malaysia,Pakistan,14.15,42.77,755.02,872.09,966.43,76.54,43.69,1.464,149.6,6.74,0.849,27.9,32.11,117.08,960.58,131.76
2024-01-01,Malaysia,EU-27,2.88,46.89,880.89,1013.46,1044.72,68.59,25.2,1.5,172.5,5.42,0.164,30.1,35.48,132.57,980.45,127.78
2014-07-01,Indonesia,India,11.12,34.99,729.34,820.9,883.45,50.07,24.84,0.949,324.4,6.91,0.85,15.9,31.56,91.56,876.94,271.56
2020-09-01,Indonesia,India,23.48,48.03,848.2,951.1,963.47,64.14,22.21,1.323,322.5,4.53,0.655,25.1,26.61,102.91,1134.1,201.94
2022-03-01,Malaysia,China,10.86,42.82,802.56,910.37,941.36,63.77,42.6,1.269,259.1,3.67,0.345,27.4,32.51,107.81,984.38,142.66
2023-07-01,Malaysia,USA,4.94,48.48,828.8,987.89,984.72,65.87,24.53,1.326,106.1,5.27,0.863,29.4,23.87,159.09,946.38,118.02
2024-07-01,Indonesia,India,21.52,47.61,868.42,932.92,1007.03,66.33,24.28,1.5,327.5,4.98,0.882,30.9,22.81,64.5,1142.62,167.79
2020-04-01,Indonesia,USA,3.47,51.29,884.28,1014.99,1029.35,56.77,29.28,1.307,144.6,6.2,0.512,24.5,27.3,130.71,998.35,87.52
2015-06-01,Malaysia,Pakistan,12.85,35.5,760.89,917.54,909.55,52.19,29.52,1.154,174.1,5.42,0.81,17.2,22.83,156.65,932.06,119.57
2024-06-01,Malaysia,India,13.25,48.93,914.31,1033.72,1066.7,72.01,22.71,1.423,261.5,4.87,0.814,30.8,31.74,119.41,1116.57,213.24
2016-02-01,Indonesia,China,10.79,33.6,747.75,900.21,924.75,60.79,27.22,1.116,310.4,3.93,0.222,18.2,30.03,152.47,895.84,203.97
2018-07-01,Indonesia,Pakistan,14.68,36.63,726.36,866.2,873.06,51.56,26.66,1.113,183.7,5.8,0.799,21.9,28.79,139.84,905.58,148.63
2018-05-01,Malaysia,China,11.95,50.54,743.06,856.36,900.43,60.02,26.03,1.179,238.2,5.41,0.672,21.6,25.78,113.31,917.6,185.01
2022-10-01,Malaysia,China,1.99,39.56,735.29,849.5,847.72,64.61,42.62,1.287,249.7,5.32,0.519,28.2,22.66,114.21,833.78,183.89
2019-11-01,Malaysia,India,21.35,40.32,867.82,1011.75,985.09,57.32,24.0,1.19,262.2,5.99,0.353,23.9,31.29,143.93,1131.19,191.5
2020-11-01,Indonesia,China,8.84,40.08,814.69,957.13,942.65,61.0,24.74,1.269,315.4,4.1,0.324,25.4,19.55,142.44,957.3,201.94
2019-08-01,Malaysia,USA,4.82,46.45,842.02,979.32,956.14,57.13,30.77,1.375,123.2,5.24,0.801,23.5,28.93,137.3,963.55,92.96
2015-10-01,Malaysia,Pakistan,11.38,43.47,723.14,867.52,875.17,54.11,25.19,1.11,151.6,5.13,0.548,17.8,35.79,144.38,881.94,111.9
2017-05-01,Malaysia,USA,0.24,27.52,670.39,799.76,756.06,52.82,22.67,1.132,121.3,6.06,0.678,20.1,27.16,129.37,722.33,99.64
2022-12-01,Indonesia,EU-27,4.88,44.57,784.34,926.54,948.9,67.1,47.39,1.375,198.6,4.63,0.202,28.5,24.85,142.2,919.04,151.53
2017-09-01,Indonesia,China,8.32,30.88,719.43,841.19,919.33,54.88,28.09,1.135,295.8,4.44,0.689,20.6,33.81,121.76,843.12,224.17
2021-11-01,Indonesia,Pakistan,19.79,44.15,775.29,887.84,907.58,69.16,37.73,1.397,214.3,4.94,0.341,26.9,27.47,112.54,1026.79,99.47
2024-04-01,Malaysia,India,14.74,51.48,913.07,1053.42,1053.94,68.89,23.12,1.486,257.7,6.1,0.467,30.5,35.27,140.35,1133.29,198.25
2023-07-01,Indonesia,India,21.83,43.8,827.96,950.26,958.17,66.76,26.68,1.359,317.0,6.01,0.835,29.4,31.49,122.3,1094.55,228.12
2021-04-01,Malaysia,USA,0.0,40.9,813.7,947.45,1007.61,62.62,37.57,1.402,128.5,5.87,0.485,26.0,30.36,133.74,892.17,92.7
2020-07-01,Indonesia,China,8.42,52.8,850.64,973.34,1005.68,61.6,26.71,1.321,296.7,4.74,0.874,24.9,30.73,122.7,1008.43,235.05
2024-09-01,Malaysia,EU-27,8.95,56.43,931.06,1103.21,1046.25,61.25,32.68,1.5,186.3,3.65,0.682,31.1,28.26,172.15,1111.5,147.34
2020-07-01,Malaysia,China,6.64,47.92,853.64,990.22,1015.91,63.6,25.76,1.379,258.3,4.25,0.864,24.9,37.01,136.58,988.94,202.18
2020-09-01,Indonesia,China,10.8,50.56,829.27,979.99,969.04,59.38,26.81,1.23,295.5,4.73,0.638,25.1,32.38,150.72,1004.54,227.09
2017-08-01,Indonesia,EU-27,12.83,39.88,729.47,841.9,905.98,58.02,28.41,1.226,220.9,6.25,0.787,20.5,28.04,112.44,900.14,170.88
2017-06-01,Indonesia,USA,0.0,27.11,653.47,779.57,847.73,56.68,27.13,1.241,134.5,4.67,0.789,20.2,31.87,126.11,707.7,115.5
2021-02-01,Indonesia,EU-27,11.54,46.69,816.18,903.44,947.37,63.23,41.95,1.187,222.8,5.72,0.208,25.8,31.35,87.26,1009.19,122.5
2024-07-01,Indonesia,USA,1.96,51.01,943.7,1066.96,1094.15,67.62,25.52,1.5,130.8,4.96,0.826,30.9,32.75,123.25,1040.25,101.6
2021-02-01,Indonesia,EU-27,11.21,44.91,802.01,936.66,926.95,64.05,38.73,1.398,190.7,5.1,0.253,25.8,25.61,134.65,984.91,127.28
2020-12-01,Indonesia,USA,0.0,52.26,819.6,980.8,1004.09,61.21,19.93,1.294,144.7,3.33,0.172,25.5,29.09,161.2,891.79,104.65
2023-02-01,Malaysia,EU-27,0.0,39.06,813.4,955.58,1000.08,61.35,28.41,1.475,187.5,4.11,0.203,28.8,37.6,142.18,880.88,141.06
2019-03-01,Malaysia,China,8.67,46.24,771.24,868.35,962.35,50.53,22.49,1.236,253.9,4.0,0.313,22.9,31.51,97.11,912.8,171.01
2022-08-01,Malaysia,EU-27,8.21,43.1,790.68,915.49,947.92,67.63,46.11,1.351,191.5,5.5,0.791,28.0,31.16,124.81,952.1,149.87
2020-06-01,Indonesia,EU-27,0.73,45.42,839.96,922.0,978.13,58.15,30.29,1.232,234.2,5.17,0.82,24.8,29.76,82.04,922.34,147.2
2019-10-01,Malaysia,Pakistan,11.8,45.63,846.04,981.71,993.3,58.27,28.61,1.286,161.2,5.53,0.504,23.8,30.07,135.67,1028.92,117.87
2023-12-01,Malaysia,EU-27,8.57,48.06,885.57,1021.17,1056.76,66.37,31.16,1.463,170.2,4.29,0.203,30.0,27.05,135.6,1047.43,94.35
2016-03-01,Indonesia,EU-27,7.63,34.56,698.53,817.73,838.95,58.33,23.06,1.302,208.2,5.74,0.326,18.4,32.94,119.2,813.87,134.55
2014-05-01,Malaysia,EU-27,1.32,29.62,722.92,855.8,878.46,44.67,29.96,1.168,181.5,2.23,0.686,15.6,35.93,132.88,792.85,129.39
2023-02-01,Indonesia,EU-27,10.72,42.75,834.93,952.04,987.03,65.41,29.77,1.436,221.4,5.56,0.184,28.8,31.35,117.11,1004.72,119.73
2019-09-01,Malaysia,USA,1.82,48.39,834.18,939.36,1016.41,54.04,29.23,1.196,126.9,4.09,0.644,23.6,25.11,105.18,928.39,72.88
2021-06-01,Malaysia,EU-27,4.78,43.01,785.83,923.07,882.41,64.9,39.59,1.322,188.3,4.77,0.815,26.2,35.01,137.24,909.96,138.62
2014-06-01,Indonesia,India,12.76,32.93,709.75,868.08,868.31,47.46,23.06,0.987,333.9,3.89,0.752,15.8,38.46,158.33,863.44,243.28
2015-03-01,Indonesia,Pakistan,20.19,40.93,728.55,885.26,865.4,51.96,28.04,1.01,170.4,6.6,0.328,16.9,32.33,156.7,958.54,120.9
2017-07-01,Indonesia,USA,0.0,40.4,695.47,830.48,819.61,55.52,24.41,1.086,150.7,3.48,0.849,20.4,30.67,135.0,760.28,100.49
2018-02-01,Malaysia,India,17.37,28.76,691.23,787.69,838.6,63.27,23.04,1.201,235.7,4.21,0.201,21.2,28.85,96.46,872.06,161.09
2018-04-01,Indonesia,EU-27,11.48,26.66,691.8,790.32,839.63,51.62,30.91,1.113,243.2,5.46,0.456,21.5,36.08,98.52,835.43,128.36
2024-09-01,Indonesia,China,7.7,45.96,924.77,1060.12,1067.26,62.98,27.55,1.467,297.6,7.62,0.667,31.1,31.57,135.35,1075.13,233.5
2018-05-01,Malaysia,China,5.6,35.65,751.99,897.52,889.97,54.09,24.47,1.174,234.4,6.72,0.695,21.6,33.33,145.53,857.61,234.72
2018-11-01,Indonesia,EU-27,9.94,44.06,792.45,922.06,959.34,58.72,33.29,1.242,194.9,6.06,0.338,22.4,32.38,129.61,956.29,136.06
2017-10-01,Malaysia,USA,0.55,33.79,722.81,818.87,857.94,55.58,27.23,1.1,109.1,3.5,0.482,20.8,34.88,96.06,788.14,74.46
2018-07-01,Malaysia,EU-27,0.0,40.66,748.26,832.28,894.97,61.17,25.75,1.084,166.6,4.58,0.824,21.9,26.17,84.02,814.67,149.88
2024-04-01,Indonesia,Pakistan,16.73,52.72,912.18,1065.92,1058.15,64.41,27.14,1.437,201.6,4.58,0.514,30.5,36.79,153.74,1158.02,109.87
2019-10-01,Indonesia,EU-27,12.29,50.23,865.15,976.35,997.2,53.29,20.85,1.16,216.8,7.13,0.499,23.8,22.6,111.2,1051.26,133.99
2018-11-01,Malaysia,EU-27,4.19,39.94,768.01,907.71,925.05,60.49,31.21,1.279,157.8,3.99,0.299,22.4,28.99,139.7,874.33,102.68
2015-04-01,Malaysia,USA,0.0,43.96,726.13,903.45,855.95,41.76,12.61,1.13,85.7,5.27,0.478,17.0,30.15,177.31,782.7,119.37
2024-11-01,Indonesia,Pakistan,22.03,39.89,937.05,1111.0,1050.45,70.52,26.93,1.5,204.1,6.02,0.344,31.4,28.32,173.95,1224.98,117.38
2020-03-01,Malaysia,USA,3.11,42.61,831.28,996.36,952.73,67.22,25.29,1.295,110.5,5.2,0.327,24.4,24.98,165.08,927.14,102.38
2018-12-01,Indonesia,EU-27,3.37,41.53,786.81,916.82,919.5,64.59,24.28,1.188,213.3,4.38,0.234,22.5,20.13,130.0,881.39,143.43
2018-09-01,Indonesia,Pakistan,17.65,34.03,765.0,916.95,922.42,61.56,25.64,1.297,182.8,3.72,0.687,22.1,31.68,151.95,970.21,119.82
2022-02-01,Indonesia,EU-27,4.79,48.07,771.71,915.93,910.36,66.19,46.75,1.311,190.8,5.78,0.202,27.2,32.76,144.22,908.06,156.72
2019-05-01,Malaysia,USA,0.0,37.82,795.59,910.72,912.29,59.14,23.12,1.31,88.6,6.1,0.69,23.1,35.23,115.13,856.53,99.8
2019-04-01,Indonesia,China,10.37,44.52,801.73,932.46,948.19,63.39,27.32,1.194,275.9,4.67,0.487,23.0,33.19,130.73,964.17,219.34
2017-12-01,Malaysia,China,6.19,37.02,711.53,871.75,821.82,57.82,22.75,1.142,259.0,5.04,0.18,21.0,22.46,160.22,819.01,197.91
2022-04-01,Indonesia,Pakistan,15.21,42.17,774.45,911.63,938.38,70.67,36.21,1.499,173.9,5.18,0.531,27.5,24.02,137.18,982.54,127.86
2017-08-01,Malaysia,USA,3.5,24.56,648.67,750.19,751.45,50.6,24.15,1.171,111.8,4.21,0.827,20.5,30.12,101.52,721.8,92.06
2021-01-01,Malaysia,EU-27,6.74,42.58,863.87,997.48,1021.54,62.52,42.81,1.373,178.4,5.4,0.179,25.6,34.24,133.6,1013.27,108.37
2018-09-01,Indonesia,EU-27,16.13,43.93,724.99,873.71,861.23,58.47,25.49,1.315,181.1,5.3,0.686,22.1,33.53,148.71,922.56,148.16
2023-10-01,Malaysia,EU-27,4.76,39.42,875.72,1006.27,1000.85,61.77,25.42,1.459,174.2,5.26,0.504,29.8,34.27,130.56,985.3,136.94
2023-01-01,Indonesia,Pakistan,17.62,40.51,840.51,971.18,1011.84,63.42,25.6,1.355,204.6,4.98,0.161,28.6,21.27,130.67,1066.32,87.24
2016-05-01,Malaysia,China,7.75,31.2,717.79,827.15,864.41,53.28,23.4,1.013,250.9,5.63,0.665,18.6,43.69,109.36,832.25,186.44
2018-03-01,Malaysia,Pakistan,13.21,33.11,724.27,849.5,856.14,64.3,19.75,1.316,134.9,5.75,0.337,21.4,27.6,125.23,879.81,110.68
2019-04-01,Indonesia,USA,2.4,44.71,817.68,949.55,942.78,67.97,28.88,1.27,135.3,5.3,0.499,23.0,33.35,131.88,912.67,96.89
2022-07-01,Indonesia,EU-27,0.88,42.08,770.95,899.92,886.35,67.41,34.53,1.324,194.2,5.66,0.826,27.9,29.07,128.97,855.04,173.3
2020-10-01,Indonesia,Pakistan,11.12,47.33,826.74,968.8,1006.63,55.01,25.74,1.255,202.4,6.1,0.534,25.2,24.84,142.05,999.9,139.08
2022-12-01,Indonesia,China,12.22,36.34,784.3,940.87,913.5,66.73,41.51,1.347,296.6,4.34,0.183,28.5,30.79,156.57,967.47,187.41
2015-02-01,Indonesia,USA,1.5,25.34,772.65,907.04,961.88,52.93,24.81,1.065,134.8,5.72,0.172,16.8,24.88,134.4,835.15,96.16
2017-11-01,Indonesia,India,12.13,30.23,704.25,828.89,836.21,49.05,32.21,1.213,335.5,3.68,0.351,20.9,37.21,124.63,859.69,227.56
2021-03-01,Indonesia,Pakistan,16.56,45.85,812.88,925.14,960.52,78.4,43.34,1.343,182.9,4.07,0.322,25.9,29.29,112.26,1051.45,118.41
2017-09-01,Malaysia,India,11.34,28.18,684.36,779.71,842.38,56.11,26.89,1.159,278.5,6.36,0.688,20.6,31.21,95.35,823.25,206.42
2014-03-01,Malaysia,India,19.5,33.03,683.38,809.98,807.28,50.63,24.3,0.962,256.4,5.61,0.316,15.4,29.31,126.61,885.17,189.46
2016-08-01,Malaysia,China,7.6,27.44,706.68,861.55,903.47,53.55,21.21,1.235,230.4,5.19,0.798,19.0,28.28,154.87,812.7,196.57
2015-11-01,Indonesia,EU-27,9.71,38.68,743.79,873.78,897.05,47.4,26.19,1.039,205.2,3.89,0.319,17.9,30.06,129.99,887.13,163.41
2018-05-01,Indonesia,USA,1.06,44.36,769.34,882.81,906.33,54.3,27.55,1.128,141.4,6.32,0.676,21.6,28.69,113.47,850.17,123.95
2015-06-01,Malaysia,EU-27,4.14,34.85,734.49,870.97,902.45,44.82,21.53,0.967,193.2,4.96,0.784,17.2,25.31,136.49,823.62,151.13
2024-06-01,Indonesia,USA,0.0,50.71,927.64,1089.46,1092.86,62.87,24.1,1.476,125.4,3.86,0.812,30.8,34.71,161.82,1002.45,138.97
2022-01-01,Indonesia,EU-27,2.59,36.11,758.49,854.41,932.13,58.32,39.09,1.332,224.6,3.76,0.169,27.1,27.85,95.93,855.26,121.17
2020-11-01,Malaysia,India,22.89,37.42,812.63,913.79,923.43,59.59,26.7,1.304,291.1,5.28,0.312,25.4,24.05,101.16,1077.47,151.23
2021-06-01,Indonesia,China,11.21,38.87,783.71,877.33,881.09,65.54,42.11,1.31,285.4,6.5,0.79,26.2,23.26,93.62,961.6,209.87
2015-05-01,Indonesia,USA,4.47,38.15,749.34,925.98,895.93,50.92,29.35,1.031,138.2,6.2,0.687,17.1,27.94,176.64,853.36,139.5
2019-11-01,Malaysia,Pakistan,16.0,51.03,833.47,942.4,982.48,65.77,33.68,1.256,143.8,4.31,0.364,23.9,34.22,108.93,1065.13,89.6
2014-02-01,Indonesia,Pakistan,15.77,32.55,697.56,783.1,859.02,48.98,17.75,0.969,198.7,4.97,0.217,15.2,39.29,85.54,865.78,95.87
2015-04-01,Malaysia,Pakistan,13.75,39.87,742.26,876.41,918.29,65.95,29.73,1.07,168.8,4.37,0.496,17.0,23.72,134.15,923.47,104.34
2020-03-01,Malaysia,India,18.0,43.21,861.39,962.95,1037.61,58.46,25.88,1.392,262.9,4.45,0.341,24.4,24.22,101.56,1097.96,160.41
2019-09-01,Indonesia,USA,0.0,53.04,833.73,917.31,988.36,59.63,24.55,1.306,122.3,3.31,0.698,23.6,25.37,83.58,911.32,95.08
2016-09-01,Malaysia,China,9.18,43.31,699.13,819.02,846.56,50.56,16.02,1.232,226.9,5.25,0.7,19.1,29.04,119.89,828.06,202.67
2021-01-01,Indonesia,Pakistan,22.05,43.89,832.54,1000.1,984.28,67.75,37.25,1.286,194.3,3.65,0.141,25.6,35.99,167.56,1115.11,109.13
2019-09-01,Indonesia,China,6.11,53.33,838.02,969.71,946.33,52.7,23.87,1.23,307.5,3.88,0.703,23.6,17.21,131.69,971.13,234.14
2021-04-01,Malaysia,EU-27,4.0,46.21,839.45,964.7,967.59,59.06,41.8,1.285,165.2,5.2,0.487,26.0,26.71,125.25,964.53,139.67
2021-02-01,Malaysia,India,14.9,43.59,800.17,907.22,928.13,56.9,41.21,1.239,301.6,3.8,0.156,25.8,33.21,107.05,1016.86,163.78
2021-12-01,Malaysia,India,21.65,42.81,771.5,854.79,936.81,56.94,45.89,1.377,284.5,4.84,0.185,27.0,35.33,83.29,1046.44,132.37
2015-09-01,Indonesia,Pakistan,16.11,40.14,766.83,881.6,916.99,45.8,23.53,1.147,180.4,5.12,0.695,17.6,40.39,114.77,964.28,135.56
2021-07-01,Indonesia,EU-27,1.15,51.58,774.92,905.62,926.26,70.36,44.71,1.322,213.5,4.12,0.856,26.4,40.75,130.71,881.22,161.64
2016-07-01,Malaysia,USA,3.23,38.08,740.41,838.1,883.53,47.4,25.88,1.035,130.5,3.87,0.842,18.9,29.98,97.69,830.34,92.05
2020-07-01,Malaysia,USA,0.38,43.51,835.22,979.46,998.6,61.02,31.92,1.306,144.2,5.75,0.852,24.9,25.41,144.24,914.14,121.55
2014-12-01,Indonesia,USA,0.0,38.83,761.98,910.1,861.22,49.24,23.13,1.057,137.6,3.8,0.198,16.5,28.76,148.12,823.94,108.38
2017-10-01,Indonesia,USA,0.95,27.22,706.42,822.99,837.98,51.3,25.08,1.267,136.9,4.7,0.49,20.8,25.69,116.56,765.91,106.14
2017-05-01,Malaysia,Pakistan,14.05,30.15,663.72,772.47,765.0,46.12,26.91,1.093,170.3,4.59,0.681,20.1,13.89,108.74,822.06,108.07
2020-09-01,Malaysia,Pakistan,9.4,52.9,848.94,1009.57,973.6,67.31,15.78,1.284,175.5,5.19,0.645,25.1,30.85,160.62,1003.92,139.59
2015-05-01,Indonesia,EU-27,6.01,46.57,762.18,883.22,936.12,56.27,25.37,1.03,227.0,6.12,0.663,17.1,26.17,121.04,884.23,177.89
2021-09-01,Indonesia,China,5.73,39.65,784.36,925.07,959.38,60.85,44.78,1.236,292.6,4.82,0.662,26.6,27.38,140.71,918.58,252.18
2020-02-01,Indonesia,Pakistan,18.08,44.32,839.45,978.63,951.33,59.99,22.3,1.297,186.5,5.78,0.171,24.2,30.57,139.19,1069.88,97.99
2015-01-01,Indonesia,EU-27,2.15,38.28,749.51,864.52,894.99,48.31,25.95,1.163,228.2,4.81,0.159,16.6,24.76,115.01,831.23,139.91
2024-08-01,Malaysia,China,11.69,51.52,940.37,1071.12,1051.58,64.85,22.81,1.379,241.1,4.1,0.801,31.0,32.38,130.75,1133.34,188.64
2024-02-01,Indonesia,Pakistan,24.51,44.97,899.62,1045.22,1051.11,69.05,22.88,1.428,168.7,5.12,0.191,30.2,33.12,145.6,1204.64,102.63
2020-10-01,Malaysia,USA,0.0,41.76,797.66,964.3,976.33,60.49,27.94,1.397,117.3,5.08,0.501,25.2,20.78,166.63,867.36,101.05
2022-04-01,Malaysia,Pakistan,17.49,45.77,795.53,949.08,970.9,59.95,42.96,1.376,175.8,3.87,0.5,27.5,30.56,153.55,1038.89,108.65
2022-02-01,Indonesia,EU-27,11.85,48.07,780.51,889.55,922.35,64.43,42.47,1.422,210.8,3.78,0.181,27.2,34.82,109.04,974.24,115.41
2024-09-01,Indonesia,USA,5.2,43.03,916.68,1030.12,1053.19,57.47,21.47,1.5,161.3,2.9,0.682,31.1,22.88,113.44,1032.23,97.2
2022-11-01,Indonesia,India,11.43,40.81,794.87,889.47,938.49,60.97,44.15,1.398,341.4,4.81,0.316,28.4,26.34,94.59,980.4,204.17
2021-10-01,Indonesia,India,21.46,34.28,799.83,885.3,963.05,57.58,40.37,1.347,297.8,6.42,0.493,26.8,28.7,85.47,1062.15,209.59
2021-03-01,Malaysia,EU-27,3.56,34.84,783.55,863.91,931.31,55.25,33.78,1.411,181.9,4.78,0.343,25.9,30.09,80.36,882.49,111.86
2021-10-01,Malaysia,Pakistan,15.52,37.9,813.01,970.65,987.62,61.64,45.16,1.306,164.7,3.47,0.496,26.8,36.24,157.64,1035.14,95.89
2019-02-01,Malaysia,USA,2.82,46.99,782.27,912.82,910.64,58.04,32.68,1.232,104.6,3.07,0.15,22.8,29.51,130.55,886.27,77.96
2016-10-01,Indonesia,China,8.21,31.74,704.82,810.61,916.36,44.54,26.12,1.147,295.7,5.54,0.528,19.2,27.09,105.79,825.29,202.23
2017-11-01,Indonesia,EU-27,8.29,33.72,714.26,901.53,858.95,54.2,31.36,1.15,207.6,3.36,0.32,20.9,24.96,187.26,843.95,156.86
2024-03-01,Malaysia,USA,4.38,44.87,872.38,983.89,1003.26,65.19,19.56,1.5,85.2,7.15,0.288,30.4,28.04,111.51,977.86,84.14
2018-07-01,Malaysia,Pakistan,16.56,36.71,728.98,839.11,864.05,52.4,20.21,1.329,154.4,4.73,0.84,21.9,29.94,110.13,916.02,114.06
2017-09-01,Malaysia,Pakistan,15.3,35.71,668.86,829.87,809.91,53.11,23.56,1.143,141.1,5.15,0.694,20.6,34.97,161.0,839.54,124.4
2017-06-01,Malaysia,China,5.62,39.74,714.44,802.29,838.59,54.4,21.3,1.253,235.1,6.2,0.787,20.2,18.19,87.85,819.02,201.3
2015-06-01,Indonesia,EU-27,12.0,38.09,770.35,862.37,898.37,52.73,29.24,1.116,189.2,4.79,0.791,17.2,25.4,92.01,938.23,162.38
2022-09-01,Indonesia,India,20.52,39.52,791.8,925.13,968.88,72.18,49.49,1.5,336.4,6.06,0.708,28.1,28.92,133.32,1061.58,241.61
2019-04-01,Indonesia,Pakistan,16.03,39.54,812.55,940.82,937.57,56.74,21.77,1.235,197.2,5.92,0.472,23.0,38.03,128.27,1013.98,126.17
2017-04-01,Malaysia,USA,0.0,40.97,684.18,787.08,786.52,45.29,36.69,1.226,86.1,3.68,0.478,20.0,28.57,102.91,761.84,72.14
2021-12-01,Malaysia,Pakistan,16.16,39.82,789.68,935.32,933.69,57.25,32.72,1.377,151.1,5.15,0.18,27.0,23.97,145.64,1001.55,105.13
2018-11-01,Indonesia,India,16.88,41.14,785.93,949.11,911.06,48.15,27.17,1.257,354.0,4.2,0.36,22.4,27.72,163.18,998.44,231.81
2018-11-01,Malaysia,India,15.9,33.55,782.37,891.39,878.72,61.88,25.06,1.148,282.1,5.93,0.308,22.4,19.15,109.02,974.7,184.35
2017-08-01,Malaysia,EU-27,0.0,30.87,684.67,816.04,818.43,53.96,25.52,1.114,193.6,5.24,0.801,20.5,27.01,131.37,741.05,142.53
2023-10-01,Indonesia,Pakistan,16.67,37.03,856.56,962.11,1030.51,67.08,26.09,1.337,164.4,5.2,0.506,29.8,19.95,105.56,1072.96,112.17
2022-09-01,Indonesia,India,21.53,46.81,791.24,951.89,942.43,69.29,45.33,1.5,338.1,4.41,0.681,28.1,31.66,160.65,1073.56,237.63
2021-10-01,Malaysia,India,26.12,41.51,796.42,924.27,971.7,63.39,41.27,1.429,252.5,5.51,0.491,26.8,28.48,127.85,1108.86,189.41
2014-12-01,Indonesia,China,11.87,36.91,747.3,869.66,886.17,44.36,29.89,0.977,290.1,3.93,0.196,16.5,26.62,122.36,910.71,209.05
2020-05-01,Indonesia,USA,0.0,38.01,803.52,959.59,967.3,51.49,21.22,1.368,137.9,2.24,0.675,24.6,26.68,156.07,862.74,118.0
2014-04-01,Indonesia,Pakistan,22.2,42.82,727.6,845.99,875.97,49.21,27.37,0.968,220.9,5.5,0.527,15.5,28.81,118.39,974.87,107.01
2014-01-01,Indonesia,India,14.96,33.54,696.61,798.12,795.05,56.26,24.62,0.946,332.0,5.61,0.149,15.1,35.24,101.51,867.69,220.66
2018-01-01,Indonesia,Pakistan,15.78,41.11,720.99,874.11,824.05,54.06,22.39,1.204,215.6,2.77,0.152,21.1,30.65,153.12,908.3,78.14
2020-11-01,Indonesia,Pakistan,20.87,48.75,797.43,931.09,973.29,48.52,26.73,1.422,187.9,3.54,0.318,25.4,38.02,133.66,1055.08,96.02
2014-05-01,Indonesia,USA,4.85,35.14,737.02,825.99,925.8,44.02,24.56,1.073,150.9,4.33,0.669,15.6,26.96,88.98,835.37,85.14
2016-07-01,Indonesia,Pakistan,23.76,27.94,723.61,871.86,877.3,57.17,25.52,1.109,176.9,5.24,0.907,18.9,25.26,148.25,961.7,142.07
2014-02-01,Malaysia,EU-27,5.89,32.77,683.78,819.78,844.95,57.19,29.33,1.025,175.2,4.62,0.21,15.2,32.64,136.0,789.82,121.19
2019-06-01,Indonesia,Pakistan,13.95,49.28,846.87,955.64,1028.62,59.93,33.35,1.201,176.0,4.83,0.817,23.2,29.63,108.77,1059.18,137.44
2014-10-01,Indonesia,EU-27,0.69,31.37,717.58,859.2,836.11,46.64,31.37,1.048,204.7,3.92,0.504,16.2,28.89,141.63,785.67,191.76
2014-12-01,Malaysia,EU-27,4.48,37.68,751.4,888.26,891.85,58.15,19.54,1.037,199.9,6.15,0.193,16.5,29.54,136.87,844.83,114.42
2021-09-01,Indonesia,USA,0.0,39.26,780.53,957.2,936.75,74.67,34.52,1.344,130.8,4.34,0.676,26.6,27.95,176.67,854.3,130.88
2022-11-01,Malaysia,USA,0.0,46.39,781.38,921.61,888.68,56.26,42.6,1.382,130.9,5.81,0.336,28.4,33.59,140.23,870.38,102.0
2024-01-01,Malaysia,EU-27,5.3,48.27,888.17,991.26,1079.28,63.92,22.22,1.394,153.9,5.32,0.164,30.1,31.24,103.1,1009.5,118.15
2020-02-01,Indonesia,EU-27,3.03,52.02,842.91,977.35,992.13,58.74,24.84,1.248,200.1,4.41,0.189,24.2,30.98,134.44,947.67,126.03
2023-04-01,Malaysia,China,11.99,39.86,817.08,949.6,928.49,74.3,21.53,1.351,255.2,3.79,0.495,29.0,21.55,132.52,983.79,179.97
2023-09-01,Indonesia,USA,2.43,53.83,871.88,1008.41,989.47,62.28,29.8,1.444,143.8,3.26,0.635,29.6,23.12,136.53,978.75,114.7
2021-04-01,Malaysia,USA,1.96,40.72,780.02,964.2,941.12,62.4,38.34,1.268,113.3,6.05,0.463,26.0,41.07,184.18,875.93,115.03
2024-05-01,Indonesia,Pakistan,19.07,51.06,918.6,1046.34,1063.15,68.44,31.03,1.405,182.6,4.07,0.705,30.6,28.91,127.74,1191.48,118.32
2016-03-01,Malaysia,EU-27,3.14,42.75,755.38,851.32,876.09,51.31,20.25,1.143,161.5,5.06,0.343,18.4,39.35,95.94,844.06,109.55
2018-10-01,Indonesia,Pakistan,23.68,39.56,768.85,910.08,916.59,69.75,25.24,1.269,187.7,6.07,0.475,22.2,28.8,141.23,1031.04,123.55
2014-11-01,Indonesia,India,19.18,30.01,720.78,874.87,827.58,46.33,26.6,1.095,330.7,4.96,0.336,16.4,38.93,154.09,926.51,218.12
2022-04-01,Malaysia,EU-27,0.54,41.92,767.82,903.51,926.25,61.28,36.04,1.403,193.8,6.57,0.508,27.5,28.45,135.69,850.3,137.7
2014-06-01,Indonesia,Pakistan,16.34,28.88,730.06,860.7,868.86,51.77,28.71,0.975,199.0,5.16,0.751,15.8,28.53,130.65,916.34,132.67
2021-02-01,Malaysia,Pakistan,12.09,41.67,831.63,988.65,986.9,58.94,39.38,1.404,154.4,4.35,0.232,25.8,27.99,157.02,1023.06,86.09
2015-07-01,Malaysia,China,6.16,31.96,757.04,887.64,889.72,43.12,13.99,0.91,251.1,4.49,0.862,17.4,26.65,130.6,852.49,204.17
2015-09-01,Indonesia,India,16.81,43.05,737.95,876.79,866.32,56.86,21.54,1.006,360.3,5.95,0.659,17.6,34.34,138.84,937.43,239.41
2018-02-01,Malaysia,India,16.78,43.85,740.32,864.11,841.44,55.36,25.6,1.198,270.9,4.21,0.163,21.2,32.6,123.79,945.63,175.48
2020-06-01,Indonesia,EU-27,3.95,33.78,846.38,973.99,991.15,64.15,26.45,1.303,221.1,5.6,0.836,24.8,31.33,127.61,942.41,182.91
2021-04-01,Malaysia,China,14.45,37.68,797.9,945.66,922.72,65.79,42.96,1.378,256.4,3.62,0.491,26.0,31.62,147.75,1005.48,167.51
2015-04-01,Malaysia,India,12.48,37.5,740.95,883.24,923.53,45.51,21.97,1.08,278.5,4.97,0.52,17.0,29.8,142.29,900.34,205.63
2015-05-01,Malaysia,China,12.94,38.97,750.08,891.89,932.67,55.24,32.41,1.045,243.5,6.55,0.684,17.1,34.57,141.81,927.73,181.69
2020-12-01,Malaysia,China,13.88,43.52,830.12,911.51,1049.03,60.28,25.42,1.34,256.0,3.55,0.189,25.5,31.52,81.39,1023.84,130.01
2017-11-01,Indonesia,China,6.63,42.0,707.52,852.26,853.51,66.71,29.05,1.165,276.6,6.19,0.326,20.9,39.02,144.74,830.21,242.77
2014-08-01,Malaysia,India,6.31,44.57,760.06,897.0,888.77,52.96,26.34,1.094,270.6,3.13,0.83,16.0,33.74,136.94,883.36,225.48
2023-12-01,Malaysia,Pakistan,14.34,57.29,916.77,1064.68,1089.77,75.63,28.31,1.498,155.6,3.41,0.204,30.0,31.75,147.91,1146.14,82.62
2020-01-01,Malaysia,EU-27,3.7,47.82,842.68,954.59,973.18,65.08,20.0,1.368,178.8,3.45,0.14,24.1,26.12,111.91,944.23,113.0
2021-10-01,Indonesia,China,7.48,35.43,752.41,847.06,913.74,63.43,41.17,1.223,280.7,3.79,0.492,26.8,28.18,94.65,891.05,191.94
2019-07-01,Malaysia,Pakistan,13.67,40.59,802.62,912.99,950.52,56.83,23.98,1.251,157.1,5.07,0.846,23.4,27.83,110.36,985.76,131.76
2017-06-01,Malaysia,USA,0.0,34.89,689.3,832.56,847.53,55.87,30.27,1.335,96.0,3.97,0.784,20.2,36.37,143.27,754.46,129.6
2020-07-01,Malaysia,EU-27,9.22,43.88,854.11,989.67,1037.61,52.62,28.83,1.256,199.1,4.77,0.823,24.9,32.35,135.55,1012.25,154.63
2021-05-01,Indonesia,USA,0.0,38.3,816.28,937.01,982.83,63.16,40.83,1.349,132.2,4.89,0.699,26.1,31.77,120.73,895.41,85.26
2020-05-01,Malaysia,Pakistan,16.23,38.4,879.15,974.73,1069.0,58.16,28.92,1.321,167.2,5.75,0.679,24.6,28.95,95.58,1100.07,96.29
2016-06-01,Indonesia,Pakistan,23.18,32.98,731.29,857.29,869.05,47.85,25.37,0.98,203.9,4.77,0.827,18.8,31.77,126.0,972.65,131.64
2016-05-01,Indonesia,USA,0.0,33.5,738.62,874.45,919.75,48.03,27.32,1.027,131.0,5.21,0.657,18.6,36.46,135.83,799.43,117.45
2024-12-01,Malaysia,China,7.98,51.61,962.11,1105.58,1106.75,70.23,16.44,1.5,254.0,6.09,0.226,31.5,31.74,143.47,1112.37,165.41
2017-03-01,Indonesia,China,8.76,33.27,668.27,793.96,851.26,52.1,33.91,1.091,293.1,4.25,0.312,19.9,29.7,125.69,799.9,225.3
2014-01-01,Malaysia,Pakistan,16.09,32.2,696.8,836.11,862.69,40.33,22.49,1.055,161.1,7.15,0.16,15.1,28.51,139.31,872.37,99.82
2019-01-01,Malaysia,Pakistan,16.78,30.16,767.98,943.72,942.45,44.32,17.26,1.25,169.8,3.09,0.106,22.6,27.85,175.74,952.23,99.09
2021-08-01,Indonesia,China,9.86,35.74,799.88,929.29,939.69,68.05,41.45,1.393,322.8,5.09,0.804,26.5,32.57,129.41,963.59,219.63
2015-05-01,Malaysia,Pakistan,16.6,37.47,807.52,944.49,918.95,50.69,23.82,1.03,149.8,6.49,0.672,17.1,36.75,136.97,1012.99,118.66
2023-07-01,Malaysia,EU-27,10.92,43.36,850.28,957.15,1010.23,59.69,29.46,1.396,193.2,4.33,0.849,29.4,28.79,106.87,1023.93,122.91
2020-11-01,Malaysia,China,2.63,41.17,801.16,881.19,950.57,70.64,25.14,1.304,264.6,3.91,0.286,25.4,27.33,80.03,890.29,161.71
2021-06-01,Malaysia,China,4.17,34.01,790.53,872.05,935.13,60.52,47.06,1.365,237.2,4.47,0.779,26.2,31.12,81.53,907.95,193.03
2024-09-01,Malaysia,USA,5.37,52.53,940.91,1085.18,1063.31,61.64,29.65,1.39,106.5,6.1,0.644,31.1,41.38,144.27,1078.05,115.46
2018-03-01,Indonesia,China,8.16,32.04,712.04,825.51,883.38,61.95,23.85,1.208,298.1,4.81,0.35,21.4,34.33,113.47,830.6,213.25
2024-06-01,Indonesia,India,19.43,43.56,917.58,1083.84,1086.53,68.19,30.24,1.5,350.6,3.58,0.811,30.8,26.65,166.26,1183.96,238.27
2018-08-01,Malaysia,India,19.22,44.02,767.28,850.95,879.27,53.92,24.48,1.331,259.5,4.08,0.809,22.0,30.61,83.67,996.42,175.89
2015-07-01,Indonesia,India,17.32,31.54,750.86,885.17,915.65,46.67,21.9,1.018,355.0,4.44,0.859,17.4,32.81,134.31,943.65,249.68
2020-03-01,Indonesia,USA,0.0,43.53,822.26,954.95,957.31,57.45,38.53,1.414,118.6,4.87,0.319,24.4,30.71,132.69,904.32,95.47
2016-12-01,Indonesia,India,12.54,31.89,693.85,804.59,884.52,47.89,31.69,1.183,327.6,4.34,0.183,19.5,23.72,110.75,852.42,216.47
2016-12-01,Malaysia,Pakistan,12.69,26.75,685.59,818.52,825.99,51.38,23.45,1.182,152.5,4.97,0.219,19.5,33.0,132.93,829.15,90.76
2023-03-01,Indonesia,China,10.08,38.66,826.22,967.67,977.85,66.83,23.27,1.319,319.1,4.8,0.332,28.9,29.98,141.45,977.72,200.3
2015-02-01,Malaysia,USA,0.0,39.02,740.57,858.63,909.38,58.92,24.48,1.109,105.2,5.73,0.147,16.8,33.91,118.07,804.07,77.49
2024-09-01,Malaysia,Pakistan,16.66,51.12,939.44,1075.3,1049.12,68.47,14.01,1.455,140.9,4.7,0.65,31.1,23.55,135.86,1171.9,120.44
2024-01-01,Indonesia,China,7.53,43.4,879.6,999.04,1011.73,63.62,23.15,1.472,285.0,5.13,0.119,30.1,31.52,119.44,1017.36,203.0
2018-09-01,Malaysia,EU-27,5.19,37.67,765.36,873.34,924.09,62.45,17.45,1.237,164.4,4.47,0.66,22.1,28.92,107.98,863.1,135.55
2020-01-01,Malaysia,China,11.76,50.5,826.86,964.67,990.47,54.02,22.43,1.373,247.1,4.73,0.183,24.1,34.19,137.81,1005.65,156.02
2020-11-01,Malaysia,India,15.69,46.67,818.44,927.93,970.5,65.25,26.23,1.318,268.1,5.57,0.338,25.4,29.33,109.49,1031.2,180.6
2015-02-01,Malaysia,China,15.96,44.74,762.43,900.18,962.18,43.86,29.86,0.973,234.3,5.43,0.155,16.8,22.47,137.75,970.59,174.35
2023-08-01,Malaysia,Pakistan,12.52,48.87,875.44,977.43,1048.37,61.63,28.71,1.5,173.7,4.09,0.78,29.5,28.29,101.99,1072.31,107.76
2022-07-01,Indonesia,Pakistan,21.68,33.67,796.32,908.45,902.15,66.31,34.42,1.352,167.6,4.41,0.858,27.9,33.65,112.13,1051.82,136.15
2024-12-01,Malaysia,USA,5.73,52.75,929.58,1065.67,1085.81,67.14,28.21,1.5,109.5,4.41,0.19,31.5,32.11,136.09,1068.43,69.65
2022-04-01,Malaysia,India,17.87,37.21,771.49,922.48,939.87,62.72,36.38,1.377,281.2,5.17,0.498,27.5,31.59,151.0,996.13,186.69
2016-05-01,Indonesia,India,17.41,37.5,733.7,829.27,899.83,53.42,27.57,1.049,333.6,4.02,0.687,18.6,25.26,95.57,937.84,224.45
2023-11-01,Malaysia,EU-27,9.95,46.17,859.79,1009.37,1012.57,71.08,29.5,1.5,177.7,6.76,0.346,29.9,27.07,149.58,1028.58,131.49
2015-02-01,Indonesia,USA,2.5,44.32,771.4,904.41,964.25,57.89,29.41,1.039,138.9,5.06,0.221,16.8,31.46,133.01,866.23,91.64
2020-09-01,Indonesia,India,24.54,48.21,818.81,945.11,1003.0,63.37,23.72,1.198,343.4,4.63,0.689,25.1,37.0,126.3,1109.29,222.21
2024-05-01,Malaysia,China,7.39,51.71,899.31,1033.27,1022.1,69.61,30.69,1.444,245.2,6.05,0.686,30.6,29.61,133.96,1054.24,211.51
2014-10-01,Malaysia,EU-27,6.78,32.0,732.8,853.58,897.45,45.15,30.83,0.992,207.6,5.61,0.496,16.2,25.25,120.78,849.54,137.71
2017-10-01,Indonesia,China,12.99,43.8,714.26,849.99,902.12,57.63,24.87,1.167,314.5,4.88,0.492,20.8,28.66,135.72,884.61,206.03
2016-08-01,Indonesia,Pakistan,22.22,38.69,687.23,797.19,795.09,48.67,23.52,1.16,172.4,6.76,0.799,19.0,19.88,109.97,915.93,148.3
2019-11-01,Indonesia,China,4.01,43.17,835.38,971.89,933.98,59.19,26.65,1.362,290.6,6.95,0.294,23.9,25.93,136.5,941.48,222.74
2023-01-01,Indonesia,India,17.75,38.67,833.07,952.22,958.41,66.46,23.77,1.354,317.9,4.96,0.156,28.6,23.12,119.15,1054.44,217.79
2020-09-01,Indonesia,India,20.17,44.87,838.1,985.01,1018.22,55.53,23.19,1.39,350.1,4.67,0.685,25.1,34.27,146.91,1088.91,230.66
2016-01-01,Malaysia,India,12.86,41.9,755.23,884.29,944.22,52.92,25.76,1.098,262.0,7.73,0.141,18.1,33.65,129.06,928.75,210.35
2021-09-01,Malaysia,EU-27,0.0,40.52,762.03,911.02,912.7,68.8,44.43,1.388,150.5,5.09,0.674,26.6,30.34,148.98,846.99,166.25
2021-12-01,Indonesia,India,23.33,35.94,770.64,915.98,898.54,61.65,45.09,1.249,332.0,4.88,0.154,27.0,26.29,145.34,1050.38,216.53
2021-02-01,Indonesia,EU-27,7.93,38.83,801.96,946.5,914.54,57.48,38.39,1.338,194.3,5.08,0.209,25.8,30.19,144.54,948.93,150.73
2015-01-01,Malaysia,China,7.01,34.74,705.8,842.03,835.05,43.87,25.63,0.893,267.3,5.45,0.153,16.6,21.47,136.24,819.86,171.43
2020-07-01,Malaysia,China,12.79,50.18,839.21,951.26,1002.6,66.56,30.98,1.406,214.7,4.37,0.815,24.9,21.36,112.05,1038.08,190.21
2024-06-01,Malaysia,USA,0.0,43.76,906.22,1005.66,1060.32,59.41,30.2,1.466,129.6,5.02,0.794,30.8,33.1,99.43,980.19,91.54
2021-07-01,Malaysia,EU-27,1.82,39.4,814.97,919.47,971.78,48.16,39.92,1.417,151.1,5.65,0.857,26.4,32.07,104.5,910.59,145.55
2022-07-01,Indonesia,China,1.22,42.46,764.18,889.79,917.34,58.26,36.98,1.212,300.7,4.64,0.823,27.9,26.73,125.61,853.94,249.82
2015-01-01,Indonesia,China,8.26,36.72,725.49,862.03,844.31,55.31,27.36,1.146,305.2,4.11,0.15,16.6,33.4,136.54,854.82,216.58
2014-03-01,Indonesia,EU-27,10.71,37.29,690.01,804.32,843.87,57.16,25.82,1.017,228.5,5.3,0.272,15.4,42.24,114.3,833.76,136.98
2021-10-01,Indonesia,China,7.86,49.81,784.1,910.87,892.37,60.51,46.44,1.362,316.0,4.4,0.471,26.8,32.64,126.77,949.55,217.32
2019-07-01,Indonesia,USA,2.78,39.92,810.63,914.66,916.82,61.45,21.38,1.315,130.8,2.79,0.857,23.4,31.46,104.02,896.2,103.42
2022-05-01,Malaysia,Pakistan,16.07,36.39,791.69,924.7,864.44,55.54,32.07,1.387,137.0,5.85,0.684,27.6,39.14,133.01,998.42,125.54
2022-01-01,Indonesia,EU-27,3.8,38.07,759.96,931.32,948.19,67.63,37.07,1.308,204.1,4.66,0.143,27.1,30.15,171.36,866.84,172.39
2018-10-01,Indonesia,EU-27,10.69,34.14,780.75,902.08,939.0,61.63,25.67,1.158,187.5,5.95,0.525,22.2,29.02,121.33,930.45,148.62
2022-09-01,Malaysia,Pakistan,25.08,44.69,762.05,914.27,919.07,67.71,44.38,1.373,160.1,4.44,0.649,28.1,27.85,152.23,1064.55,110.54
2022-02-01,Indonesia,China,7.22,34.19,782.78,895.49,945.83,59.28,46.66,1.368,297.4,5.13,0.205,27.2,26.57,112.72,926.02,208.49
2022-04-01,Malaysia,EU-27,4.42,36.55,766.61,967.51,956.35,64.36,46.65,1.394,155.4,3.09,0.502,27.5,30.67,200.9,887.35,156.8
2023-04-01,Malaysia,India,17.26,49.32,797.66,956.01,911.54,68.42,25.01,1.386,285.4,6.04,0.532,29.0,17.44,158.35,1022.49,182.12
2019-02-01,Indonesia,USA,1.86,37.05,790.38,959.79,938.55,59.07,24.61,1.275,111.1,5.23,0.169,22.8,22.55,169.41,867.89,106.63
2024-01-01,Malaysia,EU-27,6.64,56.06,898.3,1043.15,1095.1,65.8,21.72,1.5,157.0,4.8,0.163,30.1,37.73,144.85,1040.86,135.23
2022-04-01,Malaysia,India,20.97,41.21,770.47,907.72,923.03,64.54,36.72,1.257,283.6,4.24,0.522,27.5,22.65,137.25,1026.33,181.43
2024-02-01,Indonesia,Pakistan,19.99,54.46,894.08,999.05,1123.35,64.54,26.73,1.5,180.1,3.57,0.198,30.2,33.87,104.97,1170.22,78.84
2014-03-01,Malaysia,China,9.39,37.02,686.45,819.64,860.94,52.33,28.57,0.99,249.6,5.68,0.362,15.4,32.77,133.18,822.64,176.85
2015-10-01,Indonesia,EU-27,2.62,33.81,758.06,906.93,920.0,51.22,26.7,1.099,207.8,5.46,0.476,17.8,31.52,148.87,839.99,177.69
2022-08-01,Indonesia,EU-27,10.57,40.17,785.69,923.44,932.75,57.78,31.95,1.361,230.3,6.01,0.809,28.0,34.24,137.75,948.47,167.6
2017-09-01,Malaysia,India,7.4,32.24,695.28,826.77,844.56,39.9,35.21,1.105,267.8,6.15,0.689,20.6,32.12,131.49,819.19,227.61
2019-09-01,Malaysia,China,6.96,42.05,818.12,939.34,1001.91,58.51,31.5,1.27,256.3,4.32,0.636,23.6,33.27,121.22,953.76,195.33
2014-08-01,Malaysia,EU-27,4.06,37.13,751.33,860.61,870.89,48.28,25.61,1.008,167.9,3.81,0.814,16.0,35.96,109.28,847.09,164.16
2024-11-01,Indonesia,EU-27,8.32,50.28,934.49,1070.99,1082.05,67.1,16.95,1.366,212.4,4.52,0.378,31.4,34.51,136.5,1085.1,140.88
2023-11-01,Indonesia,India,22.73,42.57,846.86,981.38,970.39,59.93,24.16,1.437,350.9,4.56,0.353,29.9,28.06,134.52,1121.22,197.34
2022-04-01,Indonesia,EU-27,5.14,37.06,770.77,921.86,941.72,61.38,37.84,1.435,227.0,5.55,0.485,27.5,25.92,151.09,889.1,177.89
2022-05-01,Indonesia,Pakistan,20.04,34.33,778.05,917.29,950.57,72.3,42.61,1.277,187.6,4.3,0.675,27.6,22.45,139.25,1026.35,114.02
2014-12-01,Malaysia,India,11.71,32.22,728.92,868.47,921.82,53.93,28.75,1.058,261.5,5.03,0.212,16.5,21.98,139.55,882.35,189.84
2021-08-01,Malaysia,USA,0.0,39.06,812.76,930.94,974.07,58.29,38.91,1.182,100.1,5.75,0.81,26.5,32.1,118.18,890.73,95.75
2019-01-01,Indonesia,India,17.46,38.26,774.23,880.44,940.61,60.64,30.83,1.2,317.4,4.68,0.148,22.6,28.71,106.22,990.57,210.0
2014-01-01,Malaysia,India,15.15,31.26,675.85,774.17,870.35,40.44,26.08,0.943,266.2,5.6,0.128,15.1,27.49,98.32,844.28,185.51
2014-11-01,Malaysia,USA,0.0,35.09,769.31,903.36,914.78,45.55,18.01,0.984,88.1,4.74,0.302,16.4,33.65,134.05,822.41,73.64
2021-07-01,Indonesia,EU-27,5.82,50.46,814.9,946.15,949.28,60.93,39.93,1.287,185.7,5.75,0.848,26.4,31.59,131.25,957.99,180.66
2014-01-01,Malaysia,Pakistan,16.69,30.02,699.43,800.57,801.66,48.27,23.63,1.058,182.1,4.21,0.161,15.1,29.81,101.14,878.76,82.83
2024-06-01,Indonesia,India,20.65,59.68,897.23,1046.73,1048.05,73.05,25.52,1.454,336.1,3.6,0.808,30.8,25.91,149.5,1185.32,238.56
2016-04-01,Malaysia,India,15.16,39.37,719.95,871.28,924.51,52.26,29.05,0.945,260.3,6.27,0.484,18.5,28.94,151.34,907.89,224.87
2014-09-01,Indonesia,USA,0.0,44.95,730.19,861.32,921.95,50.39,22.2,0.926,129.3,4.99,0.688,16.1,24.31,131.12,797.35,111.63
2017-04-01,Indonesia,EU-27,5.36,33.94,709.04,833.06,915.62,51.3,24.65,1.071,218.8,4.51,0.543,20.0,33.86,124.02,808.74,156.57
2022-01-01,Malaysia,USA,2.59,39.93,811.7,927.02,955.01,67.53,49.35,1.353,126.9,5.06,0.159,27.1,28.3,115.32,924.35,69.37
2017-02-01,Malaysia,Pakistan,19.79,33.08,705.01,876.0,857.16,48.73,12.0,1.179,171.7,6.02,0.179,19.8,32.55,170.99,898.53,109.16
2023-05-01,Malaysia,USA,0.66,50.29,843.06,982.72,981.46,69.75,18.72,1.338,115.0,3.55,0.695,29.1,35.1,139.66,918.08,95.99
2024-07-01,Malaysia,Pakistan,9.37,56.68,946.36,1067.27,1140.76,61.63,31.04,1.468,126.9,3.31,0.859,30.9,29.95,120.91,1130.93,142.37
2023-01-01,Indonesia,EU-27,6.07,43.11,807.0,929.77,994.01,59.38,21.38,1.447,191.9,5.23,0.18,28.6,32.97,122.77,924.36,133.73
2014-07-01,Indonesia,USA,3.24,40.98,716.19,860.01,860.46,45.82,26.51,1.058,151.1,4.4,0.857,15.9,28.07,143.83,809.09,119.19
2021-08-01,Malaysia,EU-27,7.25,36.57,782.53,928.87,951.5,60.15,38.51,1.377,190.0,4.42,0.791,26.5,34.91,146.34,919.79,165.4
2017-02-01,Malaysia,USA,1.7,32.3,724.51,905.63,904.23,57.22,21.42,1.035,112.7,4.05,0.213,19.8,24.38,181.12,791.5,105.51
2018-07-01,Malaysia,China,2.91,34.24,731.2,859.13,927.14,55.64,25.99,1.213,256.5,4.97,0.843,21.9,25.43,127.93,814.49,205.01
2019-04-01,Malaysia,USA,1.82,39.18,820.17,969.06,951.31,62.63,26.99,1.268,95.6,3.44,0.509,23.0,27.73,148.89,902.48,113.12
2023-04-01,Indonesia,Pakistan,13.38,48.01,855.9,963.37,968.61,64.09,22.87,1.438,186.1,5.44,0.507,29.0,27.98,107.48,1050.81,101.87
2014-08-01,Indonesia,India,17.7,32.1,736.84,828.51,921.74,51.84,27.42,0.984,333.6,3.8,0.801,16.0,23.11,91.67,937.3,232.64
2014-11-01,Malaysia,USA,0.0,38.09,718.0,848.12,886.93,43.15,26.65,0.991,119.6,5.1,0.335,16.4,31.95,130.12,782.74,77.44
2017-02-01,Indonesia,China,7.69,25.88,693.41,819.75,829.05,56.84,23.27,1.151,291.3,4.48,0.212,19.8,27.02,126.34,799.69,210.27
2020-07-01,Malaysia,EU-27,8.22,48.55,836.89,964.2,976.47,51.15,25.93,1.267,158.3,4.26,0.849,24.9,31.58,127.31,986.3,154.01
2021-09-01,Malaysia,China,9.74,36.4,759.71,876.4,934.23,72.78,38.73,1.303,243.8,7.76,0.694,26.6,32.96,116.69,916.16,210.69
2023-12-01,Indonesia,China,13.9,47.28,885.1,1017.12,1035.2,67.42,22.33,1.458,288.7,3.69,0.182,30.0,23.03,132.03,1087.41,178.64
2014-05-01,Indonesia,EU-27,5.95,26.33,716.85,867.29,886.26,41.34,18.71,0.983,206.2,4.38,0.639,15.6,33.88,150.44,807.2,175.97
2022-05-01,Indonesia,Pakistan,12.54,40.08,785.39,907.1,979.52,60.89,38.8,1.457,174.5,5.2,0.641,27.6,27.27,121.71,972.69,131.1
2018-01-01,Indonesia,China,2.31,26.06,722.98,796.77,887.69,62.46,20.19,1.101,313.0,4.53,0.191,21.1,28.13,73.79,786.97,195.95
2014-08-01,Indonesia,EU-27,10.07,43.1,757.79,831.56,910.85,51.92,27.05,1.121,227.1,5.45,0.783,16.0,30.76,73.77,911.3,158.99
2024-03-01,Indonesia,China,9.81,46.51,901.11,1018.61,1055.3,59.61,28.31,1.386,325.8,3.78,0.342,30.4,29.25,117.5,1071.66,203.25
2016-09-01,Malaysia,EU-27,4.92,35.93,719.59,841.56,849.09,49.83,30.84,1.108,183.5,4.37,0.657,19.1,26.44,121.97,825.05,117.8
2016-10-01,Malaysia,India,14.59,29.51,698.55,816.35,849.82,59.94,31.89,1.301,272.5,4.7,0.517,19.2,33.29,117.8,870.81,191.21
2024-02-01,Malaysia,Pakistan,19.22,52.86,887.17,1021.14,1040.13,69.08,25.03,1.456,150.7,5.52,0.209,30.2,28.29,133.97,1150.53,101.32
2022-01-01,Malaysia,India,16.9,37.3,801.28,945.22,959.02,59.19,38.09,1.488,271.4,4.98,0.141,27.1,25.32,143.95,1024.83,177.74
2022-06-01,Malaysia,India,17.95,37.92,780.77,911.99,945.41,69.59,43.73,1.306,276.5,5.86,0.812,27.8,27.17,131.22,1017.22,203.56
2018-03-01,Malaysia,EU-27,10.54,39.35,698.79,811.47,843.26,65.26,34.3,1.269,179.3,3.69,0.29,21.4,27.55,112.67,853.86,114.72
2019-10-01,Indonesia,USA,2.59,45.88,879.45,1003.34,1013.43,59.36,26.51,1.5,139.3,5.77,0.481,23.8,23.21,123.89,976.45,102.13
2020-08-01,Malaysia,China,9.45,47.21,866.72,1013.1,1079.5,47.31,23.52,1.372,242.5,6.24,0.785,25.0,20.42,146.37,1026.09,199.5
2019-07-01,Malaysia,China,6.59,46.77,836.35,958.24,991.81,61.24,28.45,1.188,247.9,4.72,0.851,23.4,27.35,121.89,971.64,204.03
2019-03-01,Malaysia,USA,0.0,49.37,803.67,963.11,993.26,50.86,26.72,1.23,121.0,5.87,0.324,22.9,28.61,159.45,879.77,81.28
2023-02-01,Indonesia,China,8.24,46.95,812.57,928.27,956.9,62.12,30.66,1.405,307.2,5.22,0.224,28.8,33.36,115.69,963.5,219.88
2019-10-01,Malaysia,China,11.93,49.67,780.79,892.55,907.68,57.7,29.6,1.255,239.8,6.32,0.47,23.8,31.98,111.76,962.67,194.8
2021-05-01,Malaysia,India,17.13,32.52,796.28,908.15,944.69,58.81,42.64,1.338,261.6,6.0,0.692,26.1,29.67,111.87,1020.69,216.43
2021-06-01,Malaysia,EU-27,8.86,45.78,817.7,960.14,978.75,49.46,45.07,1.258,184.7,5.39,0.735,26.2,29.51,142.44,989.04,148.92
2023-03-01,Malaysia,Pakistan,20.22,39.97,800.72,939.77,965.54,59.92,23.12,1.331,139.4,3.4,0.331,28.9,33.02,139.05,1038.48,88.21
2024-11-01,Malaysia,China,5.91,50.03,910.86,1036.21,1063.59,68.96,32.27,1.413,246.6,5.3,0.306,31.4,33.06,125.34,1051.91,172.09
2022-10-01,Malaysia,China,9.41,34.09,801.84,899.22,953.16,65.16,36.14,1.374,230.7,2.76,0.519,28.2,37.55,97.39,954.1,182.2
2016-11-01,Malaysia,China,14.0,38.67,710.07,846.62,861.39,51.07,30.7,1.103,214.4,5.82,0.332,19.4,30.91,136.56,888.53,177.12
2020-06-01,Malaysia,China,3.96,43.74,836.25,968.72,978.06,58.32,34.57,1.327,242.6,5.34,0.831,24.8,26.4,132.47,950.79,219.24
2023-08-01,Malaysia,EU-27,6.55,45.61,858.22,999.85,1046.59,66.67,26.03,1.445,204.9,5.22,0.779,29.5,31.16,141.64,990.78,153.15
2017-10-01,Malaysia,India,18.36,31.44,684.3,791.29,838.6,53.9,25.29,1.242,290.5,5.47,0.518,20.8,34.65,106.99,877.04,198.57
2021-01-01,Malaysia,Pakistan,17.81,29.4,788.37,907.47,985.46,61.06,37.51,1.201,150.3,4.54,0.157,25.6,36.95,119.11,1007.57,97.83
2016-05-01,Indonesia,China,7.85,39.62,736.13,851.24,880.98,43.45,25.33,1.172,316.7,5.52,0.715,18.6,35.18,115.11,863.98,229.39
2024-01-01,Indonesia,USA,0.23,42.42,896.24,1034.32,1030.64,70.3,22.31,1.443,134.2,4.33,0.114,30.1,26.82,138.08,963.18,81.3
2019-02-01,Malaysia,Pakistan,13.07,45.62,798.43,950.18,972.14,48.95,28.23,1.274,173.4,6.13,0.163,22.8,28.19,151.75,986.32,103.86
2018-08-01,Indonesia,India,12.45,39.28,756.57,884.56,890.65,59.07,26.39,1.239,344.7,5.2,0.817,22.0,20.3,127.99,924.64,252.99
2022-02-01,Indonesia,USA,0.0,44.69,777.25,932.57,934.26,58.98,39.66,1.371,129.8,5.81,0.207,27.2,24.06,155.32,861.61,95.99
2015-03-01,Malaysia,EU-27,7.62,32.14,748.01,859.31,891.47,54.96,24.81,1.066,139.5,4.75,0.32,16.9,28.83,111.3,866.34,135.13
2014-05-01,Indonesia,India,16.71,36.41,695.57,827.75,837.73,48.76,31.04,1.108,338.7,4.64,0.662,15.6,34.29,132.19,890.48,231.17
2023-05-01,Indonesia,Pakistan,23.4,47.18,864.41,1001.23,1024.74,72.71,27.73,1.368,191.8,5.35,0.675,29.1,26.88,136.82,1159.1,113.95
2020-04-01,Indonesia,India,26.22,36.2,862.19,1020.06,1010.62,71.43,21.7,1.293,327.3,5.52,0.513,24.5,22.51,157.88,1161.36,227.67
2015-02-01,Malaysia,Pakistan,14.51,33.4,773.86,912.51,940.83,49.26,24.63,1.075,179.6,5.06,0.17,16.8,29.8,138.65,952.65,87.92
2014-01-01,Malaysia,China,4.09,27.09,686.31,830.32,871.86,44.76,25.61,0.918,244.6,4.15,0.15,15.1,27.45,144.01,769.26,194.27
2017-10-01,Indonesia,Pakistan,21.58,34.48,700.43,826.85,859.12,47.92,21.8,1.153,199.7,6.35,0.511,20.8,33.34,126.41,920.03,119.91
2023-09-01,Indonesia,Pakistan,17.04,47.89,896.37,1005.57,1035.38,66.17,32.36,1.435,175.9,5.78,0.661,29.6,29.45,109.21,1143.05,111.23
2022-05-01,Indonesia,India,18.77,37.84,803.62,920.82,934.49,68.37,42.43,1.416,324.1,6.6,0.665,27.6,22.03,117.2,1049.76,231.66
2024-02-01,Malaysia,EU-27,3.55,46.3,874.62,1043.49,974.66,58.76,24.84,1.425,165.3,4.58,0.185,30.2,33.41,168.88,979.29,150.65
2023-07-01,Indonesia,China,10.62,49.54,837.1,990.07,1000.01,64.1,20.48,1.47,287.1,6.08,0.831,29.4,29.83,152.97,1003.48,234.83
2022-08-01,Malaysia,EU-27,0.82,33.53,749.44,866.11,865.87,67.15,43.03,1.428,181.7,4.39,0.829,28.0,25.86,116.66,832.75,133.84
2014-08-01,Indonesia,Pakistan,13.2,34.05,734.05,880.92,902.73,49.08,24.16,1.144,187.2,5.83,0.807,16.0,29.64,146.87,896.82,141.62
2023-08-01,Indonesia,EU-27,10.45,41.98,863.41,978.15,982.75,61.49,26.06,1.472,217.5,4.13,0.814,29.5,27.62,114.74,1028.78,153.85
2020-03-01,Malaysia,EU-27,6.93,51.4,851.57,1033.78,992.01,59.04,30.42,1.321,173.0,5.48,0.333,24.4,29.7,182.2,998.08,162.8
2022-07-01,Malaysia,EU-27,8.28,40.45,787.91,882.92,911.54,63.6,41.18,1.432,158.5,4.37,0.827,27.9,28.32,95.0,941.54,141.35
2017-10-01,Indonesia,Pakistan,16.95,32.77,722.86,842.68,880.9,54.07,28.78,1.192,179.3,5.58,0.529,20.8,35.88,119.82,917.34,125.82
2024-08-01,Indonesia,USA,0.0,47.11,909.79,1037.92,1001.6,63.05,23.88,1.5,135.4,6.07,0.798,31.0,22.4,128.13,980.78,93.09
2020-07-01,Indonesia,Pakistan,22.29,47.51,849.33,986.19,1027.9,62.0,30.08,1.358,180.3,4.35,0.845,24.9,40.79,136.86,1133.55,122.87
2019-08-01,Indonesia,India,15.31,45.14,838.2,972.67,976.45,59.02,24.71,1.191,331.5,4.43,0.801,23.5,24.75,134.46,1047.06,246.09
2014-04-01,Indonesia,Pakistan,20.24,32.4,727.99,840.82,911.57,48.29,18.13,0.9,223.5,4.2,0.522,15.5,23.51,112.83,936.1,116.27
2014-08-01,Malaysia,EU-27,3.36,37.89,740.19,920.31,868.29,48.29,27.19,1.115,167.8,4.55,0.808,16.0,21.02,180.12,832.35,188.11
2015-02-01,Malaysia,USA,0.0,47.42,818.47,961.79,988.09,50.63,20.37,0.97,104.1,5.32,0.172,16.8,33.37,143.32,886.27,98.94
2019-05-01,Malaysia,India,16.33,37.79,816.77,977.63,975.87,53.65,25.68,1.28,294.6,5.88,0.676,23.1,26.54,160.86,1023.95,215.86
2022-06-01,Malaysia,USA,0.66,35.9,779.22,913.05,1002.49,66.62,40.35,1.474,107.6,3.51,0.786,27.8,23.22,133.84,861.12,91.3
2019-01-01,Indonesia,Pakistan,18.67,46.11,768.57,904.99,916.98,55.64,22.17,1.257,170.6,2.97,0.156,22.6,30.78,136.42,993.12,85.24
2015-12-01,Indonesia,Pakistan,23.02,44.49,752.08,913.65,865.98,50.34,16.8,1.065,194.2,5.53,0.219,18.0,21.31,161.57,1000.57,117.76
2015-06-01,Indonesia,India,16.49,39.45,762.41,917.84,842.97,46.95,31.19,1.156,344.5,3.11,0.8,17.2,33.2,155.43,970.4,238.77
2022-06-01,Indonesia,Pakistan,18.47,38.43,784.53,908.98,901.34,71.9,43.73,1.274,213.0,5.41,0.847,27.8,33.17,124.45,1026.74,132.79
2014-04-01,Indonesia,Pakistan,20.24,31.08,698.22,834.48,779.51,54.15,27.12,0.911,177.7,6.47,0.477,15.5,30.05,136.26,909.5,121.69
2019-03-01,Malaysia,USA,6.66,48.47,786.09,929.61,965.78,55.09,26.17,1.208,92.2,3.72,0.287,22.9,32.96,143.52,918.02,92.99
2016-07-01,Indonesia,USA,0.0,40.82,705.0,859.54,867.2,57.02,23.95,0.989,117.3,4.92,0.855,18.9,30.78,154.54,769.77,149.59
2022-09-01,Malaysia,USA,0.16,35.8,772.21,894.62,884.94,71.78,38.92,1.427,119.9,4.22,0.689,28.1,29.93,122.41,848.26,85.76
2022-10-01,Malaysia,USA,8.29,40.88,783.39,929.25,930.62,68.9,44.83,1.474,104.4,4.34,0.474,28.2,35.73,145.86,941.12,75.42
2017-12-01,Indonesia,EU-27,8.86,35.91,694.17,860.19,898.76,50.82,29.17,1.264,182.6,5.38,0.211,21.0,27.59,166.02,826.54,163.34
2014-04-01,Indonesia,Pakistan,11.32,39.38,731.37,851.61,895.89,42.14,34.0,1.018,214.1,3.42,0.482,15.5,32.46,120.24,895.86,125.29
2023-11-01,Indonesia,USA,0.24,47.99,885.18,1006.3,1036.24,66.78,33.22,1.473,138.4,3.58,0.371,29.9,34.4,121.12,968.67,81.16
2015-11-01,Malaysia,USA,0.0,40.24,778.75,920.74,880.1,47.97,28.51,1.012,109.4,6.5,0.326,17.9,26.53,141.99,847.5,94.78
2024-04-01,Malaysia,Pakistan,18.68,45.03,924.65,1046.45,1141.96,72.08,25.61,1.45,152.9,4.26,0.497,30.5,17.99,121.8,1181.16,92.36
2018-05-01,Indonesia,EU-27,4.04,37.95,761.44,920.53,946.63,49.65,25.31,1.233,184.1,4.76,0.686,21.6,34.34,159.09,858.03,178.91
2016-05-01,Indonesia,EU-27,4.47,29.11,729.76,850.45,857.61,53.69,27.41,1.104,205.4,4.87,0.686,18.6,23.45,120.68,821.41,158.06
2018-11-01,Indonesia,EU-27,6.27,36.54,801.02,897.37,920.99,59.66,26.04,1.285,187.7,6.55,0.336,22.4,32.96,96.35,917.78,141.49
2023-03-01,Indonesia,USA,4.83,43.08,816.46,932.51,977.35,65.13,25.14,1.362,154.0,4.88,0.33,28.9,38.55,116.05,927.37,90.25
2018-02-01,Indonesia,EU-27,0.11,26.03,688.17,809.91,868.0,55.67,27.7,1.26,216.5,5.57,0.249,21.2,32.64,121.74,742.68,142.07
2016-03-01,Malaysia,India,10.27,27.89,704.76,832.49,842.29,45.16,19.83,1.062,280.1,3.3,0.324,18.4,30.99,127.73,829.75,195.5
2023-09-01,Indonesia,Pakistan,18.27,47.66,876.55,1003.19,1028.02,70.28,25.43,1.5,178.4,2.63,0.67,29.6,31.89,126.64,1123.14,112.33
2023-08-01,Malaysia,China,10.2,45.57,834.2,971.77,1000.81,66.13,22.88,1.407,249.4,4.72,0.79,29.5,26.55,137.56,994.73,200.38
2019-10-01,Indonesia,China,9.58,43.43,812.92,929.4,985.65,64.26,24.67,1.264,316.0,4.45,0.513,23.8,27.36,116.48,965.43,222.19
2019-12-01,Malaysia,Pakistan,16.43,49.35,876.8,949.99,1047.9,61.15,26.96,1.296,171.3,5.63,0.196,24.0,29.06,73.2,1109.72,79.46
2014-10-01,Indonesia,EU-27,3.65,39.5,736.16,883.01,912.08,48.58,30.27,0.962,218.1,5.09,0.498,16.2,28.68,146.85,835.34,176.72
2021-06-01,Malaysia,EU-27,3.47,41.09,781.85,901.76,891.63,56.91,43.35,1.401,194.4,3.81,0.786,26.2,24.54,119.91,896.39,155.62
2023-07-01,Malaysia,USA,0.0,48.7,856.61,986.44,1022.24,58.13,17.31,1.5,119.8,3.66,0.849,29.4,32.38,129.84,922.63,97.34
2020-09-01,Malaysia,USA,1.87,47.32,836.61,963.05,1008.97,63.76,25.63,1.415,118.8,6.28,0.696,25.1,27.91,126.44,926.56,91.37
2017-11-01,Indonesia,China,8.17,34.57,708.27,819.15,811.75,56.47,23.9,1.182,289.6,6.3,0.321,20.9,34.3,110.89,829.36,225.34
2023-03-01,Malaysia,USA,0.0,52.07,828.25,976.41,991.95,71.44,25.36,1.364,116.6,3.7,0.315,28.9,28.62,148.15,905.68,91.14
2022-07-01,Indonesia,India,17.79,42.06,797.72,937.45,1006.75,57.42,50.85,1.332,323.3,5.36,0.869,27.9,30.04,139.72,1049.02,250.3
2020-07-01,Malaysia,China,8.2,51.97,858.33,1024.1,984.44,48.37,23.72,1.331,231.3,4.51,0.834,24.9,29.24,165.77,1010.59,217.28
2021-05-01,Indonesia,Pakistan,19.43,41.76,814.1,983.94,933.55,54.26,34.64,1.268,199.0,5.75,0.69,26.1,30.5,169.84,1063.57,136.98
2019-04-01,Indonesia,China,1.92,36.73,812.36,920.78,990.8,57.83,24.34,1.257,299.1,4.1,0.525,23.0,33.75,108.41,890.19,210.14
2018-04-01,Malaysia,Pakistan,15.96,34.56,696.57,804.53,838.72,59.8,30.44,1.215,151.0,3.5,0.51,21.5,26.15,107.96,883.14,93.01
2017-10-01,Indonesia,USA,3.45,31.41,694.7,824.43,812.71,45.92,22.46,1.05,134.4,4.53,0.486,20.8,26.33,129.73,774.39,102.23
2020-08-01,Malaysia,Pakistan,14.99,42.63,838.66,987.55,967.31,64.56,24.35,1.343,145.3,3.45,0.788,25.0,23.67,148.9,1041.38,110.17
2023-05-01,Malaysia,India,19.45,43.02,796.43,928.44,942.86,68.48,21.96,1.398,251.5,5.96,0.702,29.1,32.22,132.01,1028.99,198.06
2017-11-01,Indonesia,China,6.5,34.05,710.66,830.58,912.16,53.11,24.43,1.173,311.6,4.93,0.313,20.9,26.73,119.92,819.13,210.22
2015-07-01,Malaysia,China,12.2,41.36,780.97,892.78,964.26,52.5,28.27,1.141,273.7,5.87,0.859,17.4,23.26,111.81,954.38,173.14
2023-10-01,Malaysia,USA,2.12,44.21,866.49,980.77,997.52,65.29,29.58,1.449,111.0,6.67,0.504,29.8,29.73,114.28,960.23,95.42
2019-09-01,Indonesia,India,15.9,41.34,820.99,983.62,1015.37,54.77,29.86,1.246,303.6,5.37,0.696,23.6,37.91,162.63,1034.06,241.39
2020-09-01,Malaysia,USA,2.93,44.25,855.38,978.11,1011.8,56.42,17.86,1.302,92.6,4.54,0.682,25.1,26.71,122.73,944.37,82.31
2023-05-01,Malaysia,India,15.37,46.27,844.83,968.73,1036.16,74.72,27.38,1.5,260.0,5.81,0.676,29.1,20.79,123.9,1059.64,205.66
2022-06-01,Indonesia,India,20.93,46.02,790.25,906.9,963.93,58.29,42.65,1.434,328.7,4.92,0.806,27.8,27.34,116.64,1062.9,243.76
2019-12-01,Malaysia,India,19.46,43.46,868.34,967.33,1011.69,56.71,27.03,1.212,258.9,4.57,0.195,24.0,28.6,98.98,1121.55,164.04
2023-07-01,Malaysia,Pakistan,9.63,53.85,871.13,1024.76,983.05,75.64,19.28,1.431,149.9,6.33,0.865,29.4,28.56,153.63,1035.16,146.37
2018-04-01,Malaysia,EU-27,2.36,33.54,714.06,849.04,851.29,44.14,21.69,1.208,164.9,4.76,0.543,21.5,36.14,134.98,787.46,145.69
2019-05-01,Indonesia,USA,0.0,38.38,847.9,992.26,1013.36,55.49,17.48,1.244,156.5,3.82,0.663,23.1,30.31,144.37,903.76,111.01
2019-05-01,Malaysia,USA,1.16,37.27,797.19,924.76,992.85,66.91,29.49,1.214,89.6,6.75,0.675,23.1,32.76,127.56,873.94,104.51
2014-02-01,Indonesia,EU-27,4.9,36.95,704.45,831.17,831.96,44.58,21.88,0.916,182.9,5.23,0.21,15.2,27.3,126.72,800.65,147.75
2015-06-01,Indonesia,USA,0.0,42.01,773.73,900.42,934.18,51.86,26.66,1.028,127.8,3.42,0.819,17.2,30.95,126.69,842.4,111.52
2016-12-01,Malaysia,EU-27,5.39,36.24,697.63,800.97,856.48,51.22,21.42,1.019,162.5,5.68,0.204,19.5,27.99,103.34,795.98,136.24
2017-05-01,Malaysia,Pakistan,12.6,36.35,706.89,852.88,837.62,52.43,19.82,1.14,153.6,2.76,0.681,20.1,33.39,145.99,859.18,104.71
2021-05-01,Indonesia,USA,0.0,35.89,801.71,934.27,941.91,68.14,35.35,1.278,126.3,5.68,0.691,26.1,34.48,132.55,872.96,109.96
2017-03-01,Malaysia,Pakistan,13.87,32.81,699.23,863.79,814.35,46.66,25.68,1.254,163.3,5.02,0.314,19.9,29.27,164.56,862.78,114.03
2019-05-01,Malaysia,EU-27,6.18,43.44,812.73,968.41,987.67,54.76,25.23,1.181,178.6,5.89,0.708,23.1,35.77,155.68,935.83,160.93
2016-05-01,Malaysia,Pakistan,16.39,36.75,750.34,859.97,876.99,56.99,27.22,1.162,170.6,6.27,0.662,18.6,35.97,109.63,947.81,121.82
2023-08-01,Malaysia,China,6.77,41.67,863.7,998.05,1028.31,66.3,29.93,1.5,223.5,5.5,0.811,29.5,27.37,134.35,998.65,210.42
2020-08-01,Indonesia,EU-27,9.01,42.15,845.74,962.5,979.19,58.17,22.84,1.237,205.9,5.81,0.8,25.0,30.01,116.77,992.77,168.41
2015-10-01,Indonesia,India,14.24,37.22,744.88,895.63,887.84,62.97,24.42,1.075,331.0,5.38,0.496,17.8,33.03,150.75,921.34,227.86
2021-09-01,Malaysia,Pakistan,12.98,40.39,781.62,871.28,956.68,54.61,48.17,1.349,164.9,3.32,0.658,26.6,26.52,89.66,983.11,96.74
2014-07-01,Malaysia,EU-27,5.45,37.06,746.63,834.69,872.25,47.72,22.63,1.104,189.6,5.91,0.881,15.9,25.08,88.06,850.27,144.64
2024-02-01,Malaysia,Pakistan,17.15,52.17,923.24,1047.6,1028.74,60.25,23.21,1.323,171.0,3.65,0.225,30.2,25.0,124.36,1169.91,81.17
2016-05-01,Indonesia,Pakistan,12.15,39.52,711.49,837.98,864.51,52.6,32.19,1.123,186.7,5.91,0.686,18.6,29.99,126.49,878.33,138.0
2015-03-01,Indonesia,Pakistan,16.56,47.57,798.49,912.14,956.31,53.01,29.45,0.939,197.2,6.57,0.31,16.9,23.11,113.65,1020.51,118.83
2014-09-01,Indonesia,China,4.98,31.31,738.44,904.9,890.55,50.43,19.63,1.133,276.0,6.42,0.655,16.1,23.86,166.46,828.69,269.42
2023-01-01,Malaysia,China,5.08,41.18,830.75,954.12,993.59,66.97,31.52,1.345,239.8,4.64,0.146,28.6,25.56,123.38,949.31,173.08
2016-01-01,Indonesia,EU-27,1.54,42.64,706.38,833.31,872.9,50.11,20.51,1.096,210.2,7.15,0.131,18.1,30.23,126.93,781.36,151.39
2015-12-01,Indonesia,USA,0.0,36.62,747.53,895.15,884.63,48.68,26.7,1.184,150.3,4.61,0.247,18.0,32.54,147.63,810.85,102.21
2020-06-01,Indonesia,Pakistan,19.35,51.47,857.63,975.52,998.09,53.21,30.11,1.315,197.7,3.17,0.795,24.8,27.49,117.88,1120.91,132.34
2024-08-01,Malaysia,USA,0.0,52.22,923.28,1067.52,996.49,67.86,21.37,1.472,113.1,4.44,0.815,31.0,30.32,144.24,996.87,119.85
2022-03-01,Indonesia,EU-27,6.63,31.79,793.08,914.49,913.13,62.97,37.09,1.456,204.4,2.34,0.357,27.4,25.54,121.41,919.13,128.44
2020-03-01,Malaysia,China,5.11,40.17,834.69,971.7,993.69,64.09,26.97,1.246,249.1,5.05,0.307,24.4,31.42,137.01,947.94,179.19
2023-04-01,Malaysia,USA,2.53,46.41,796.52,985.66,933.24,61.44,29.38,1.378,108.5,4.8,0.494,29.0,30.82,189.13,894.39,115.18
2017-12-01,Indonesia,India,17.76,42.85,688.18,855.33,868.53,57.29,23.87,1.193,331.4,4.02,0.189,21.0,31.45,167.14,889.0,245.63
2015-11-01,Indonesia,India,19.55,37.49,728.55,889.47,875.48,52.45,20.8,0.986,307.4,3.92,0.317,17.9,34.45,160.92,940.65,245.87
2019-06-01,Indonesia,USA,0.0,50.22,833.55,976.72,1023.34,53.59,21.7,1.168,135.5,4.75,0.806,23.2,32.69,143.18,905.47,132.31
2020-08-01,Malaysia,EU-27,9.21,48.81,836.41,984.7,1009.65,59.19,23.67,1.465,164.7,2.85,0.777,25.0,35.98,148.29,992.6,148.26
2017-09-01,Indonesia,EU-27,8.7,36.72,697.85,842.08,845.18,45.22,20.82,1.089,220.4,5.92,0.622,20.6,32.2,144.22,821.13,164.18
2021-12-01,Malaysia,India,18.78,37.07,779.8,916.26,921.15,68.07,29.33,1.303,270.7,4.86,0.174,27.0,19.26,136.46,1005.16,197.8
2021-10-01,Malaysia,India,22.4,40.82,788.31,960.63,939.25,55.47,39.36,1.275,280.1,4.96,0.502,26.8,34.69,172.32,1063.04,208.65
2024-08-01,Malaysia,Pakistan,12.94,56.19,930.77,1061.42,1150.48,74.15,22.13,1.5,156.2,4.26,0.813,31.0,25.75,130.65,1139.68,117.04
2021-06-01,Malaysia,India,13.43,46.92,812.93,924.98,906.05,58.87,44.16,1.3,294.8,3.96,0.797,26.2,24.58,112.05,1025.43,190.61
2019-11-01,Indonesia,China,9.02,36.99,847.52,963.63,1011.1,50.04,20.92,1.353,308.8,3.53,0.325,23.9,28.83,116.1,987.08,204.38
2017-05-01,Malaysia,EU-27,0.0,23.73,655.71,790.84,809.11,55.71,26.46,1.144,188.2,5.1,0.699,20.1,35.64,135.13,705.9,154.06
2022-01-01,Malaysia,USA,1.89,47.62,774.87,894.66,963.02,59.99,42.12,1.385,134.9,4.97,0.142,27.1,38.3,119.79,880.92,63.92
2015-01-01,Malaysia,Pakistan,16.34,39.41,742.51,899.44,909.31,59.64,25.27,1.022,155.0,5.8,0.123,16.6,30.32,156.93,939.1,84.84
2018-08-01,Indonesia,USA,0.0,35.87,758.9,902.81,912.42,64.11,30.95,1.186,126.8,5.18,0.8,22.0,28.44,143.91,825.72,126.77
2022-10-01,Indonesia,Pakistan,16.96,36.11,780.3,903.76,940.23,71.21,47.68,1.411,187.0,4.87,0.475,28.2,29.77,123.47,1010.62,124.81
2020-03-01,Indonesia,EU-27,7.62,54.77,867.45,998.52,992.2,61.31,23.46,1.291,213.3,5.11,0.351,24.4,26.09,131.06,1017.79,144.4
2020-07-01,Indonesia,Pakistan,16.61,49.53,865.2,999.54,1057.2,56.64,23.23,1.209,175.4,4.6,0.859,24.9,28.31,134.34,1093.81,125.51
2019-01-01,Malaysia,USA,0.85,41.06,797.54,902.37,953.27,56.11,23.94,1.153,86.3,4.43,0.1,22.6,22.84,104.83,869.84,72.47
2019-06-01,Indonesia,China,9.12,42.54,811.68,952.21,979.04,59.83,31.06,1.355,297.5,4.75,0.798,23.2,27.53,140.52,965.98,237.81
2014-06-01,Malaysia,USA,0.0,35.96,719.19,853.91,880.64,33.14,28.94,1.131,110.7,3.32,0.814,15.8,29.44,134.72,784.09,112.42
2014-04-01,Malaysia,China,4.28,31.33,707.16,843.76,892.21,52.73,32.56,1.059,225.1,4.62,0.462,15.5,35.39,136.59,804.08,199.96
2018-04-01,Indonesia,USA,7.36,31.04,721.24,833.7,878.3,58.43,31.3,1.168,124.8,4.56,0.54,21.5,20.19,112.46,841.24,99.42
2020-07-01,Malaysia,China,8.95,43.74,889.0,1046.82,1041.3,58.73,25.27,1.197,234.9,5.7,0.866,24.9,32.06,157.83,1043.74,212.26
2018-05-01,Indonesia,India,18.69,36.66,699.69,837.35,807.46,61.89,27.21,1.228,347.9,6.18,0.686,21.6,33.25,137.67,906.3,243.12
2017-01-01,Indonesia,India,16.18,23.6,688.48,814.09,878.97,57.33,23.9,1.288,320.4,4.88,0.148,19.6,22.76,125.61,855.09,211.51
2014-04-01,Malaysia,India,12.36,36.38,680.45,793.58,882.83,52.67,17.17,1.008,287.9,3.48,0.514,15.5,31.28,113.12,824.74,181.81
2018-04-01,Malaysia,China,8.69,31.51,723.05,856.37,845.29,66.21,20.15,1.318,261.7,5.3,0.463,21.5,31.99,133.32,842.01,185.27
2019-07-01,Indonesia,EU-27,2.05,47.9,816.92,915.04,920.35,53.5,22.37,1.268,199.0,5.79,0.864,23.4,30.26,98.11,905.35,175.95
2019-10-01,Malaysia,Pakistan,17.44,30.29,811.74,944.42,948.74,70.44,33.36,1.293,180.2,5.08,0.503,23.8,25.83,132.68,1028.05,106.61
2023-05-01,Malaysia,USA,0.0,51.5,851.56,954.46,1051.53,70.55,20.53,1.449,123.6,4.26,0.675,29.1,32.52,102.91,923.59,88.65
2021-11-01,Malaysia,EU-27,4.69,33.99,793.55,900.79,911.27,53.85,35.33,1.435,188.0,6.29,0.296,26.9,24.99,107.24,903.34,113.38
2014-01-01,Malaysia,EU-27,0.0,25.09,716.97,860.77,863.82,51.02,27.04,1.005,202.6,3.42,0.157,15.1,33.48,143.8,769.09,134.2
2016-08-01,Indonesia,Pakistan,21.23,33.86,730.22,846.3,903.52,55.61,21.26,1.077,173.6,4.24,0.796,19.0,25.44,116.09,952.06,134.08
2023-10-01,Indonesia,Pakistan,16.34,50.77,847.62,989.66,995.32,61.03,23.35,1.38,167.0,4.12,0.517,29.8,26.35,142.04,1072.3,120.84
2017-08-01,Malaysia,India,13.95,29.79,670.37,771.28,854.75,52.54,29.05,1.14,277.4,5.43,0.809,20.5,32.26,100.91,830.93,205.14
2021-04-01,Malaysia,EU-27,8.12,40.96,781.15,895.87,957.63,58.15,35.83,1.325,184.1,1.92,0.518,26.0,22.67,114.72,927.56,120.04
2017-10-01,Malaysia,Pakistan,11.41,43.87,726.42,855.95,882.49,49.45,33.13,1.203,130.2,4.37,0.506,20.8,28.86,129.53,895.11,99.95
2021-03-01,Indonesia,Pakistan,15.05,45.27,843.78,957.26,994.2,58.85,42.58,1.427,181.4,5.86,0.35,25.9,25.08,113.48,1071.83,116.49
2021-03-01,Indonesia,India,15.72,38.68,782.47,912.38,915.72,56.73,36.7,1.279,355.9,4.77,0.322,25.9,34.03,129.92,992.67,216.03
2017-08-01,Malaysia,Pakistan,12.64,35.72,699.78,824.23,808.73,49.06,21.7,1.176,154.6,4.5,0.818,20.5,38.49,124.44,852.92,113.62
2023-12-01,Indonesia,EU-27,11.81,53.32,900.48,1043.58,999.76,72.19,29.72,1.5,217.6,5.61,0.164,30.0,42.46,143.1,1099.65,130.74
2021-07-01,Malaysia,China,11.37,51.78,809.93,954.52,933.03,70.12,46.7,1.338,240.2,2.57,0.853,26.4,29.8,144.59,1011.73,184.33
2015-05-01,Indonesia,Pakistan,22.53,32.82,764.5,865.39,870.23,44.63,22.85,1.072,166.2,3.93,0.689,17.1,27.81,100.89,1004.94,128.4
2014-09-01,Indonesia,India,16.75,41.0,708.45,819.26,855.15,54.61,23.19,0.923,339.9,5.25,0.672,16.1,27.47,110.81,902.09,241.76
2021-10-01,Malaysia,China,18.43,51.42,789.72,937.19,948.13,59.93,37.03,1.314,236.4,6.19,0.518,26.8,33.71,147.47,1039.99,179.04
2022-06-01,Malaysia,USA,1.12,46.49,793.89,925.11,946.61,55.58,43.52,1.439,96.8,5.48,0.773,27.8,29.08,131.22,893.83,96.38
2023-04-01,Malaysia,EU-27,4.49,41.05,816.03,953.36,979.57,61.09,26.57,1.48,171.8,5.37,0.472,29.0,34.45,137.33,923.34,133.89
2016-12-01,Malaysia,Pakistan,17.01,45.41,687.69,852.46,836.77,49.62,31.41,1.132,176.7,7.08,0.189,19.5,30.82,164.77,894.52,104.11
2023-01-01,Malaysia,USA,5.09,40.78,807.64,934.74,959.24,52.34,26.7,1.42,102.0,4.9,0.13,28.6,29.53,127.11,919.66,71.51
2019-09-01,Indonesia,China,11.06,40.65,829.31,1008.52,1002.87,49.17,31.25,1.242,280.4,5.14,0.669,23.6,32.12,179.2,1000.88,239.47
2015-11-01,Malaysia,Pakistan,13.86,37.73,763.49,897.38,910.03,50.18,29.44,1.18,169.8,5.11,0.327,17.9,31.2,133.89,945.78,101.29
2021-08-01,Indonesia,Pakistan,21.3,47.8,779.01,890.31,906.97,58.43,40.01,1.353,198.6,3.91,0.806,26.5,39.92,111.3,1051.47,121.86
2018-10-01,Malaysia,China,9.79,47.81,750.7,854.17,862.49,57.26,23.37,1.259,237.3,3.94,0.509,22.2,35.12,103.47,902.36,174.42
2020-12-01,Malaysia,EU-27,10.72,37.68,800.29,947.52,965.25,63.73,29.03,1.363,175.3,4.88,0.206,25.5,33.13,147.23,959.94,106.01
2015-03-01,Indonesia,EU-27,4.97,38.59,771.04,927.63,901.64,49.44,22.72,0.98,227.2,2.16,0.335,16.9,31.42,156.59,873.69,166.54
2019-07-01,Malaysia,India,20.84,39.86,821.77,964.63,979.47,56.42,22.34,1.222,269.8,4.47,0.841,23.4,34.52,142.86,1068.18,217.22
2015-07-01,Malaysia,USA,0.0,35.83,724.59,844.25,865.92,49.23,26.61,1.05,99.4,5.05,0.89,17.4,23.78,119.65,787.04,105.65
2016-10-01,Indonesia,USA,0.0,33.02,712.54,835.48,877.66,52.59,30.87,1.151,109.1,6.31,0.509,19.2,33.2,122.93,776.44,116.65
2017-05-01,Indonesia,USA,0.0,31.3,672.24,780.71,837.87,62.09,26.94,1.122,130.1,3.77,0.681,20.1,30.86,108.47,730.48,100.78
2022-08-01,Indonesia,Pakistan,13.77,33.96,779.33,908.48,925.03,67.53,39.33,1.447,187.4,5.81,0.798,28.0,38.08,129.15,970.01,138.15
2014-06-01,Indonesia,Pakistan,14.65,31.8,741.71,847.66,861.48,51.87,29.56,0.993,198.6,5.4,0.804,15.8,34.36,105.94,920.69,134.99
2024-02-01,Indonesia,China,14.06,50.71,911.95,1038.7,1043.19,68.09,23.25,1.454,294.1,5.9,0.188,30.2,32.44,126.75,1124.55,196.58
2021-03-01,Malaysia,India,16.96,43.66,799.43,925.24,916.09,56.15,45.63,1.348,274.8,4.87,0.318,25.9,29.52,125.81,1039.5,188.82
2022-07-01,Malaysia,USA,0.0,45.37,797.26,946.71,941.31,59.18,43.69,1.346,107.0,4.85,0.886,27.9,30.33,149.45,886.32,115.18
2022-06-01,Malaysia,Pakistan,15.94,38.77,797.94,912.14,943.21,67.02,37.63,1.443,145.6,4.44,0.787,27.8,32.65,114.2,1013.71,128.72
2015-11-01,Malaysia,China,11.59,36.21,702.86,822.69,831.28,58.37,26.39,0.994,254.7,6.06,0.324,17.9,35.87,119.82,854.2,171.92
2019-05-01,Malaysia,Pakistan,12.92,49.58,800.4,930.49,935.09,63.95,26.53,1.124,128.2,4.59,0.702,23.1,36.15,130.08,989.78,126.62
2014-04-01,Indonesia,USA,0.0,42.42,695.83,850.5,846.52,46.98,25.75,0.926,158.3,5.59,0.504,15.5,15.5,154.67,763.99,114.46
2021-11-01,Indonesia,USA,0.51,44.18,793.98,897.53,926.64,60.12,41.08,1.303,143.0,4.19,0.33,26.9,23.13,103.55,883.74,71.77
2017-07-01,Malaysia,China,14.01,40.45,698.89,801.08,854.58,57.56,22.09,1.178,245.1,6.02,0.836,20.4,34.39,102.19,868.13,181.2
2023-05-01,Indonesia,India,23.43,40.44,822.14,946.12,911.79,56.85,18.15,1.384,339.0,3.6,0.696,29.1,27.25,123.98,1087.05,220.84
2021-07-01,Malaysia,India,19.6,41.27,779.44,925.06,912.68,58.8,37.43,1.438,275.9,2.65,0.858,26.4,33.27,145.61,1026.37,203.13
2023-05-01,Malaysia,EU-27,7.19,34.25,837.82,962.14,974.46,66.82,17.06,1.358,173.3,4.88,0.641,29.1,28.98,124.32,953.07,143.09
2023-06-01,Indonesia,USA,0.0,42.82,823.9,936.64,932.74,59.54,25.16,1.5,136.1,5.13,0.804,29.2,22.52,112.74,891.87,105.49
2017-09-01,Malaysia,Pakistan,13.89,25.55,672.33,788.71,790.46,51.15,29.1,1.098,167.5,4.3,0.665,20.6,34.04,116.38,827.95,122.73
2022-06-01,Indonesia,India,24.06,36.09,785.64,895.92,878.82,59.85,38.14,1.332,328.8,3.75,0.773,27.8,27.8,110.28,1066.75,227.09
2024-03-01,Indonesia,EU-27,5.84,53.66,928.75,1058.56,1074.28,54.38,25.94,1.479,214.8,4.5,0.329,30.4,26.82,129.81,1067.24,126.21
2018-05-01,Indonesia,Pakistan,17.71,32.65,761.1,881.5,881.86,56.91,27.13,1.249,211.0,3.67,0.671,21.6,27.02,120.39,966.28,134.65
2017-07-01,Malaysia,EU-27,2.99,22.98,687.88,801.66,781.91,56.31,25.36,1.15,171.1,4.85,0.817,20.4,34.54,113.78,758.21,158.82
2015-08-01,Malaysia,India,13.06,34.16,776.36,863.38,900.65,43.71,23.91,1.07,266.1,3.4,0.834,17.5,30.15,87.02,943.41,210.39
2023-08-01,Indonesia,Pakistan,13.21,51.34,878.84,1031.58,993.68,73.65,25.0,1.43,203.8,5.16,0.778,29.5,27.39,152.74,1081.41,137.89
2016-05-01,Malaysia,Pakistan,20.75,26.73,742.78,893.78,915.06,58.77,18.92,1.09,172.3,5.09,0.681,18.6,27.77,151.0,952.03,104.74
2022-10-01,Indonesia,EU-27,6.47,43.3,788.66,913.06,926.08,67.05,39.55,1.45,192.5,3.39,0.493,28.2,33.82,124.4,927.89,143.48
2020-04-01,Malaysia,USA,0.0,45.36,881.7,1006.27,998.71,60.45,25.44,1.262,124.9,2.21,0.496,24.5,28.19,124.57,952.49,75.19
2021-04-01,Malaysia,Pakistan,15.16,51.04,798.57,925.76,924.72,56.83,41.71,1.299,138.0,5.51,0.523,26.0,32.56,127.19,1026.42,117.44
2021-09-01,Malaysia,Pakistan,14.07,40.9,760.8,874.44,927.95,56.68,37.18,1.5,168.7,3.88,0.694,26.6,38.16,113.64,956.92,96.97
2015-04-01,Indonesia,EU-27,4.05,42.94,749.8,901.84,858.1,49.76,28.17,1.002,220.0,3.18,0.464,17.0,25.57,152.05,854.13,151.16
2024-03-01,Malaysia,Pakistan,12.69,43.54,900.31,1028.53,1038.96,69.14,22.81,1.38,150.0,5.4,0.29,30.4,28.3,128.22,1089.28,112.94
2021-06-01,Malaysia,USA,1.39,58.99,837.26,944.13,980.87,55.65,47.37,1.4,102.0,4.63,0.825,26.2,33.75,106.86,956.7,89.22
2020-09-01,Malaysia,China,10.86,41.61,837.33,939.81,1009.93,60.42,23.41,1.266,257.2,4.72,0.664,25.1,28.31,102.48,1000.34,185.23
2017-10-01,Malaysia,China,7.59,28.47,711.14,866.31,887.89,64.28,36.28,1.126,255.9,3.96,0.521,20.8,23.61,155.17,834.8,208.85
2017-08-01,Indonesia,India,19.14,28.77,698.07,826.49,878.88,52.29,29.05,1.147,341.7,3.98,0.792,20.5,23.09,128.41,900.55,250.43
2020-04-01,Indonesia,USA,4.34,46.03,835.89,977.88,923.02,53.0,23.58,1.35,135.5,6.15,0.488,24.5,26.01,141.99,944.76,102.22
2021-11-01,Malaysia,China,9.93,52.55,800.12,952.57,972.78,59.0,38.07,1.411,231.7,4.23,0.341,26.9,31.28,152.45,979.15,178.37
2023-04-01,Malaysia,EU-27,9.16,41.69,848.04,913.63,1006.51,70.53,27.6,1.364,165.9,5.94,0.502,29.0,31.31,65.59,1001.34,113.04
2024-12-01,Malaysia,India,18.42,58.89,951.51,1065.08,1079.89,78.42,20.94,1.5,283.3,4.86,0.162,31.5,25.46,113.57,1221.34,174.33
2015-09-01,Indonesia,EU-27,6.29,37.44,716.15,838.25,907.64,57.87,21.13,1.087,200.7,4.85,0.67,17.6,28.54,122.1,823.45,172.43
2016-09-01,Indonesia,India,14.0,40.92,741.75,844.44,889.17,46.47,30.47,1.071,337.9,6.03,0.697,19.1,31.29,102.69,926.99,233.31
2024-07-01,Malaysia,Pakistan,11.72,57.28,922.17,1059.47,1120.18,61.15,28.15,1.441,164.9,3.67,0.858,30.9,26.61,137.3,1125.67,132.3
2018-09-01,Malaysia,China,12.38,42.67,765.28,917.87,917.14,63.62,25.84,1.116,226.3,7.38,0.686,22.1,36.62,152.59,937.01,204.87
2022-05-01,Indonesia,USA,2.57,42.6,781.33,889.1,932.56,64.22,42.18,1.355,148.6,6.25,0.681,27.6,31.8,107.77,888.35,89.15
2022-08-01,Indonesia,Pakistan,22.0,38.69,793.93,916.95,947.83,64.15,41.95,1.324,173.8,2.93,0.825,28.0,34.79,123.03,1066.93,103.04
2020-05-01,Indonesia,Pakistan,18.85,45.64,865.78,1025.15,976.69,57.66,22.68,1.169,172.9,6.08,0.698,24.6,43.48,159.37,1110.2,142.4
2014-07-01,Indonesia,India,13.82,36.3,710.7,829.88,897.97,46.08,27.86,0.948,316.3,5.63,0.842,15.9,33.59,119.18,881.96,252.01
2016-05-01,Malaysia,EU-27,5.67,41.96,712.51,839.06,850.01,57.66,29.08,1.091,173.7,4.88,0.674,18.6,33.82,126.55,827.98,149.17
2021-10-01,Malaysia,Pakistan,17.92,47.82,773.31,936.22,920.4,62.87,39.86,1.444,184.2,4.69,0.489,26.8,40.94,162.9,1015.25,117.88
2016-12-01,Malaysia,USA,0.0,39.07,696.4,840.7,817.14,58.95,23.11,1.021,82.5,4.32,0.211,19.5,23.05,144.3,758.58,89.87
2014-01-01,Indonesia,USA,0.0,36.83,678.55,811.63,856.09,51.59,20.86,1.038,116.3,4.94,0.174,15.1,31.07,133.08,736.25,89.76
2022-05-01,Malaysia,EU-27,8.37,35.76,777.36,892.17,937.03,59.08,37.13,1.453,175.7,5.24,0.689,27.6,26.51,114.8,921.43,137.5
2024-02-01,Indonesia,USA,0.0,56.17,922.76,1067.18,1062.72,67.7,26.69,1.455,117.4,5.45,0.19,30.2,34.91,144.42,1005.62,86.29
2018-04-01,Indonesia,China,6.22,38.52,715.93,835.38,954.71,63.51,27.08,1.151,328.2,4.6,0.528,21.5,26.71,119.46,830.14,227.35
2021-05-01,Indonesia,USA,0.0,41.49,825.71,948.16,1003.61,63.31,39.94,1.314,152.8,5.61,0.691,26.1,31.17,122.45,907.14,96.38
2015-08-01,Malaysia,EU-27,3.73,32.09,739.99,872.13,929.23,53.23,25.78,1.056,212.2,3.99,0.792,17.5,24.99,132.14,827.59,140.74
2017-12-01,Indonesia,EU-27,4.05,34.62,712.81,851.57,838.96,50.55,27.76,1.207,203.9,5.43,0.231,21.0,29.4,138.77,806.6,145.57
2016-01-01,Malaysia,USA,0.0,31.56,746.26,859.56,911.38,52.76,26.33,1.075,121.9,3.88,0.165,18.1,33.8,113.3,804.15,58.92
2017-05-01,Malaysia,China,12.45,34.75,684.49,783.51,875.74,42.04,24.0,1.195,254.1,4.03,0.667,20.1,43.21,99.01,835.74,180.4
2023-10-01,Malaysia,China,6.06,45.89,856.02,995.27,990.51,66.43,20.88,1.433,253.7,5.08,0.511,29.8,26.3,139.25,978.67,187.6
2021-12-01,Malaysia,USA,0.0,46.7,758.19,873.14,909.82,60.01,35.78,1.386,121.0,3.7,0.203,27.0,33.26,114.96,840.67,52.39
2014-12-01,Indonesia,Pakistan,13.39,37.42,732.06,834.17,906.46,50.78,21.55,1.093,201.9,5.78,0.204,16.5,31.23,102.11,896.92,102.82
2017-12-01,Malaysia,China,3.93,30.33,687.97,844.27,856.26,51.1,31.34,1.217,250.3,6.12,0.156,21.0,29.6,156.3,779.07,210.19
2020-05-01,Indonesia,USA,0.0,44.36,840.03,967.23,1024.31,53.96,25.1,1.227,135.9,4.41,0.662,24.6,27.56,127.2,909.49,98.73
2018-08-01,Malaysia,Pakistan,18.23,38.14,734.89,903.55,890.28,55.87,28.46,1.224,183.2,7.38,0.841,22.0,14.55,168.66,947.58,131.08
2024-07-01,Indonesia,EU-27,6.43,54.0,914.36,1037.24,1050.91,65.44,25.61,1.471,201.3,5.03,0.813,30.9,21.35,122.88,1057.87,156.09
2020-12-01,Malaysia,EU-27,3.76,38.44,834.7,971.66,953.64,56.45,26.6,1.212,176.3,4.87,0.2,25.5,34.08,136.96,933.54,132.29
2017-11-01,Malaysia,China,2.49,28.68,712.67,849.08,811.09,55.21,29.08,1.095,253.6,4.61,0.321,20.9,28.23,136.42,789.58,190.26
2019-11-01,Indonesia,Pakistan,12.74,51.35,835.04,942.76,982.65,52.95,21.81,1.177,172.4,5.89,0.311,23.9,23.07,107.73,1023.85,107.15
2016-09-01,Indonesia,USA,0.0,27.22,702.25,813.51,839.68,47.97,29.96,1.085,157.9,3.75,0.68,19.1,31.18,111.26,759.43,100.65
2014-09-01,Indonesia,India,14.31,35.15,759.91,880.45,886.65,42.53,28.43,0.946,328.7,4.56,0.682,16.1,28.18,120.53,941.33,249.11
2016-07-01,Malaysia,Pakistan,15.68,34.65,700.3,848.93,839.13,43.94,27.43,1.099,173.3,5.11,0.843,18.9,35.37,148.62,881.92,128.32
2021-07-01,Malaysia,USA,2.73,34.29,796.03,915.39,912.07,54.52,34.72,1.483,104.2,5.46,0.872,26.4,33.87,119.36,888.65,104.14
2019-10-01,Malaysia,Pakistan,15.06,46.82,833.34,960.13,1036.03,56.1,27.98,1.286,141.1,4.96,0.505,23.8,35.7,126.8,1044.92,115.66
2022-03-01,Malaysia,China,7.4,37.94,797.21,915.55,924.24,66.8,40.72,1.448,217.6,4.08,0.28,27.4,13.08,118.34,940.65,181.99
2017-08-01,Indonesia,EU-27,4.8,39.5,685.3,794.13,834.46,60.89,21.59,1.239,223.5,5.85,0.812,20.5,29.62,108.83,782.19,165.71
2020-03-01,Indonesia,USA,0.0,43.87,848.22,986.31,999.15,61.56,23.14,1.21,139.0,4.64,0.292,24.4,28.02,138.08,915.22,90.42
2021-10-01,Malaysia,India,19.76,51.18,774.66,941.41,895.72,66.89,41.19,1.404,249.9,5.65,0.506,26.8,33.68,166.76,1038.38,200.74
2019-07-01,Indonesia,Pakistan,14.9,52.37,817.05,941.73,981.08,58.66,25.45,1.095,201.6,4.79,0.847,23.4,29.05,124.68,1028.18,137.33
2017-03-01,Indonesia,India,21.03,34.02,697.0,847.75,858.68,57.09,25.06,1.24,329.8,5.28,0.341,19.9,24.35,150.75,915.09,222.82
2022-04-01,Malaysia,India,15.38,43.45,766.41,877.3,866.17,60.82,42.78,1.325,277.8,4.9,0.48,27.5,31.91,110.9,983.81,196.13
2017-01-01,Indonesia,EU-27,3.09,32.32,676.96,808.4,850.83,50.08,23.11,1.128,199.4,5.38,0.141,19.6,27.41,131.44,755.0,151.24
2022-08-01,Malaysia,Pakistan,8.84,37.25,763.02,881.7,934.83,65.5,37.84,1.37,163.1,2.58,0.822,28.0,27.25,118.67,912.2,132.25
2014-04-01,Malaysia,India,10.66,27.47,705.85,815.36,825.81,50.85,20.2,1.085,249.6,5.92,0.513,15.5,27.81,109.51,833.84,204.78
2024-12-01,Indonesia,Pakistan,11.83,56.59,928.64,1070.37,1035.04,79.45,26.26,1.5,177.9,5.83,0.226,31.5,32.05,141.73,1131.13,112.38
2018-02-01,Malaysia,China,10.32,31.79,720.54,868.96,893.3,58.06,26.25,1.248,237.6,5.18,0.214,21.2,28.38,148.42,858.96,190.56
2019-07-01,Malaysia,India,13.04,41.94,836.36,987.8,947.97,48.9,24.69,1.332,284.3,5.37,0.838,23.4,27.18,151.44,1020.75,207.36
2017-10-01,Malaysia,China,6.98,36.05,692.15,857.83,840.41,47.47,21.83,1.171,251.9,5.18,0.511,20.8,31.18,165.68,802.36,212.22
2016-10-01,Malaysia,USA,0.0,24.41,697.73,805.93,889.83,48.95,29.58,1.17,110.6,5.54,0.513,19.2,28.17,108.2,751.72,75.57
2017-01-01,Indonesia,EU-27,5.99,29.01,662.7,788.79,776.07,54.36,30.19,1.071,182.1,4.57,0.135,19.6,30.61,126.09,765.11,138.43
2024-12-01,Indonesia,India,16.39,48.96,939.84,1067.23,1095.99,66.23,24.13,1.5,302.0,5.38,0.209,31.5,27.72,127.39,1178.96,232.82
2023-07-01,Indonesia,EU-27,2.22,47.02,847.5,994.08,994.73,66.79,22.52,1.5,233.4,6.34,0.832,29.4,33.28,146.58,937.4,163.74
2017-09-01,Malaysia,India,14.19,39.99,712.49,855.72,852.8,53.0,27.07,1.01,276.7,3.76,0.685,20.6,31.61,143.23,890.13,204.15
2016-04-01,Malaysia,India,13.07,37.15,725.25,814.42,918.56,53.46,18.46,1.169,266.1,4.83,0.486,18.5,23.42,89.17,882.93,184.22
2022-11-01,Indonesia,Pakistan,17.79,44.71,789.9,901.94,931.18,63.49,44.16,1.452,190.1,4.17,0.319,28.4,29.79,112.04,1035.07,107.83
2023-08-01,Indonesia,EU-27,5.57,48.86,857.98,979.82,987.77,67.64,26.5,1.492,206.2,4.78,0.797,29.5,27.66,121.84,985.31,164.51
2014-06-01,Indonesia,USA,2.32,33.77,705.43,811.87,844.17,41.72,29.1,0.934,152.5,6.1,0.772,15.8,27.47,106.44,786.13,103.33
2021-10-01,Indonesia,Pakistan,16.29,34.26,762.45,871.55,913.12,67.7,40.31,1.403,197.1,3.46,0.512,26.8,27.77,109.1,973.4,91.35
2015-04-01,Indonesia,India,16.67,37.57,775.19,872.44,897.2,44.39,25.02,1.018,329.1,5.46,0.531,17.0,34.47,97.25,977.47,226.56
2015-10-01,Malaysia,EU-27,4.82,29.03,750.44,880.36,898.05,51.5,27.18,1.037,160.2,3.39,0.477,17.8,38.34,129.92,845.52,130.96
2019-07-01,Malaysia,EU-27,4.69,43.55,816.59,930.03,983.95,59.29,27.02,1.31,187.2,4.26,0.848,23.4,26.93,113.44,928.73,148.45
2018-10-01,Malaysia,EU-27,2.95,34.15,742.19,880.46,925.14,54.51,27.15,1.319,204.5,6.37,0.493,22.2,25.7,138.27,827.16,124.78
2021-11-01,Indonesia,China,7.01,42.71,788.6,926.14,937.39,65.03,38.8,1.393,298.8,5.32,0.307,26.9,35.45,137.54,931.11,221.05
2014-05-01,Malaysia,India,10.67,39.48,723.46,821.51,860.2,54.4,17.65,1.004,257.1,2.83,0.661,15.6,29.41,98.05,863.9,193.28
2018-03-01,Malaysia,China,1.92,37.7,721.18,890.47,838.11,55.94,22.91,1.099,253.3,3.58,0.308,21.4,34.85,169.29,796.82,211.75
2019-06-01,Indonesia,India,21.32,41.07,811.46,934.48,986.9,57.13,30.43,1.144,327.8,4.32,0.792,23.2,24.2,123.02,1071.2,250.11
2014-11-01,Malaysia,Pakistan,15.0,37.03,741.09,852.85,866.42,52.4,21.06,0.993,134.6,4.92,0.333,16.4,34.59,111.75,919.03,95.07
2014-03-01,Indonesia,India,14.81,37.58,699.11,839.99,880.37,49.8,24.79,1.025,328.9,4.84,0.342,15.4,23.95,140.89,874.22,227.52
2022-02-01,Malaysia,Pakistan,16.47,36.03,766.8,870.72,923.33,61.12,33.69,1.379,158.8,4.99,0.191,27.2,28.22,103.91,974.33,88.9
2016-11-01,Malaysia,China,13.53,37.41,696.54,800.1,862.44,55.56,26.71,1.313,251.9,5.36,0.289,19.4,34.06,103.56,863.58,177.28
2024-07-01,Malaysia,China,10.33,51.77,926.76,1073.95,1104.12,60.9,27.54,1.376,264.5,5.5,0.829,30.9,27.51,147.19,1109.98,210.48
2015-10-01,Indonesia,Pakistan,16.56,35.98,742.69,877.77,879.55,59.63,28.82,1.121,204.4,5.75,0.495,17.8,35.72,135.08,941.24,121.1
2019-01-01,Indonesia,EU-27,8.44,46.44,769.25,903.98,931.84,53.21,22.88,1.294,213.4,5.48,0.134,22.6,30.69,134.73,909.32,135.89
2017-11-01,Malaysia,India,14.97,32.19,705.63,872.91,865.18,61.39,21.84,1.274,274.8,5.47,0.334,20.9,32.57,167.28,873.35,208.02
2014-10-01,Malaysia,EU-27,1.42,35.45,742.73,850.66,905.49,51.89,25.74,1.095,167.4,5.58,0.483,16.2,23.68,107.93,815.32,139.42
2018-11-01,Indonesia,China,15.85,37.38,777.04,896.94,950.62,57.19,30.69,1.199,297.3,5.56,0.306,22.4,35.94,119.9,979.09,207.98
2016-04-01,Malaysia,EU-27,6.33,37.92,742.19,884.91,912.02,64.85,27.34,1.195,208.1,4.63,0.482,18.5,35.81,142.73,858.59,133.78
2016-05-01,Malaysia,Pakistan,18.0,25.52,721.56,850.5,825.29,48.01,25.66,1.088,130.7,6.49,0.654,18.6,32.74,128.93,911.82,122.53
2017-10-01,Indonesia,China,12.21,32.5,680.8,806.69,808.76,49.83,25.76,1.112,321.0,4.71,0.462,20.8,31.38,125.89,829.33,205.78
2016-04-01,Indonesia,EU-27,4.85,28.89,733.47,864.43,907.63,56.47,20.83,1.034,201.2,5.08,0.494,18.5,24.13,130.97,821.19,164.4
2023-02-01,Malaysia,India,19.81,49.26,806.54,920.93,941.04,62.8,21.29,1.345,285.4,6.38,0.168,28.8,30.75,114.39,1050.8,184.41
2019-06-01,Malaysia,India,13.52,42.82,855.31,927.84,1021.91,64.5,24.43,1.199,261.7,4.43,0.82,23.2,37.44,72.53,1047.28,210.98
2014-06-01,Malaysia,Pakistan,13.05,33.07,740.17,870.11,895.33,44.26,33.8,1.106,157.7,5.24,0.834,15.8,38.01,129.94,912.35,128.42
2024-07-01,Indonesia,Pakistan,12.59,58.44,925.81,1048.34,1094.78,63.83,27.79,1.5,162.7,5.22,0.856,30.9,28.28,122.54,1139.45,138.05
2022-05-01,Indonesia,USA,0.0,40.23,767.47,914.19,926.19,61.08,43.22,1.414,127.8,4.27,0.662,27.6,26.71,146.72,850.92,119.78
2022-06-01,Indonesia,USA,0.0,30.75,762.15,887.4,936.75,63.9,34.81,1.312,127.6,4.71,0.837,27.8,31.11,125.24,827.72,109.34
2017-07-01,Malaysia,India,12.07,35.53,704.55,837.44,859.37,48.21,26.11,1.206,279.3,5.43,0.823,20.4,26.35,132.89,858.68,214.75
2022-10-01,Indonesia,China,8.53,39.88,805.36,934.18,939.23,63.18,41.3,1.396,310.6,3.18,0.501,28.2,36.7,128.82,962.18,206.34
2020-12-01,Indonesia,Pakistan,16.68,48.3,819.62,935.63,930.15,61.1,23.89,1.307,176.4,5.61,0.2,25.5,28.62,116.01,1040.59,108.95
2024-10-01,Malaysia,EU-27,6.87,57.02,911.44,1052.69,1058.65,71.26,22.82,1.5,159.8,4.45,0.504,31.2,32.79,141.26,1059.33,147.28
2014-03-01,Malaysia,China,2.27,42.56,700.77,802.54,879.37,46.6,25.86,1.097,247.0,4.29,0.325,15.4,32.17,101.77,786.65,166.11
2014-10-01,Malaysia,China,14.69,28.47,750.92,880.19,873.44,50.42,25.57,1.012,227.6,4.06,0.516,16.2,27.3,129.27,923.2,187.79
2023-08-01,Malaysia,EU-27,4.04,49.82,848.26,975.47,1006.17,62.94,23.04,1.364,171.4,4.78,0.783,29.5,37.15,127.21,958.33,152.43
2015-04-01,Indonesia,India,9.44,41.09,752.85,904.49,915.75,52.23,31.0,1.068,318.0,3.25,0.52,17.0,30.51,151.64,902.85,235.24
2024-02-01,Indonesia,Pakistan,17.36,51.78,903.17,1045.03,1071.47,76.61,22.24,1.418,183.9,5.65,0.182,30.2,36.17,141.86,1146.84,97.8
2023-12-01,Indonesia,China,7.67,45.39,896.62,1036.01,1026.36,67.21,22.1,1.404,282.6,6.75,0.178,30.0,37.8,139.4,1038.03,216.72
2023-03-01,Indonesia,EU-27,2.19,31.79,787.33,912.99,948.69,73.71,28.55,1.361,188.7,5.33,0.305,28.9,37.7,125.66,866.26,152.22
2022-01-01,Malaysia,USA,0.0,36.84,769.63,889.4,953.44,69.55,35.88,1.39,116.7,4.04,0.139,27.1,30.88,119.78,842.34,66.24
2024-06-01,Indonesia,India,19.92,44.28,934.48,1069.67,1078.5,59.95,28.32,1.434,326.7,5.43,0.791,30.8,19.08,135.19,1207.67,241.79
2022-12-01,Malaysia,China,13.27,45.78,783.13,915.96,884.18,62.32,37.22,1.302,216.4,5.42,0.202,28.5,31.93,132.83,981.09,187.31
2022-01-01,Indonesia,China,9.5,37.65,779.65,898.49,897.05,52.01,44.68,1.411,318.5,3.32,0.131,27.1,32.24,118.84,943.86,202.82
2014-07-01,Malaysia,EU-27,0.53,36.66,729.08,839.57,900.13,50.03,28.5,0.988,172.2,4.94,0.812,15.9,29.02,110.5,798.41,159.22
2023-06-01,Indonesia,China,19.12,44.55,841.13,969.39,978.49,54.38,19.7,1.364,314.7,3.78,0.811,29.2,33.0,128.26,1078.45,206.12
2022-01-01,Indonesia,India,19.62,39.39,772.99,894.57,961.26,73.48,41.06,1.395,334.8,2.78,0.158,27.1,39.71,121.58,1020.88,189.2
2019-07-01,Indonesia,India,22.66,45.59,797.21,951.22,950.32,68.09,27.45,1.293,340.0,5.48,0.828,23.4,25.71,154.01,1067.46,246.25
2022-03-01,Malaysia,USA,0.0,44.12,804.34,941.67,975.27,63.25,37.62,1.406,64.8,4.4,0.325,27.4,25.23,137.33,886.08,89.53
2015-06-01,Indonesia,EU-27,5.48,36.51,750.49,868.53,900.87,57.71,27.95,1.083,198.7,4.85,0.804,17.2,36.32,118.04,859.59,162.78
2015-04-01,Malaysia,India,2.68,29.51,779.7,867.8,978.92,58.49,25.47,1.153,277.1,4.82,0.511,17.0,25.96,88.1,857.02,208.95
2014-10-01,Malaysia,India,9.42,36.93,741.73,885.23,891.83,45.51,29.27,1.114,271.2,5.85,0.478,16.2,27.78,143.5,884.06,225.67
2015-01-01,Malaysia,EU-27,5.15,35.45,738.47,887.37,879.33,56.18,25.39,0.952,168.2,5.32,0.147,16.6,22.72,148.9,840.48,122.11
2020-06-01,Malaysia,Pakistan,14.21,45.38,818.01,927.79,943.2,59.4,20.84,1.326,166.7,4.51,0.819,24.8,36.57,109.78,1009.92,105.9
2024-03-01,Indonesia,China,9.7,53.8,895.34,1035.31,1020.16,70.17,35.28,1.349,319.5,4.28,0.339,30.4,32.81,139.97,1079.89,214.88
2018-08-01,Indonesia,Pakistan,22.56,52.74,754.12,886.8,877.56,53.08,28.08,1.27,192.0,5.26,0.814,22.0,35.18,132.68,1023.28,141.11
2018-09-01,Indonesia,USA,0.16,42.47,755.22,878.86,906.78,55.53,28.07,1.231,135.2,4.02,0.666,22.1,30.38,123.65,827.09,104.13
2018-03-01,Malaysia,EU-27,3.61,38.49,697.24,806.75,812.78,63.46,21.77,1.147,165.0,5.54,0.335,21.4,23.64,109.52,784.83,114.64
2019-05-01,Indonesia,India,23.93,34.97,786.15,943.75,952.49,59.75,27.56,1.226,339.9,5.6,0.695,23.1,32.99,157.61,1051.76,236.12
2017-12-01,Indonesia,Pakistan,15.42,29.3,708.52,830.37,869.79,58.45,19.3,1.094,180.9,4.35,0.191,21.0,23.97,121.85,873.85,99.06
2021-07-01,Malaysia,India,17.13,53.79,785.73,941.97,898.88,56.32,33.72,1.202,290.9,4.29,0.834,26.4,31.88,156.24,1022.86,214.03
2015-10-01,Malaysia,EU-27,9.7,34.74,765.74,910.25,927.02,58.0,32.78,1.051,155.5,6.46,0.516,17.8,20.08,144.5,914.07,140.39
2017-11-01,Indonesia,India,18.67,25.83,697.61,798.05,871.38,57.71,28.09,1.176,309.4,6.78,0.305,20.9,32.21,100.45,891.83,221.58
2023-01-01,Malaysia,China,4.67,46.57,816.13,957.74,932.82,68.47,25.06,1.402,204.1,4.21,0.146,28.6,37.74,141.61,929.16,196.53
2017-11-01,Malaysia,USA,2.75,36.29,713.35,831.05,841.22,53.43,27.4,1.226,107.8,5.73,0.332,20.9,33.75,117.71,798.41,77.56
2017-10-01,Malaysia,Pakistan,20.55,27.79,697.57,861.53,866.25,52.65,28.12,1.254,173.6,3.9,0.475,20.8,31.15,163.97,908.33,113.79
2018-01-01,Indonesia,China,10.58,32.51,705.57,820.04,871.52,57.41,26.58,1.201,290.7,5.92,0.118,21.1,26.68,114.47,845.57,197.42
2014-08-01,Indonesia,EU-27,5.29,33.6,727.03,867.76,841.84,50.12,22.41,1.115,210.2,5.29,0.796,16.0,34.37,140.73,824.46,195.73
2022-08-01,Malaysia,USA,0.6,35.28,751.17,876.71,949.66,68.0,44.99,1.393,104.9,6.14,0.804,28.0,31.77,125.54,836.41,97.2
2020-08-01,Indonesia,Pakistan,16.32,45.48,828.87,956.32,948.58,64.41,31.48,1.424,177.4,4.5,0.815,25.0,26.63,127.45,1053.7,139.55
2021-06-01,Malaysia,USA,0.56,45.85,808.51,961.55,961.12,60.22,43.81,1.201,110.3,5.02,0.801,26.2,30.5,153.03,903.23,121.15
2015-02-01,Malaysia,USA,0.0,29.33,745.43,855.81,914.85,54.99,26.56,1.102,114.2,5.96,0.163,16.8,24.93,110.38,801.31,79.12
2020-01-01,Malaysia,China,9.2,45.62,840.63,988.76,997.61,58.35,30.7,1.178,253.6,6.34,0.179,24.1,32.84,148.13,1001.3,172.16
2019-11-01,Indonesia,Pakistan,9.55,39.28,854.76,1007.29,1003.99,56.75,30.08,1.359,208.0,3.77,0.337,23.9,25.79,152.53,1012.32,127.25
2020-11-01,Malaysia,EU-27,0.39,39.58,809.35,935.08,985.17,53.26,29.85,1.313,175.4,4.5,0.336,25.4,37.16,125.73,882.24,152.12
2024-12-01,Indonesia,USA,0.43,50.05,929.61,1035.71,1118.11,58.94,23.19,1.5,141.2,5.59,0.195,31.5,28.95,106.1,1007.21,74.35
2024-07-01,Malaysia,Pakistan,14.31,51.8,916.54,1060.42,1103.81,64.95,28.65,1.374,130.4,6.05,0.83,30.9,40.61,143.88,1139.66,127.18
2014-11-01,Indonesia,India,12.58,29.47,744.27,856.32,895.69,49.58,27.63,1.115,322.8,4.42,0.341,16.4,35.24,112.06,902.18,225.63
2014-09-01,Indonesia,USA,1.78,34.0,755.39,880.38,872.5,56.48,27.58,0.926,108.0,3.65,0.69,16.1,37.44,124.98,831.48,101.77
2020-08-01,Indonesia,EU-27,9.1,45.14,838.54,992.9,980.42,59.54,23.71,1.244,218.1,4.51,0.792,25.0,32.25,154.36,989.93,156.36
2019-08-01,Indonesia,USA,0.0,46.87,833.63,961.75,958.13,49.52,29.21,1.415,113.5,4.66,0.812,23.5,24.98,128.12,909.7,114.18
2024-11-01,Malaysia,China,7.74,59.91,936.82,1037.92,1021.29,71.1,20.47,1.5,230.5,4.99,0.313,31.4,20.28,101.09,1095.95,175.53
2019-11-01,Malaysia,Pakistan,13.41,50.28,845.74,989.2,998.9,55.18,19.16,1.233,158.9,4.39,0.295,23.9,34.67,143.45,1037.87,109.5
2020-03-01,Indonesia,USA,0.0,51.58,827.72,901.34,980.55,56.94,21.76,1.22,157.1,4.62,0.346,24.4,30.89,73.62,901.06,74.36
2018-02-01,Malaysia,EU-27,0.0,34.72,704.8,830.48,824.24,61.22,23.12,1.178,147.6,5.88,0.19,21.2,32.94,125.68,762.64,135.9
2015-07-01,Indonesia,USA,0.08,40.29,753.4,855.96,916.18,40.32,21.2,1.161,111.0,5.11,0.818,17.4,24.61,102.56,815.51,111.11
2018-06-01,Indonesia,EU-27,4.21,32.81,770.55,901.99,941.06,58.76,28.49,1.253,174.0,5.33,0.802,21.8,32.18,131.44,866.91,171.33
2015-06-01,Indonesia,EU-27,9.96,35.68,784.27,892.72,935.96,47.61,30.29,0.898,202.3,6.19,0.802,17.2,30.14,108.45,934.93,170.28
2019-01-01,Indonesia,India,24.48,45.45,818.78,994.31,965.5,59.65,19.88,1.233,323.2,5.61,0.138,22.6,30.32,175.53,1100.51,221.58
2019-02-01,Indonesia,China,2.32,40.7,780.35,928.98,880.25,40.36,33.37,1.294,315.0,5.69,0.205,22.8,19.07,148.63,874.22,235.91
2014-12-01,Indonesia,China,8.91,44.34,744.31,892.91,895.21,50.52,19.08,1.046,308.0,5.03,0.225,16.5,31.04,148.59,879.68,207.27
2024-09-01,Indonesia,Pakistan,15.47,50.74,915.99,1004.39,1042.82,75.91,34.97,1.5,192.6,3.85,0.68,31.1,38.66,88.4,1156.69,99.38
2018-08-01,Malaysia,USA,1.55,39.47,753.15,864.36,889.31,59.2,26.32,1.228,98.7,4.95,0.797,22.0,29.15,111.21,831.62,88.92
2017-05-01,Indonesia,India,11.4,34.87,695.6,819.9,882.47,46.99,34.45,1.089,330.6,5.99,0.693,20.1,33.08,124.3,852.09,248.22
2014-10-01,Indonesia,China,7.71,41.44,742.95,896.38,877.77,52.51,22.08,1.039,305.4,4.12,0.507,16.2,29.85,153.43,868.61,221.9
2022-08-01,Indonesia,Pakistan,21.77,40.17,770.81,927.19,919.1,65.37,40.24,1.428,227.5,4.81,0.801,28.0,32.81,156.38,1036.55,126.6
2016-05-01,Malaysia,China,9.49,24.8,721.22,867.91,817.16,59.1,17.07,1.104,219.3,6.27,0.719,18.6,23.07,146.69,835.5,201.71
2015-07-01,Indonesia,Pakistan,15.3,43.31,747.18,917.76,908.23,57.02,28.3,0.974,188.5,2.85,0.845,17.4,26.11,170.58,944.07,151.9
2020-11-01,Indonesia,Pakistan,20.18,44.45,794.66,940.15,995.11,68.18,34.26,1.275,185.0,6.21,0.322,25.4,25.37,145.49,1049.62,103.26
2015-08-01,Malaysia,Pakistan,15.54,27.94,740.41,867.99,865.37,50.62,27.3,1.044,126.1,4.34,0.811,17.5,27.97,127.58,919.33,123.98
2024-04-01,Malaysia,Pakistan,15.57,51.6,903.12,1003.94,1038.61,76.02,23.43,1.442,155.4,5.67,0.524,30.5,27.73,100.82,1130.45,97.53
2018-06-01,Malaysia,Pakistan,12.09,34.87,733.68,851.58,864.95,50.63,23.05,1.343,164.8,3.77,0.812,21.8,22.19,117.9,887.33,128.52
2020-11-01,Indonesia,USA,1.7,39.52,828.77,964.79,982.19,46.5,26.07,1.353,152.4,5.89,0.304,25.4,23.27,136.02,909.57,87.9
2023-12-01,Malaysia,USA,0.0,47.36,893.28,1039.35,1084.92,66.68,17.58,1.382,121.1,3.98,0.189,30.0,33.59,146.07,958.22,87.36
2015-10-01,Indonesia,China,11.04,40.14,764.24,848.48,959.36,49.73,22.72,1.113,290.6,4.43,0.514,17.8,26.26,84.24,918.37,188.31
2021-05-01,Malaysia,EU-27,7.39,41.9,786.24,944.81,901.44,66.13,44.36,1.446,186.3,4.43,0.666,26.1,27.39,158.57,936.94,156.93
2021-01-01,Malaysia,EU-27,0.0,43.42,841.75,944.29,1017.0,67.91,35.23,1.352,163.8,3.8,0.176,25.6,25.3,102.53,920.41,110.68
2016-08-01,Indonesia,India,19.81,32.02,709.78,883.99,867.24,58.43,29.64,1.098,360.1,6.24,0.818,19.0,35.22,174.21,924.28,252.16
2022-11-01,Malaysia,Pakistan,16.44,43.76,802.31,916.61,976.4,72.78,39.55,1.412,153.9,6.43,0.341,28.4,28.26,114.29,1031.26,103.92
2018-11-01,Indonesia,EU-27,4.79,48.12,826.94,944.26,990.2,53.73,22.42,1.14,217.6,4.31,0.319,22.4,20.99,117.32,940.44,131.92
2022-05-01,Indonesia,Pakistan,16.85,44.42,792.95,903.15,938.3,63.38,35.66,1.418,204.4,3.98,0.683,27.6,31.79,110.21,1020.1,124.1
2023-07-01,Malaysia,India,16.7,49.01,846.6,969.74,1018.62,64.46,28.12,1.343,268.6,3.63,0.817,29.4,29.17,123.14,1078.0,209.45
2014-05-01,Malaysia,USA,1.17,36.21,716.59,856.12,891.72,49.47,27.76,1.018,140.1,5.38,0.679,15.6,26.31,139.53,789.67,92.16
2015-04-01,Indonesia,China,13.48,44.14,785.46,910.63,971.03,52.4,25.42,0.989,282.6,5.11,0.518,17.0,30.71,125.18,970.28,220.63
2021-06-01,Malaysia,Pakistan,19.12,44.09,793.01,915.24,949.85,64.21,44.31,1.4,160.7,4.07,0.811,26.2,37.79,122.23,1049.97,120.6
2014-06-01,Malaysia,USA,5.4,41.63,745.29,878.43,851.16,46.37,26.43,1.103,114.0,4.4,0.769,15.8,32.12,133.14,857.3,89.24
2018-02-01,Indonesia,Pakistan,15.78,37.62,726.74,854.77,878.55,49.76,29.09,1.164,205.0,4.82,0.197,21.2,37.06,128.03,918.65,92.0
2017-07-01,Indonesia,EU-27,10.81,27.86,645.26,776.47,823.57,58.31,22.33,1.122,217.0,6.2,0.859,20.4,27.55,131.21,770.62,157.1
2024-07-01,Indonesia,Pakistan,17.8,52.14,910.69,1057.51,1048.05,67.89,30.3,1.431,188.4,4.76,0.844,30.9,32.44,146.82,1169.95,122.4
2014-09-01,Malaysia,India,11.67,33.76,764.18,924.17,893.03,40.63,22.05,1.012,270.7,4.48,0.67,16.1,32.99,159.99,915.66,208.38
2024-02-01,Indonesia,India,22.9,68.74,912.15,1045.99,1060.77,78.3,31.17,1.377,312.8,4.28,0.19,30.2,36.39,133.84,1243.78,203.92
2022-12-01,Indonesia,India,22.04,48.14,798.1,943.6,918.27,66.57,40.74,1.348,350.0,4.53,0.189,28.5,30.6,145.5,1082.46,215.73
2017-08-01,Malaysia,Pakistan,13.15,32.43,701.43,854.62,858.99,56.96,25.99,1.09,181.2,3.66,0.782,20.5,30.05,153.19,859.8,124.72
2015-04-01,Indonesia,USA,0.68,38.75,745.18,879.92,885.59,41.03,24.98,1.176,148.5,4.63,0.522,17.0,36.52,134.74,814.4,89.6
2015-07-01,Indonesia,Pakistan,15.08,34.83,737.99,834.19,898.88,53.33,32.4,0.976,173.9,5.41,0.852,17.4,29.66,96.21,926.67,125.89
2015-05-01,Indonesia,India,14.12,34.29,741.27,835.47,885.49,45.17,19.48,1.183,333.3,5.67,0.631,17.1,26.31,94.21,907.31,229.56
2014-02-01,Malaysia,India,11.66,27.0,687.6,795.38,860.1,52.96,27.74,0.804,275.0,1.61,0.188,15.2,36.03,107.78,828.91,187.33
2022-07-01,Malaysia,China,11.92,38.89,799.13,910.01,959.33,72.42,37.59,1.42,255.3,4.01,0.886,27.9,29.71,110.88,980.0,198.26
2018-09-01,Malaysia,Pakistan,14.04,36.85,719.11,875.39,878.3,64.26,21.32,1.2,147.7,4.21,0.678,22.1,26.08,156.28,886.44,103.35
2023-10-01,Indonesia,EU-27,5.42,43.01,873.24,1003.1,992.92,73.33,31.82,1.5,169.3,3.87,0.496,29.8,31.39,129.86,999.41,155.81
2017-01-01,Malaysia,India,9.14,36.81,684.2,845.24,779.45,57.49,26.55,1.151,280.9,5.59,0.144,19.6,31.84,161.03,815.86,212.76
2015-09-01,Indonesia,EU-27,4.62,36.24,781.62,906.76,894.06,56.03,24.02,1.066,214.4,3.92,0.695,17.6,32.42,125.14,880.78,154.92
2021-05-01,Indonesia,EU-27,0.0,37.86,789.57,924.08,917.63,62.02,32.98,1.415,209.6,4.68,0.667,26.1,29.08,134.51,860.41,168.7
2023-04-01,Malaysia,USA,0.0,43.67,824.95,951.04,948.73,60.19,21.25,1.407,100.4,4.68,0.518,29.0,31.05,126.09,889.87,84.9
2017-10-01,Indonesia,USA,0.0,46.53,736.14,851.7,881.93,58.8,26.02,1.214,132.9,5.82,0.479,20.8,37.86,115.56,808.69,103.27
2021-09-01,Malaysia,Pakistan,8.73,39.29,798.06,924.97,945.69,65.83,45.64,1.404,155.2,2.79,0.637,26.6,21.17,126.91,960.03,111.3
2019-03-01,Indonesia,USA,1.23,39.68,776.62,888.75,941.37,57.85,30.48,1.28,116.7,4.11,0.328,22.9,30.13,112.14,857.19,95.73
2017-06-01,Indonesia,India,9.71,29.59,709.61,862.99,893.13,55.08,23.92,1.128,320.8,4.4,0.813,20.2,31.15,153.39,837.19,260.3
2017-04-01,Indonesia,Pakistan,20.82,29.71,693.45,854.58,842.35,56.24,25.37,1.062,196.3,4.91,0.515,20.0,29.6,161.13,904.34,128.01
2018-04-01,Indonesia,EU-27,4.39,34.07,731.27,829.82,886.55,66.43,18.17,1.191,201.6,5.28,0.5,21.5,30.93,98.56,817.88,151.54
2015-06-01,Malaysia,Pakistan,19.03,33.84,770.75,890.41,951.28,53.27,27.41,1.097,168.5,4.67,0.785,17.2,22.62,119.67,990.3,110.36
2024-07-01,Indonesia,EU-27,4.79,55.61,910.16,1015.77,1029.43,66.07,23.45,1.5,197.6,4.79,0.828,30.9,33.33,105.62,1036.63,165.12
2022-01-01,Malaysia,India,23.84,43.57,798.08,927.02,960.24,58.62,38.48,1.221,268.1,2.48,0.153,27.1,32.95,128.94,1089.98,170.8
2021-02-01,Indonesia,Pakistan,15.92,39.92,799.49,928.38,946.63,68.92,37.2,1.34,178.2,5.58,0.196,25.8,34.19,128.89,1016.13,116.63
2024-12-01,Malaysia,India,21.24,62.12,935.6,1076.68,1085.76,63.86,27.48,1.307,261.1,4.59,0.189,31.5,22.18,141.08,1242.96,170.86
2020-12-01,Indonesia,EU-27,2.54,41.29,822.91,957.46,972.34,56.17,24.0,1.348,191.0,4.95,0.195,25.5,28.0,134.55,910.74,144.89
2021-06-01,Indonesia,USA,0.0,42.64,775.99,891.13,939.48,63.4,48.15,1.418,114.5,6.49,0.798,26.2,33.76,115.14,866.78,114.75
2017-04-01,Malaysia,USA,4.11,35.04,657.1,764.99,795.15,64.23,28.72,1.172,98.2,4.28,0.526,20.0,29.19,107.89,750.49,64.48
2014-06-01,Indonesia,EU-27,2.41,32.7,687.09,819.3,859.72,48.15,26.91,1.087,198.5,5.3,0.78,15.8,25.36,132.21,764.71,185.01
2020-03-01,Malaysia,EU-27,4.13,48.25,880.16,983.59,1035.23,53.68,23.47,1.232,179.1,3.79,0.335,24.4,38.71,103.43,991.14,102.1
2022-05-01,Malaysia,USA,0.0,49.23,796.25,934.26,979.03,52.54,44.04,1.426,100.8,5.49,0.685,27.6,23.47,138.01,889.52,107.89
2017-02-01,Indonesia,India,16.03,33.3,688.23,792.37,814.46,54.09,22.81,1.131,344.0,5.94,0.211,19.8,31.7,104.14,863.65,210.69
2019-02-01,Malaysia,EU-27,0.79,36.63,771.63,908.01,940.92,48.24,20.59,1.229,185.1,4.27,0.212,22.8,24.85,136.38,835.42,115.73
2015-01-01,Malaysia,China,7.66,36.99,741.46,845.83,888.54,51.32,24.91,1.111,243.7,4.86,0.181,16.6,43.47,104.37,864.91,156.44
2021-10-01,Malaysia,EU-27,5.27,41.18,785.48,895.64,945.3,64.14,39.3,1.382,184.2,3.59,0.494,26.8,28.19,110.16,911.64,133.28
2018-06-01,Malaysia,India,9.59,41.35,759.67,852.72,894.85,49.84,29.02,1.26,276.4,5.32,0.771,21.8,23.55,93.05,909.62,209.99
2022-11-01,Malaysia,USA,3.76,30.2,791.43,936.02,919.06,58.13,34.79,1.5,86.0,4.36,0.312,28.4,18.53,144.59,888.63,88.4
2024-02-01,Indonesia,EU-27,10.9,57.72,901.07,1022.85,999.28,66.56,29.93,1.367,205.3,5.03,0.205,30.2,21.11,121.78,1096.47,142.16
2022-05-01,Malaysia,Pakistan,18.99,39.29,783.78,906.54,942.43,68.09,45.23,1.373,195.7,4.3,0.658,27.6,34.48,122.76,1033.17,108.85
2023-10-01,Indonesia,India,23.68,47.09,847.66,978.61,1024.29,67.79,30.06,1.5,334.1,4.78,0.493,29.8,28.68,130.96,1143.77,220.0
2024-11-01,Indonesia,USA,0.0,56.8,929.7,1039.51,1077.73,65.69,21.19,1.5,115.1,3.88,0.356,31.4,32.29,109.81,1007.69,73.66
2017-02-01,Malaysia,Pakistan,15.35,37.07,661.62,774.62,822.61,48.18,29.57,1.178,159.5,2.73,0.191,19.8,30.0,113.0,840.07,94.13
2022-10-01,Malaysia,Pakistan,15.44,45.57,817.9,916.0,944.4,64.54,40.53,1.482,165.5,3.61,0.448,28.2,30.76,98.1,1043.59,99.86
2024-12-01,Indonesia,India,22.49,49.77,909.73,1052.34,1120.71,64.56,27.48,1.5,323.3,5.78,0.187,31.5,32.86,142.61,1208.94,194.71
2024-11-01,Indonesia,India,19.61,51.3,917.9,1059.39,1060.72,71.64,29.23,1.489,332.3,5.56,0.323,31.4,22.08,141.49,1194.21,212.07
2019-02-01,Indonesia,China,8.84,37.76,761.48,891.07,893.32,61.6,23.7,1.152,313.2,3.93,0.17,22.8,29.56,129.59,895.72,205.92
2023-07-01,Malaysia,USA,0.0,36.1,810.17,918.63,1002.86,65.13,28.38,1.371,109.1,4.41,0.885,29.4,24.57,108.47,874.65,104.55
2021-06-01,Indonesia,India,17.18,46.15,837.85,974.6,989.74,68.27,41.78,1.349,325.8,4.75,0.865,26.2,21.51,136.75,1084.86,260.41
2020-10-01,Malaysia,Pakistan,15.43,44.19,822.45,927.3,942.32,59.61,24.43,1.424,142.7,4.44,0.499,25.2,29.78,104.85,1028.56,86.35
2016-12-01,Indonesia,India,16.77,32.83,697.93,821.28,855.45,57.65,27.83,1.09,310.4,3.24,0.193,19.5,31.24,123.35,885.8,214.77
2015-08-01,Malaysia,EU-27,8.37,26.07,741.37,878.18,895.37,46.78,27.34,0.967,187.8,4.54,0.818,17.5,28.05,136.81,861.3,158.87
2024-05-01,Indonesia,India,24.63,53.29,879.45,1018.62,1039.95,69.32,20.35,1.482,336.5,4.73,0.678,30.6,32.39,139.17,1187.86,226.94
2014-09-01,Indonesia,EU-27,6.49,38.26,774.47,899.91,920.71,52.87,24.18,1.078,214.3,6.67,0.655,16.1,25.0,125.44,891.2,167.4
2024-06-01,Indonesia,India,16.82,49.75,903.48,1030.35,1063.29,63.49,30.03,1.5,316.4,4.1,0.795,30.8,22.96,126.87,1148.64,232.81
2021-07-01,Indonesia,USA,0.0,42.77,801.65,940.59,973.35,59.45,39.27,1.262,150.6,4.34,0.879,26.4,23.24,138.93,883.69,117.09
2021-05-01,Indonesia,USA,0.06,45.2,801.53,933.76,933.95,69.19,36.16,1.362,131.9,5.47,0.668,26.1,21.7,132.23,883.46,111.62
2024-01-01,Malaysia,EU-27,4.24,54.95,885.92,1015.83,1049.51,68.6,23.79,1.5,180.5,5.85,0.176,30.1,26.23,129.92,1005.51,111.91
2019-08-01,Indonesia,China,9.03,51.23,860.79,1008.75,1029.06,53.71,21.72,1.244,314.3,3.39,0.808,23.5,31.38,147.96,1018.07,227.31
2023-01-01,Indonesia,China,3.34,44.09,801.91,1002.95,941.82,62.26,26.28,1.311,293.1,5.47,0.126,28.6,26.16,201.04,901.43,242.92
2019-09-01,Malaysia,USA,0.0,44.1,845.01,995.93,1029.61,60.62,30.38,1.282,96.7,6.11,0.66,23.6,24.36,150.92,919.5,112.2
2017-07-01,Malaysia,India,12.56,20.69,676.2,856.44,807.71,56.39,34.59,1.067,273.1,3.85,0.87,20.4,30.73,180.24,823.33,240.74
2018-05-01,Malaysia,EU-27,9.8,36.02,771.0,921.66,908.51,47.55,24.68,1.106,195.0,5.13,0.672,21.6,33.07,150.66,913.23,139.33
2018-06-01,Indonesia,Pakistan,14.3,29.32,732.13,871.22,930.16,50.84,28.29,1.213,175.0,3.97,0.801,21.8,29.66,139.09,902.65,131.53
2022-02-01,Malaysia,India,19.03,37.58,779.09,924.79,916.88,61.68,37.27,1.385,291.4,4.09,0.191,27.2,32.26,145.7,1016.47,174.21
2016-06-01,Indonesia,India,19.09,31.47,744.31,873.87,856.21,46.61,25.41,1.038,331.9,5.08,0.81,18.8,29.45,129.57,954.16,236.95
2015-03-01,Indonesia,India,8.52,36.48,747.33,871.33,929.62,52.08,22.17,1.115,343.9,4.62,0.356,16.9,35.41,124.0,874.66,233.19
2018-11-01,Malaysia,India,8.59,45.88,751.64,856.99,872.3,59.37,31.04,1.287,249.7,5.06,0.282,22.4,37.1,105.35,899.74,196.52
2024-11-01,Indonesia,China,13.24,51.03,940.46,1083.18,1047.86,68.45,31.63,1.387,324.4,3.53,0.327,31.4,31.46,142.71,1158.59,189.52
2023-08-01,Indonesia,India,21.92,45.16,836.26,971.48,970.07,68.67,24.43,1.5,344.4,4.24,0.779,29.5,30.9,135.22,1104.42,239.5
2016-12-01,Indonesia,India,14.51,35.82,673.46,781.09,849.53,56.65,28.73,1.032,332.7,6.21,0.206,19.5,16.92,107.63,845.13,211.51
2014-01-01,Malaysia,Pakistan,20.18,34.67,682.54,798.66,844.47,54.12,31.08,0.933,153.9,3.84,0.14,15.1,24.87,116.12,899.28,99.98
2015-08-01,Indonesia,USA,7.34,37.15,748.81,834.65,946.4,49.8,21.02,1.077,133.6,4.94,0.802,17.5,22.43,85.84,866.23,87.55
2020-10-01,Indonesia,EU-27,4.67,43.83,800.42,942.86,893.45,58.3,23.34,1.345,193.1,3.56,0.5,25.2,30.53,142.44,908.12,168.47
2014-10-01,Malaysia,EU-27,8.87,40.72,770.23,908.7,887.06,52.11,29.46,1.009,181.2,4.41,0.467,16.2,28.82,138.47,914.95,141.23
2014-10-01,Indonesia,EU-27,10.04,46.0,731.88,854.43,924.97,53.58,34.93,1.176,213.2,4.4,0.52,16.2,26.29,122.55,894.38,152.27
2024-07-01,Indonesia,USA,5.4,50.0,917.78,1021.98,1060.75,62.14,25.73,1.406,111.2,3.93,0.833,30.9,25.58,104.19,1047.13,89.0
2020-09-01,Malaysia,China,12.71,43.9,820.93,975.38,997.06,55.52,28.64,1.258,251.1,3.63,0.664,25.1,28.52,154.45,1007.05,184.39
2022-05-01,Indonesia,EU-27,7.0,42.3,819.9,928.92,958.37,53.9,36.28,1.5,204.3,5.25,0.668,27.6,24.29,109.02,961.34,147.22
2018-04-01,Indonesia,India,16.27,41.83,711.17,828.09,865.44,50.33,16.96,1.234,328.8,5.31,0.489,21.5,36.91,116.92,895.21,233.72
2016-02-01,Malaysia,USA,0.0,29.5,739.71,852.19,914.63,50.39,29.93,0.978,88.7,5.38,0.192,18.2,31.87,112.48,799.14,81.4
2018-11-01,Malaysia,Pakistan,18.47,50.33,776.65,893.97,931.91,56.48,32.23,1.382,167.8,5.14,0.325,22.4,31.86,117.32,1017.9,94.31
2018-04-01,Malaysia,USA,0.0,36.79,748.56,873.07,892.66,51.88,25.39,1.075,109.1,3.92,0.499,21.5,24.53,124.51,810.74,89.58
2016-08-01,Indonesia,Pakistan,19.2,28.05,675.96,797.01,823.62,54.46,22.95,1.119,192.8,5.27,0.822,19.0,21.62,121.06,866.53,144.96
2024-05-01,Malaysia,India,13.96,54.37,927.77,1094.72,1088.54,60.23,28.03,1.482,269.4,4.74,0.673,30.6,29.4,166.95,1151.16,216.53
2019-08-01,Indonesia,India,21.03,37.74,804.46,936.77,929.2,57.37,22.25,1.226,322.1,4.92,0.8,23.5,34.63,132.31,1046.25,243.24
2016-03-01,Malaysia,USA,0.0,34.58,738.23,824.36,882.97,58.33,20.54,1.252,91.9,6.04,0.317,18.4,30.88,86.13,793.35,74.48
2024-11-01,Indonesia,India,17.84,52.35,945.03,1076.52,1090.2,64.87,23.95,1.5,314.7,4.65,0.333,31.4,26.63,131.5,1203.56,223.02
2017-06-01,Malaysia,China,8.26,43.91,704.02,875.13,823.24,60.14,30.2,1.226,236.6,4.6,0.811,20.2,27.19,171.12,842.4,221.55
2016-02-01,Malaysia,EU-27,8.38,42.3,733.65,833.95,896.52,58.69,18.34,1.131,149.3,3.57,0.216,18.2,31.89,100.3,860.84,120.66
2015-03-01,Indonesia,EU-27,5.56,43.38,754.45,896.67,925.9,63.46,26.42,1.039,206.3,5.6,0.322,16.9,21.51,142.22,870.06,163.69
2014-03-01,Malaysia,India,16.2,32.46,697.29,864.48,805.03,41.77,18.09,0.998,264.9,3.96,0.371,15.4,21.07,167.19,869.0,194.69
2015-11-01,Indonesia,EU-27,6.67,54.6,751.12,905.43,882.74,51.09,23.62,1.008,182.3,4.14,0.372,17.9,32.87,154.31,884.69,178.88
2022-02-01,Malaysia,India,22.82,40.74,748.38,870.54,877.94,54.11,37.16,1.33,266.6,3.8,0.254,27.2,26.42,122.16,1014.82,169.87
2015-11-01,Indonesia,Pakistan,17.04,35.01,735.4,856.37,870.13,48.95,26.74,1.074,169.7,5.58,0.331,17.9,33.66,120.97,932.98,122.33
2015-11-01,Malaysia,China,10.98,38.38,750.66,877.41,912.32,57.32,24.21,0.987,246.1,4.43,0.336,17.9,29.32,126.75,902.55,182.6
2017-02-01,Malaysia,EU-27,2.43,35.96,683.55,841.21,881.31,52.48,29.74,1.153,173.0,4.3,0.196,19.8,33.45,157.66,767.47,136.48
2019-11-01,Malaysia,India,18.51,42.14,857.79,973.35,1010.95,62.04,29.71,1.257,277.2,5.38,0.355,23.9,31.02,115.56,1101.77,167.32
2014-08-01,Indonesia,India,12.56,33.96,737.2,849.4,876.14,52.77,31.52,0.961,306.0,5.65,0.772,16.0,28.89,112.2,903.53,264.11
2020-05-01,Indonesia,USA,0.0,43.03,831.64,980.58,996.72,64.37,20.88,1.232,122.0,5.3,0.683,24.6,35.89,148.94,895.54,108.7
2017-01-01,Malaysia,India,9.05,32.8,688.56,813.96,860.56,49.32,27.17,1.19,283.6,3.96,0.157,19.6,35.0,125.39,816.27,195.33
2017-07-01,Indonesia,Pakistan,13.72,37.4,688.45,798.29,839.1,55.15,24.43,1.16,193.6,4.99,0.848,20.4,25.06,109.85,853.21,144.39
2024-12-01,Indonesia,Pakistan,13.94,49.79,957.03,1088.69,1085.75,68.85,34.24,1.484,172.1,4.69,0.218,31.5,36.03,131.65,1186.16,94.53
2024-09-01,Malaysia,EU-27,3.17,42.5,924.6,1048.56,1010.36,66.87,22.19,1.397,176.3,6.35,0.672,31.1,31.31,123.96,1020.67,168.08
2016-09-01,Indonesia,India,17.68,33.11,672.11,808.99,776.57,62.59,20.47,1.285,339.7,5.25,0.687,19.1,34.79,136.88,854.04,240.67
2014-08-01,Indonesia,USA,0.94,35.69,773.41,901.01,867.02,44.9,24.61,1.01,140.5,3.85,0.791,16.0,37.04,127.59,841.54,105.68
2014-06-01,Indonesia,EU-27,8.27,41.07,735.35,881.59,833.2,51.12,24.5,1.023,173.7,4.13,0.807,15.8,37.35,146.24,867.14,187.48
2018-08-01,Indonesia,India,15.06,41.25,734.29,864.74,879.0,52.97,24.37,1.171,326.1,4.41,0.812,22.0,32.04,130.45,920.35,252.54
2014-07-01,Malaysia,India,16.66,26.71,726.98,860.43,877.2,48.8,27.66,0.895,266.2,3.09,0.858,15.9,19.48,133.45,911.54,198.24
2018-07-01,Indonesia,India,17.09,35.21,745.61,871.63,848.13,63.58,20.77,1.133,306.8,4.51,0.855,21.9,36.16,126.02,938.61,259.68
2020-02-01,Indonesia,India,19.41,42.24,860.53,967.27,1032.02,61.32,28.1,1.311,329.5,6.24,0.228,24.2,27.46,106.74,1111.52,221.88
2020-11-01,Malaysia,Pakistan,15.8,44.87,835.79,947.09,975.97,63.82,23.39,1.213,154.2,4.71,0.296,25.4,30.24,111.3,1046.89,102.76
2018-07-01,Malaysia,EU-27,3.92,43.1,732.49,853.34,873.97,51.93,29.68,1.235,160.5,4.75,0.842,21.9,29.23,120.85,836.86,161.25
2014-11-01,Malaysia,China,12.94,28.94,779.09,914.83,914.16,48.63,31.66,1.06,261.2,3.05,0.32,16.4,18.36,135.75,948.32,171.38
2015-01-01,Malaysia,USA,0.86,35.45,736.09,906.67,838.38,50.36,23.44,1.159,103.2,6.78,0.137,16.6,33.86,170.58,801.83,113.83
2024-03-01,Malaysia,USA,0.0,44.01,900.84,1035.22,1005.88,64.05,27.88,1.377,121.3,5.83,0.324,30.4,26.97,134.38,972.73,90.08
2021-02-01,Malaysia,China,12.98,43.74,824.88,906.85,988.36,62.09,36.26,1.344,250.2,4.16,0.194,25.8,28.02,81.97,1022.3,162.54
2014-09-01,Malaysia,USA,3.65,36.38,733.71,859.46,850.02,52.43,24.82,1.053,114.1,4.15,0.688,16.1,26.69,125.75,823.92,83.28
2023-12-01,Indonesia,India,22.8,56.69,879.13,1001.23,956.7,59.45,22.44,1.468,369.4,5.37,0.216,30.0,26.17,122.1,1176.71,211.83
2023-11-01,Indonesia,India,12.89,47.03,863.8,960.53,1029.95,69.36,24.64,1.407,308.4,4.86,0.325,29.9,28.12,96.74,1056.05,223.8
2019-06-01,Indonesia,India,17.94,54.66,834.69,945.84,980.58,55.91,23.28,1.268,328.0,6.0,0.829,23.2,32.47,111.14,1076.39,251.68
2018-09-01,Indonesia,EU-27,13.3,38.39,772.0,887.07,905.03,55.76,23.18,1.167,181.2,5.54,0.69,22.1,15.4,115.08,944.4,168.07
2020-10-01,Indonesia,EU-27,4.75,41.18,828.04,958.94,983.87,53.15,24.2,1.372,225.9,5.41,0.494,25.2,26.27,130.9,935.85,149.66
2024-07-01,Indonesia,Pakistan,19.26,51.97,915.23,1032.28,1089.6,69.9,31.02,1.5,173.7,4.34,0.862,30.9,31.17,117.05,1190.51,127.6
2021-06-01,Malaysia,India,19.97,41.56,803.78,958.74,974.44,74.8,46.15,1.279,266.4,4.72,0.787,26.2,33.37,154.95,1069.55,213.68
2020-09-01,Indonesia,USA,0.0,41.33,811.55,908.9,979.71,62.27,26.9,1.259,145.7,4.8,0.671,25.1,28.03,97.35,879.78,95.76
2017-01-01,Malaysia,EU-27,1.18,33.23,691.56,819.93,829.97,54.32,25.03,1.074,166.5,5.94,0.146,19.6,25.1,128.37,758.69,134.77
2021-05-01,Malaysia,Pakistan,14.25,44.32,785.45,938.64,962.41,57.37,39.45,1.403,157.2,5.28,0.669,26.1,26.08,153.19,993.04,127.52
2023-04-01,Indonesia,USA,0.0,44.02,797.88,975.81,908.64,57.95,16.35,1.363,130.7,6.56,0.493,29.0,28.78,177.92,858.26,141.87
2021-08-01,Malaysia,India,13.71,41.91,781.83,923.32,880.67,59.87,43.44,1.351,269.7,3.28,0.81,26.5,34.18,141.49,986.08,206.05
2014-02-01,Malaysia,Pakistan,12.39,34.13,683.95,812.07,777.05,54.28,32.54,1.018,177.5,5.88,0.205,15.2,18.74,128.13,843.59,80.9
2022-11-01,Malaysia,China,7.78,38.81,789.52,924.97,918.54,69.0,42.19,1.5,231.3,3.61,0.327,28.4,22.65,135.45,938.26,172.96
2022-10-01,Indonesia,EU-27,1.32,47.33,787.71,909.87,905.42,58.45,45.11,1.352,193.1,4.02,0.504,28.2,25.32,122.16,891.78,157.54
2024-12-01,Malaysia,China,8.42,59.92,944.41,1049.73,1059.12,68.84,27.56,1.468,270.5,4.37,0.17,31.5,28.97,105.31,1118.76,148.51
2022-09-01,Malaysia,USA,0.53,45.05,804.18,963.41,949.18,60.61,46.36,1.293,128.2,2.73,0.693,28.1,35.82,159.22,900.29,114.35
2022-08-01,Malaysia,USA,0.81,37.04,762.05,907.69,881.17,69.81,41.21,1.348,110.8,3.8,0.809,28.0,28.74,145.64,847.15,115.12
2020-10-01,Malaysia,Pakistan,10.28,50.07,830.59,985.11,975.83,50.5,25.43,1.433,171.2,5.06,0.503,25.2,24.26,154.52,999.25,110.88
2017-11-01,Indonesia,China,9.56,33.38,711.59,847.62,884.56,58.73,25.89,1.127,283.8,5.65,0.34,20.9,31.78,136.03,844.56,220.34
2014-10-01,Indonesia,Pakistan,20.39,38.74,748.03,889.74,911.15,56.42,30.22,1.019,185.0,6.11,0.495,16.2,32.02,141.7,983.58,129.23
2020-05-01,Indonesia,EU-27,10.36,38.91,875.95,1009.21,954.76,47.41,23.82,1.207,203.8,5.19,0.662,24.6,25.92,133.26,1035.89,164.8
2014-09-01,Indonesia,Pakistan,18.5,38.18,786.4,902.81,951.06,66.32,31.03,0.985,207.9,4.63,0.687,16.1,27.06,116.41,1013.86,129.25
2023-04-01,Malaysia,Pakistan,7.58,49.1,846.5,986.83,945.78,59.96,15.04,1.463,154.5,6.02,0.481,29.0,27.54,140.33,979.71,125.96
2014-11-01,Indonesia,USA,0.0,40.7,728.07,870.74,897.82,54.66,19.95,0.954,136.6,3.48,0.348,16.4,34.18,142.68,788.71,124.09
2022-01-01,Malaysia,Pakistan,8.12,45.16,781.16,914.8,924.11,63.13,42.19,1.472,147.2,5.37,0.112,27.1,21.17,133.64,938.99,104.91
2019-06-01,Malaysia,EU-27,7.36,49.86,810.51,963.76,1001.81,54.3,31.44,1.324,199.6,4.87,0.802,23.2,37.85,153.25,957.46,140.54
2019-03-01,Malaysia,China,3.76,44.93,806.21,935.04,1016.36,65.91,25.95,1.297,250.0,3.99,0.304,22.9,27.99,128.83,910.07,177.45
2015-08-01,Malaysia,Pakistan,12.8,49.69,759.01,908.68,930.16,40.64,26.46,1.179,158.8,4.47,0.781,17.5,30.97,149.67,942.05,118.73
2017-11-01,Malaysia,China,12.65,34.47,705.31,837.97,851.46,56.35,27.23,1.099,235.2,6.2,0.342,20.9,32.52,132.65,864.04,190.43
2017-11-01,Indonesia,Pakistan,14.94,42.56,705.17,840.76,825.1,50.51,25.97,1.203,179.9,4.64,0.315,20.9,23.78,135.59,889.28,112.48
2019-09-01,Indonesia,India,20.52,48.21,822.35,923.36,960.73,62.58,25.39,1.321,324.3,6.19,0.665,23.6,30.71,101.02,1079.77,214.63
2019-11-01,Malaysia,EU-27,1.2,47.19,856.71,953.27,1031.45,55.66,22.21,1.317,169.8,4.72,0.32,23.9,22.27,96.57,937.19,119.47
2023-08-01,Indonesia,India,20.03,47.96,858.93,1024.27,994.04,77.93,27.17,1.339,320.3,5.46,0.798,29.5,25.65,165.34,1121.16,264.32
2020-03-01,Indonesia,USA,0.89,48.34,851.05,959.06,972.13,57.26,23.09,1.187,140.8,4.36,0.325,24.4,30.43,108.01,930.72,82.72
2024-07-01,Indonesia,USA,3.22,39.17,903.46,1010.29,1033.06,68.34,29.58,1.5,161.3,5.22,0.814,30.9,23.28,106.83,1003.51,98.38
2024-09-01,Indonesia,China,7.72,46.37,929.46,1096.25,1048.58,69.48,31.38,1.421,312.6,3.21,0.665,31.1,32.86,166.79,1084.98,233.36
2021-11-01,Malaysia,EU-27,7.54,44.09,801.07,943.93,1003.41,59.04,36.98,1.427,187.4,4.15,0.292,26.9,29.48,142.86,948.69,115.23
2023-05-01,Malaysia,China,10.51,43.53,834.89,980.03,932.36,62.19,26.23,1.389,240.2,4.98,0.651,29.1,31.08,145.15,999.68,186.1
2019-08-01,Malaysia,China,11.72,52.62,838.67,922.66,1010.76,61.88,30.81,1.284,219.7,5.43,0.821,23.5,38.83,83.99,1030.13,198.39
2015-03-01,Indonesia,China,6.51,35.64,781.59,914.99,948.85,49.64,24.44,1.094,307.6,6.47,0.272,16.9,38.43,133.4,896.44,203.55
2016-01-01,Indonesia,EU-27,9.6,48.88,731.14,852.86,906.44,59.16,31.14,1.05,206.4,5.59,0.127,18.1,28.44,121.72,889.06,145.41
2014-02-01,Malaysia,China,7.84,41.33,729.24,876.38,885.44,40.19,24.7,1.016,260.7,5.96,0.234,15.2,30.13,147.14,857.62,176.21
2016-08-01,Indonesia,Pakistan,17.77,22.51,697.59,863.06,790.59,52.38,31.24,1.136,198.7,5.54,0.821,19.0,34.05,165.47,884.88,156.05
2023-12-01,Malaysia,India,13.58,58.68,890.14,1001.35,1054.55,70.19,28.6,1.476,268.0,5.65,0.175,30.0,38.65,111.21,1110.11,191.61
2014-03-01,Indonesia,Pakistan,19.32,34.27,716.54,861.03,796.88,45.01,29.25,1.084,185.5,5.4,0.354,15.4,35.09,144.49,930.8,110.56
2022-10-01,Indonesia,India,21.72,47.62,787.08,923.35,918.22,68.13,40.45,1.418,311.0,2.95,0.506,28.2,22.06,136.26,1065.26,213.94
2014-02-01,Indonesia,Pakistan,19.06,39.69,687.12,837.06,840.31,41.1,26.58,1.07,177.8,5.77,0.183,15.2,30.61,149.94,897.01,108.16
2016-04-01,Malaysia,Pakistan,17.38,32.14,706.84,848.55,868.83,48.9,17.73,1.115,148.7,4.98,0.5,18.5,23.11,141.7,888.25,123.52
2014-08-01,Indonesia,India,21.0,38.6,741.26,826.23,886.92,47.26,26.2,1.026,327.4,5.33,0.79,16.0,32.75,84.97,975.32,227.17
2015-03-01,Malaysia,Pakistan,10.65,43.63,759.45,890.28,896.91,46.29,34.55,1.028,133.4,6.35,0.307,16.9,31.94,130.83,926.85,120.21
2018-04-01,Indonesia,India,8.63,35.53,745.05,870.06,908.11,54.18,27.5,1.127,332.8,5.07,0.527,21.5,25.37,125.01,877.81,251.11
2014-07-01,Malaysia,India,9.21,32.91,708.67,867.82,836.99,49.49,27.69,1.086,255.7,4.05,0.869,15.9,36.62,159.15,840.1,221.0
2020-02-01,Malaysia,USA,0.0,45.92,820.83,917.63,936.21,50.08,28.72,1.193,93.2,4.68,0.243,24.2,26.52,96.81,895.47,65.21
2021-10-01,Malaysia,EU-27,6.62,40.5,806.2,958.33,990.86,59.48,36.69,1.394,172.4,4.67,0.523,26.8,31.85,152.13,941.84,149.48
2021-08-01,Indonesia,USA,6.82,28.47,820.58,906.62,979.18,58.55,41.75,1.387,102.7,5.32,0.763,26.5,26.38,86.05,951.52,104.12
2020-05-01,Indonesia,EU-27,13.18,50.19,826.5,955.53,989.56,56.01,26.21,1.287,217.8,4.74,0.639,24.6,37.67,129.04,1021.93,153.66
2024-07-01,Indonesia,India,15.49,46.8,915.0,1073.4,1127.68,67.08,17.83,1.5,318.2,4.64,0.844,30.9,35.65,158.4,1131.41,246.03
2021-10-01,Malaysia,India,13.99,50.3,778.29,859.54,913.62,60.53,37.13,1.315,286.7,3.87,0.54,26.8,34.92,81.25,986.86,178.54
2016-11-01,Indonesia,India,13.32,36.17,680.18,818.54,857.71,51.04,22.84,1.078,327.2,4.58,0.317,19.4,15.53,138.37,837.62,233.65
2016-06-01,Indonesia,EU-27,7.76,42.91,745.95,858.82,867.33,54.01,21.89,1.12,196.1,4.96,0.775,18.8,36.17,112.87,873.66,153.14
2023-05-01,Indonesia,Pakistan,19.62,28.83,813.89,947.57,937.89,60.46,18.49,1.347,172.1,5.59,0.684,29.1,30.62,133.68,1030.2,140.87
2020-10-01,Indonesia,EU-27,6.3,44.53,775.34,870.3,922.44,58.07,27.21,1.23,194.1,5.05,0.51,25.2,29.64,94.97,900.44,149.85
2023-10-01,Malaysia,Pakistan,19.86,58.99,872.61,1006.5,1025.64,64.07,31.79,1.448,157.9,5.89,0.485,29.8,38.55,133.89,1154.69,110.16
2021-11-01,Indonesia,USA,0.0,37.66,775.54,896.13,954.5,68.61,39.58,1.279,109.3,4.37,0.306,26.9,38.85,120.59,852.78,88.82
2020-09-01,Indonesia,EU-27,5.86,46.37,856.62,989.86,993.58,64.98,25.18,1.419,206.3,5.04,0.622,25.1,29.42,133.25,982.58,158.18
2024-07-01,Malaysia,Pakistan,15.25,43.45,947.62,1073.36,1031.42,63.81,27.34,1.5,177.6,4.05,0.881,30.9,29.28,125.75,1173.73,105.91
2021-02-01,Malaysia,China,3.65,40.94,814.01,910.3,949.17,52.88,44.75,1.348,265.2,4.88,0.228,25.8,37.23,96.29,932.49,154.91
2014-04-01,Indonesia,EU-27,7.9,35.86,710.37,839.4,797.85,39.98,18.93,1.058,202.2,3.69,0.505,15.5,32.84,129.03,825.59,146.69
2022-12-01,Indonesia,Pakistan,11.21,44.04,789.83,952.36,892.23,63.47,39.0,1.393,180.6,5.89,0.218,28.5,31.92,162.53,970.73,124.73
2015-05-01,Malaysia,EU-27,3.57,47.97,761.98,945.13,892.21,50.49,23.32,1.13,163.3,4.92,0.716,17.1,22.62,183.15,863.04,167.92
2022-02-01,Indonesia,China,12.52,31.92,749.75,927.09,920.87,60.92,41.05,1.422,279.2,3.86,0.196,27.2,35.88,177.34,925.7,220.92
2018-07-01,Indonesia,Pakistan,17.88,46.54,773.69,903.85,907.44,60.07,29.25,1.279,176.5,5.76,0.826,21.9,33.26,130.16,1001.34,145.55
2019-05-01,Indonesia,Pakistan,22.82,47.0,813.44,930.68,961.05,50.75,34.39,1.234,183.8,5.77,0.697,23.1,36.44,117.24,1099.02,133.68
2020-05-01,Malaysia,USA,1.05,47.88,876.87,979.67,1048.17,61.99,32.43,1.332,123.4,4.91,0.698,24.6,28.33,102.81,967.24,71.18
2021-04-01,Indonesia,China,12.91,40.6,811.5,984.05,975.87,57.95,37.92,1.333,321.7,5.85,0.52,26.0,39.8,172.55,1004.97,227.99
2016-05-01,Malaysia,India,12.91,39.79,701.38,797.98,850.95,47.01,31.37,1.097,282.3,3.3,0.64,18.6,35.6,96.6,872.29,167.27
2024-08-01,Indonesia,China,8.53,50.51,912.07,1049.46,1088.0,67.58,24.86,1.338,295.5,3.78,0.756,31.0,31.05,137.39,1071.63,216.61
2020-05-01,Malaysia,Pakistan,15.63,48.83,845.87,1015.61,1021.26,65.94,26.84,1.252,183.4,5.5,0.659,24.6,22.17,169.74,1065.58,116.46
2020-01-01,Indonesia,USA,0.0,46.69,885.18,1032.24,1035.41,64.24,24.55,1.294,139.1,3.85,0.158,24.1,33.02,147.06,956.43,87.45
2018-08-01,Malaysia,EU-27,6.02,27.48,749.2,873.04,920.35,52.55,27.67,1.242,168.8,4.23,0.822,22.0,24.37,123.83,852.77,161.28
2016-01-01,Malaysia,Pakistan,8.44,44.49,773.19,865.26,929.75,51.23,22.63,1.182,146.9,4.32,0.174,18.1,26.65,92.07,911.2,97.13
2018-08-01,Indonesia,Pakistan,16.34,40.58,719.3,872.91,884.43,46.38,19.25,1.176,194.1,3.64,0.829,22.0,35.51,153.61,906.44,136.51
2017-01-01,Indonesia,EU-27,11.09,40.37,704.19,821.04,848.68,51.09,21.99,1.234,196.8,6.65,0.181,19.6,40.96,116.85,851.59,138.02
2023-07-01,Malaysia,USA,0.0,39.56,841.52,977.6,995.12,55.36,28.44,1.403,130.8,6.0,0.877,29.4,28.14,136.08,909.53,100.2
2016-12-01,Indonesia,Pakistan,16.23,33.06,677.38,765.91,820.28,59.3,27.03,1.237,159.3,5.74,0.197,19.5,34.63,88.53,857.14,113.32
2022-09-01,Malaysia,China,13.53,35.58,776.48,919.21,886.8,72.5,40.58,1.413,246.4,5.06,0.662,28.1,29.4,142.73,967.98,188.53
2021-06-01,Indonesia,Pakistan,13.12,40.36,792.05,912.01,966.85,63.23,35.35,1.378,175.8,4.96,0.813,26.2,32.65,119.95,981.59,135.02
2017-06-01,Indonesia,USA,0.62,38.63,689.6,821.22,807.91,53.35,30.33,1.083,128.1,5.19,0.791,20.2,32.49,131.61,763.29,107.63
2023-09-01,Indonesia,USA,0.0,46.77,863.95,977.69,986.72,65.24,25.58,1.456,119.5,5.65,0.69,29.6,29.78,113.74,936.3,108.48
2014-10-01,Malaysia,Pakistan,15.8,36.85,751.39,908.46,932.25,48.17,22.68,1.032,162.4,6.13,0.496,16.2,30.05,157.07,939.07,123.92
2014-05-01,Malaysia,China,5.55,29.26,688.5,779.56,841.15,43.36,25.7,1.096,251.5,5.1,0.658,15.6,34.39,91.05,784.72,196.92
2020-01-01,Indonesia,India,22.86,44.78,860.14,976.52,997.35,60.08,26.97,1.23,329.6,4.66,0.193,24.1,34.54,116.38,1144.89,205.0
2024-03-01,Malaysia,India,18.84,50.24,929.97,1089.98,1093.22,62.38,17.41,1.5,257.5,2.94,0.287,30.4,28.92,160.01,1185.58,194.54
2022-01-01,Indonesia,China,2.94,36.93,764.02,874.08,902.44,69.11,40.0,1.323,294.5,6.13,0.171,27.1,23.45,110.06,865.68,219.07
2018-08-01,Indonesia,Pakistan,15.27,52.23,782.95,947.18,944.6,49.66,23.42,1.294,173.5,4.1,0.792,22.0,32.76,164.23,989.68,148.86
2022-05-01,Malaysia,Pakistan,12.26,43.79,824.98,992.89,957.32,62.02,38.47,1.38,144.2,4.56,0.658,27.6,19.32,167.91,1018.43,137.18
2022-09-01,Malaysia,USA,7.3,42.12,794.47,951.3,969.86,56.04,46.18,1.388,108.7,4.42,0.716,28.1,36.94,156.83,947.17,107.99
2019-06-01,Indonesia,EU-27,5.96,38.12,815.14,948.35,968.39,53.56,25.5,1.277,185.2,3.56,0.79,23.2,32.62,133.21,931.17,155.7
2019-05-01,Indonesia,China,7.87,40.82,809.08,942.17,945.06,52.47,22.83,1.147,298.8,2.33,0.675,23.1,28.0,133.1,941.38,220.97
2021-08-01,Indonesia,EU-27,7.44,38.55,791.35,962.0,901.63,58.14,32.48,1.289,214.9,4.52,0.81,26.5,23.18,170.64,926.52,193.36
2014-05-01,Indonesia,USA,2.31,32.44,690.66,790.62,803.5,52.36,23.47,1.116,142.3,3.62,0.682,15.6,31.49,99.96,763.84,95.98
2020-03-01,Indonesia,USA,0.0,41.17,894.97,1031.73,1037.06,60.1,29.2,1.333,133.6,4.93,0.311,24.4,36.01,136.76,965.34,76.93
2015-06-01,Malaysia,EU-27,3.1,44.25,763.18,914.71,928.48,52.63,23.69,1.136,170.0,5.39,0.838,17.2,33.3,151.53,856.89,181.02
2021-01-01,Indonesia,China,6.97,40.46,812.63,971.93,1008.79,66.45,43.96,1.398,318.4,4.99,0.149,25.6,35.98,159.3,959.58,204.89
2022-12-01,Malaysia,Pakistan,16.98,42.38,797.05,921.38,940.16,70.83,33.89,1.33,169.9,5.05,0.221,28.5,26.44,124.33,1021.62,92.24
2022-05-01,Indonesia,India,19.06,38.02,773.56,919.73,931.97,64.92,43.82,1.315,323.6,3.36,0.674,27.6,40.25,146.17,1018.42,237.31
2020-04-01,Indonesia,Pakistan,14.73,55.5,874.14,996.73,1001.77,56.69,28.69,1.295,171.7,4.74,0.485,24.5,16.85,122.59,1099.51,117.23
2022-04-01,Malaysia,Pakistan,19.37,46.28,786.62,907.79,975.96,61.06,41.96,1.339,162.1,4.89,0.489,27.5,30.58,121.18,1044.33,99.07
2022-01-01,Malaysia,China,6.89,49.27,800.32,944.83,950.98,59.95,40.67,1.456,265.5,4.7,0.146,27.1,28.69,144.51,951.6,177.61
2020-07-01,Indonesia,EU-27,4.19,32.83,838.38,1000.6,1046.06,59.1,20.81,1.358,207.5,3.28,0.881,24.9,26.65,162.22,929.35,176.96
2024-02-01,Malaysia,China,9.23,47.82,921.82,1040.41,1106.52,75.26,25.26,1.5,254.9,5.09,0.179,30.2,30.36,118.59,1086.77,172.0
2018-12-01,Indonesia,India,14.7,45.15,773.81,917.38,925.4,56.08,28.38,1.241,354.7,4.14,0.174,22.5,18.24,143.57,971.88,218.17
2018-03-01,Indonesia,China,10.27,43.22,721.97,879.48,893.1,54.98,27.01,1.259,310.1,4.89,0.351,21.4,24.94,157.5,873.55,215.4
2021-04-01,Malaysia,USA,0.0,39.53,796.09,916.38,954.83,63.57,36.77,1.328,101.4,5.09,0.484,26.0,29.39,120.29,872.39,83.35
2020-01-01,Malaysia,Pakistan,11.58,40.7,887.58,1079.85,1014.2,62.03,24.16,1.179,166.1,5.68,0.185,24.1,30.24,192.27,1062.74,117.77
2023-06-01,Malaysia,EU-27,0.98,34.11,846.21,1006.75,1011.66,61.59,30.13,1.445,169.6,2.87,0.779,29.2,21.17,160.53,919.41,183.19
2017-11-01,Indonesia,Pakistan,17.64,40.86,675.71,775.99,847.2,49.51,25.95,1.214,184.5,5.8,0.339,20.9,33.51,100.28,873.5,114.43
2014-03-01,Malaysia,China,8.73,40.17,693.18,803.96,848.8,50.08,26.17,1.06,246.0,4.78,0.332,15.4,25.33,110.78,825.85,176.38
2022-10-01,Indonesia,EU-27,10.41,44.84,772.57,923.33,914.74,54.72,35.27,1.319,249.8,3.88,0.524,28.2,37.72,150.76,941.43,128.6
2021-06-01,Indonesia,USA,0.0,49.01,781.02,891.4,985.33,71.73,30.85,1.405,151.7,6.31,0.805,26.2,32.83,110.38,860.88,104.27
2016-03-01,Indonesia,USA,6.87,40.42,752.56,887.85,947.49,49.75,14.91,1.236,119.3,5.01,0.335,18.4,30.35,135.29,863.39,88.04
2019-01-01,Indonesia,Pakistan,19.6,46.02,777.53,909.13,890.22,57.17,32.99,1.283,171.8,5.32,0.168,22.6,25.36,131.61,1024.43,114.34
2019-10-01,Indonesia,India,22.73,49.5,834.39,936.26,948.25,56.78,30.46,1.224,294.1,6.58,0.496,23.8,27.82,101.88,1122.18,234.97
2018-04-01,Indonesia,China,2.89,40.01,719.11,843.59,886.47,53.96,25.6,1.208,297.5,4.62,0.503,21.5,30.81,124.49,807.38,235.11
2017-09-01,Indonesia,China,11.02,33.91,667.21,831.81,863.95,60.95,26.57,1.177,282.7,3.66,0.657,20.6,19.96,164.6,807.86,224.99
2015-03-01,Indonesia,Pakistan,18.23,30.45,757.32,850.62,934.06,46.7,20.68,0.928,193.1,3.83,0.354,16.9,22.34,93.3,955.84,84.16
2024-10-01,Indonesia,India,22.97,49.81,930.64,1070.73,1140.37,64.55,27.09,1.379,334.4,3.77,0.464,31.2,29.3,140.1,1238.93,216.53
2014-03-01,Indonesia,India,16.29,32.0,695.58,820.16,871.55,46.95,24.09,1.119,314.6,4.29,0.362,15.4,28.35,124.58,874.08,216.12
2014-10-01,Malaysia,USA,3.51,38.86,766.07,909.53,856.61,59.92,26.61,1.072,112.0,5.64,0.529,16.2,20.43,143.46,860.72,102.92
2022-09-01,Indonesia,India,28.17,43.02,793.38,864.56,923.83,67.11,42.41,1.358,359.5,6.5,0.692,28.1,17.58,71.19,1126.36,190.3
2024-08-01,Indonesia,India,15.47,47.36,916.74,1026.11,1056.86,61.41,27.54,1.5,319.9,5.54,0.791,31.0,26.36,109.37,1145.02,230.18
2015-07-01,Indonesia,China,11.35,28.76,714.29,852.92,912.56,50.34,23.48,1.142,279.9,4.09,0.873,17.4,26.95,138.63,853.55,216.66
2014-07-01,Malaysia,India,5.64,43.25,756.69,870.33,943.44,52.88,26.32,0.933,267.2,7.19,0.81,15.9,30.34,113.64,872.86,232.78
2014-07-01,Malaysia,China,4.14,36.39,739.03,853.25,906.74,45.7,20.98,1.037,246.6,4.11,0.853,15.9,35.19,114.21,829.39,204.35
2023-05-01,Malaysia,China,13.4,42.01,818.84,957.64,981.2,63.53,31.95,1.382,258.9,4.58,0.68,29.1,19.87,138.8,1012.39,200.55
2018-01-01,Indonesia,USA,1.54,35.99,713.69,832.73,843.46,47.21,21.27,1.21,128.2,3.89,0.162,21.1,29.96,119.04,782.79,90.33
2019-09-01,Indonesia,USA,0.0,38.52,844.15,942.62,982.63,62.06,30.14,1.186,146.1,5.24,0.648,23.6,30.86,98.47,912.81,97.45
2024-12-01,Indonesia,EU-27,9.78,50.09,907.17,1035.37,1061.37,67.1,23.21,1.484,186.1,1.79,0.18,31.5,37.62,128.2,1076.31,131.8
2023-01-01,Malaysia,China,8.4,50.34,801.99,921.1,934.09,59.76,19.56,1.472,268.5,4.17,0.158,28.6,29.39,119.11,945.1,151.26
2020-02-01,Malaysia,India,19.77,47.34,867.22,1051.14,1042.71,53.27,33.22,1.368,271.6,4.77,0.174,24.2,33.27,183.93,1135.17,194.62
2019-09-01,Indonesia,EU-27,2.21,39.35,836.79,972.61,977.65,62.76,29.72,1.163,199.1,4.52,0.684,23.6,30.77,135.82,925.86,140.05
2016-11-01,Indonesia,India,9.82,30.17,709.67,880.16,893.2,51.12,28.97,1.004,348.9,6.57,0.333,19.4,34.99,170.49,844.28,255.26
2015-08-01,Malaysia,Pakistan,12.9,40.29,728.09,820.37,843.96,58.52,28.36,1.063,170.2,3.57,0.794,17.5,18.92,92.29,899.55,109.43
2014-12-01,Indonesia,USA,1.2,39.32,736.73,894.95,909.57,47.59,25.88,1.113,176.4,3.69,0.205,16.5,31.96,158.22,811.53,88.9
2024-05-01,Indonesia,USA,0.0,46.6,916.13,1047.16,1070.71,70.43,25.31,1.364,139.9,5.29,0.679,30.6,23.53,131.04,988.04,95.53
2024-05-01,Indonesia,China,14.98,56.02,942.4,1068.94,1029.6,58.93,28.74,1.446,300.0,5.38,0.702,30.6,35.88,126.55,1181.05,211.0
2021-04-01,Malaysia,EU-27,12.15,47.17,813.77,981.53,949.59,63.95,40.61,1.314,161.9,4.51,0.484,26.0,28.85,167.76,1011.12,135.89
2024-10-01,Malaysia,USA,5.0,55.93,947.72,1094.34,1080.5,62.86,30.2,1.5,98.2,5.83,0.489,31.2,26.52,146.62,1085.52,112.28
2014-02-01,Malaysia,EU-27,7.9,32.18,686.4,840.77,809.89,53.03,33.15,1.045,146.3,5.17,0.177,15.2,28.04,154.37,811.14,138.0
2018-12-01,Indonesia,Pakistan,12.96,46.8,767.69,871.32,943.13,56.54,31.89,1.241,188.8,4.4,0.208,22.5,32.04,103.63,956.05,111.14
2014-12-01,Indonesia,EU-27,12.32,40.94,717.51,865.34,872.49,51.59,24.6,0.986,181.2,5.25,0.221,16.5,36.34,147.83,879.51,136.68
2015-02-01,Malaysia,USA,0.18,36.37,778.43,889.84,943.71,50.34,28.88,1.036,106.7,3.67,0.213,16.8,28.19,111.41,845.21,70.76
2019-07-01,Indonesia,EU-27,9.36,40.55,843.72,989.2,1065.38,52.32,29.87,1.269,186.3,4.69,0.878,23.4,30.09,145.48,999.69,171.65
2019-05-01,Indonesia,USA,0.0,39.19,829.32,970.94,1019.67,54.55,27.18,1.062,151.1,4.31,0.692,23.1,23.04,141.62,895.68,128.83
2018-06-01,Indonesia,EU-27,11.54,36.86,728.95,869.55,898.94,57.57,19.18,1.045,194.1,3.8,0.804,21.8,27.24,140.6,875.55,153.51
2019-09-01,Malaysia,EU-27,7.59,44.08,824.11,970.39,966.16,72.38,23.3,1.198,181.6,4.27,0.695,23.6,29.59,146.28,959.13,140.04
2017-01-01,Indonesia,India,14.14,27.44,704.41,858.11,897.59,54.18,25.71,1.196,341.3,4.78,0.157,19.6,38.35,153.7,864.64,225.18
2019-05-01,Malaysia,EU-27,10.93,29.88,811.12,972.01,972.35,55.62,26.2,1.265,205.2,4.61,0.663,23.1,32.38,160.89,961.97,116.41
2015-04-01,Indonesia,Pakistan,16.36,38.32,755.33,894.11,940.6,52.76,28.11,1.108,182.4,5.5,0.497,17.0,26.24,138.78,956.17,127.05
2018-08-01,Indonesia,EU-27,4.32,42.5,771.44,916.19,850.36,57.82,18.88,1.283,198.0,4.41,0.836,22.0,29.32,144.75,868.82,191.27
2024-06-01,Indonesia,Pakistan,16.05,54.59,926.09,1065.11,1057.74,57.33,23.51,1.5,188.9,4.94,0.798,30.8,28.57,139.01,1165.41,127.81
2022-05-01,Indonesia,China,14.48,32.73,776.06,924.66,907.96,66.88,33.76,1.439,317.4,6.51,0.691,27.6,29.33,148.6,964.52,218.67
2023-09-01,Malaysia,China,3.32,47.12,844.83,977.21,962.78,69.21,24.89,1.412,243.1,1.92,0.666,29.6,25.66,132.38,947.3,183.2
2014-02-01,Malaysia,China,4.81,32.49,751.0,862.49,923.12,52.56,20.52,0.957,259.1,5.16,0.2,15.2,25.09,111.49,842.72,169.09
2023-09-01,Indonesia,China,10.91,41.34,842.05,1021.18,968.43,70.31,27.85,1.384,300.0,5.62,0.664,29.6,32.06,179.13,1010.63,229.16
2024-03-01,Malaysia,EU-27,5.45,47.37,905.5,995.21,1077.36,76.4,26.83,1.5,193.4,5.71,0.334,30.4,33.38,89.71,1033.07,113.95
2020-10-01,Malaysia,USA,0.0,41.54,838.3,936.56,972.72,65.07,30.6,1.307,115.4,3.38,0.5,25.2,36.94,98.26,910.45,56.72
2015-01-01,Malaysia,China,1.81,37.2,736.19,848.36,883.64,48.44,19.76,1.068,224.7,5.66,0.148,16.6,24.02,112.17,807.55,174.54
2020-01-01,Indonesia,India,24.34,46.85,830.59,962.04,955.48,57.74,19.42,1.221,319.9,4.12,0.156,24.1,35.24,131.44,1115.19,200.39
2019-09-01,Indonesia,Pakistan,17.03,49.21,823.29,963.71,967.0,52.61,34.4,1.349,184.2,3.74,0.67,23.6,42.34,140.41,1061.37,112.82
2018-09-01,Indonesia,India,16.29,43.54,815.52,923.81,982.57,56.32,18.8,1.249,336.7,6.41,0.65,22.1,31.41,108.3,1020.84,223.27
2024-12-01,Malaysia,Pakistan,11.17,45.86,950.68,1129.81,1086.67,72.78,33.73,1.5,160.8,5.55,0.184,31.5,30.54,179.13,1145.38,111.18
2023-03-01,Malaysia,Pakistan,16.64,45.97,817.36,930.8,941.96,65.27,30.09,1.477,152.8,7.37,0.36,28.9,25.14,113.44,1042.07,107.61
2016-01-01,Malaysia,USA,0.0,39.31,727.24,902.02,884.62,39.5,28.94,1.081,103.7,5.59,0.172,18.1,33.47,174.78,795.48,99.04
2018-12-01,Malaysia,India,16.72,41.92,782.41,886.86,926.68,51.23,22.8,1.345,251.6,4.77,0.206,22.5,28.47,104.45,988.81,169.67
2019-08-01,Malaysia,India,19.17,48.39,818.0,964.01,980.8,65.84,35.09,1.292,267.3,4.43,0.79,23.5,34.17,146.01,1074.27,207.3
2022-09-01,Malaysia,Pakistan,12.67,40.3,780.65,914.37,910.83,63.57,36.1,1.367,149.7,4.21,0.658,28.1,28.64,133.72,965.6,100.08
2016-03-01,Indonesia,USA,0.0,39.19,745.51,872.83,932.01,48.71,33.78,1.206,145.9,7.1,0.317,18.4,27.88,127.31,818.47,93.67
2020-05-01,Indonesia,India,15.82,42.03,833.64,962.14,956.16,59.79,21.35,1.306,317.8,4.24,0.72,24.6,34.32,128.5,1038.89,243.4
2018-03-01,Indonesia,EU-27,10.27,31.83,742.04,879.56,894.02,54.86,25.73,1.076,215.5,4.74,0.305,21.4,30.92,137.53,881.68,155.48
2015-07-01,Malaysia,India,12.73,41.29,715.1,843.27,849.21,51.31,26.8,1.079,275.5,4.48,0.878,17.4,32.02,128.17,882.9,220.65
2022-03-01,Indonesia,USA,0.0,43.56,771.12,934.09,973.6,59.05,38.09,1.263,115.1,4.73,0.371,27.4,38.49,162.97,852.77,116.08
2024-03-01,Indonesia,USA,1.94,48.14,899.27,1031.37,1031.57,63.48,24.9,1.484,143.7,4.99,0.337,30.4,37.82,132.1,991.13,79.37
2024-12-01,Malaysia,EU-27,10.18,41.04,944.93,1067.0,1112.49,65.77,26.56,1.443,166.0,3.76,0.209,31.5,23.39,122.07,1115.55,126.46
2014-04-01,Indonesia,USA,0.0,38.95,701.02,849.7,856.24,55.08,28.76,1.063,130.6,5.29,0.491,15.5,26.28,148.67,768.74,121.47
2014-10-01,Indonesia,USA,0.09,40.01,755.73,860.36,918.88,56.18,21.89,0.985,156.2,6.03,0.503,16.2,30.37,104.63,818.37,95.7
2019-01-01,Indonesia,EU-27,8.25,39.72,800.03,936.57,960.63,51.45,34.08,1.204,239.2,4.64,0.148,22.6,28.53,136.54,945.92,119.44
2014-04-01,Indonesia,China,17.52,37.75,732.97,857.84,889.98,44.56,26.55,0.974,280.2,5.94,0.495,15.5,31.65,124.87,936.93,209.63
2016-01-01,Malaysia,India,6.58,36.29,719.03,845.62,882.81,47.7,23.87,1.227,277.2,5.39,0.1,18.1,32.38,126.59,830.48,193.14
2015-05-01,Indonesia,Pakistan,16.26,35.39,784.81,891.38,893.76,47.89,24.97,1.089,201.0,2.78,0.676,17.1,19.86,106.56,982.6,122.52
2021-04-01,Indonesia,Pakistan,22.38,31.75,835.86,976.75,991.54,63.91,41.44,1.344,191.1,5.74,0.488,26.0,24.25,140.89,1112.44,104.62
2021-01-01,Malaysia,USA,0.0,43.94,802.98,943.42,972.6,69.75,46.01,1.257,108.7,5.66,0.125,25.6,31.15,140.44,892.93,90.96
2021-01-01,Malaysia,India,19.34,51.04,830.99,994.41,980.96,59.26,30.11,1.262,262.0,4.87,0.158,25.6,31.71,163.41,1088.58,190.94
2017-04-01,Indonesia,India,13.68,21.47,689.97,819.2,827.13,47.69,33.15,1.153,313.4,4.84,0.525,20.0,33.44,129.23,846.44,233.56
2024-09-01,Malaysia,USA,0.0,46.28,917.51,1042.97,1074.57,70.22,25.52,1.465,114.4,6.25,0.699,31.1,29.3,125.47,989.32,99.77
2021-04-01,Indonesia,India,19.77,38.47,782.6,906.53,916.39,71.36,36.74,1.2,340.6,4.53,0.492,26.0,30.91,123.93,1027.38,214.23
2017-12-01,Malaysia,USA,0.65,38.4,684.93,807.84,844.28,62.6,24.51,1.081,116.7,4.78,0.189,21.0,22.09,122.91,752.69,61.55
2020-02-01,Malaysia,Pakistan,15.46,55.92,866.31,1025.15,1004.58,70.48,21.52,1.33,164.2,4.41,0.216,24.2,36.53,158.84,1089.7,93.8
2023-06-01,Indonesia,USA,2.18,40.94,830.79,1000.87,976.67,57.29,30.73,1.267,136.7,6.78,0.818,29.2,33.43,170.08,922.12,138.34
2015-07-01,Indonesia,USA,0.0,35.15,738.64,863.83,916.37,40.66,24.1,1.054,118.2,4.46,0.826,17.4,32.07,125.19,797.89,125.75
2016-01-01,Malaysia,EU-27,2.98,48.58,730.49,836.17,862.27,50.17,28.82,1.135,179.9,4.3,0.153,18.1,33.48,105.68,831.99,115.14
2014-06-01,Indonesia,China,8.03,36.71,727.64,865.33,907.73,53.21,26.65,1.033,291.9,5.14,0.793,15.8,27.07,137.69,854.53,240.51
2018-01-01,Indonesia,China,9.82,41.66,739.89,857.01,909.8,59.11,26.35,1.233,279.2,4.8,0.164,21.1,35.14,117.12,887.22,200.95
2014-09-01,Malaysia,USA,3.31,41.52,737.55,844.16,876.69,50.93,26.89,0.989,108.5,7.34,0.647,16.1,23.96,106.61,832.67,96.4
2020-11-01,Indonesia,China,12.87,42.44,811.67,958.37,1001.75,61.71,24.24,1.341,272.6,4.44,0.344,25.4,18.51,146.7,991.38,195.94
2017-11-01,Indonesia,India,13.13,29.43,699.37,832.98,837.61,49.42,21.14,1.2,351.7,3.84,0.315,20.9,28.67,133.61,848.43,225.14
2017-06-01,Malaysia,USA,2.48,32.48,721.58,816.39,903.05,50.68,24.33,1.123,98.9,5.68,0.815,20.2,33.22,94.81,797.67,95.97
2019-07-01,Malaysia,India,17.27,47.34,823.64,967.55,986.52,52.54,35.13,1.381,266.4,4.14,0.885,23.4,33.0,143.91,1062.61,201.53
2021-01-01,Malaysia,China,6.33,50.12,805.99,945.75,933.96,52.71,45.06,1.288,285.2,6.22,0.136,25.6,28.69,139.76,958.23,170.26
2017-01-01,Malaysia,Pakistan,13.35,34.54,681.48,790.3,886.37,59.96,25.99,1.205,157.7,4.11,0.137,19.6,36.47,108.82,841.07,84.06
2018-07-01,Indonesia,USA,0.0,41.81,726.86,845.46,887.06,62.48,29.07,1.194,144.3,5.87,0.884,21.9,37.87,118.6,797.74,108.3
2018-07-01,Malaysia,Pakistan,14.86,44.74,754.65,885.94,914.45,49.43,23.85,1.215,164.9,5.38,0.853,21.9,31.44,131.29,945.59,118.44
2016-07-01,Malaysia,USA,0.0,35.29,726.09,841.06,822.72,51.99,17.4,0.999,116.4,5.13,0.841,18.9,22.14,114.98,778.78,109.48
2022-07-01,Malaysia,India,20.55,46.38,771.56,926.78,872.55,66.92,41.43,1.445,270.9,3.9,0.851,27.9,29.54,155.22,1035.99,205.53
2021-05-01,Indonesia,USA,0.0,45.04,821.03,960.43,980.89,65.64,43.36,1.378,120.0,4.55,0.664,26.1,29.13,139.4,909.43,114.46
2015-08-01,Malaysia,USA,0.0,45.82,774.17,902.35,912.35,49.07,27.27,1.181,102.9,4.9,0.779,17.5,33.29,128.18,847.26,110.29
2021-12-01,Malaysia,Pakistan,14.18,39.89,767.23,905.25,966.02,61.74,54.01,1.325,154.8,4.67,0.187,27.0,29.87,138.01,983.22,85.13
2022-05-01,Indonesia,India,26.7,43.71,763.22,915.94,983.99,68.67,35.59,1.443,313.5,4.3,0.67,27.6,28.23,152.72,1067.48,217.35
2019-11-01,Malaysia,EU-27,3.94,49.88,843.26,959.8,977.73,51.0,33.51,1.327,185.1,3.11,0.324,23.9,26.74,116.54,963.2,105.51
2020-05-01,Indonesia,India,23.93,37.39,821.19,932.5,922.39,51.47,29.88,1.473,348.1,5.19,0.681,24.6,24.26,111.31,1101.08,230.18
2024-12-01,Indonesia,India,26.55,54.28,938.13,1064.84,1105.77,67.28,29.61,1.5,333.4,4.29,0.195,31.5,34.18,126.71,1293.39,202.61
2023-12-01,Malaysia,China,4.79,53.46,879.5,1010.08,1074.1,70.01,21.15,1.5,254.3,6.24,0.208,30.0,29.95,130.58,999.79,178.85
2017-09-01,Malaysia,USA,0.0,29.42,695.38,837.71,839.28,50.42,22.39,1.082,108.6,4.93,0.664,20.6,31.85,142.33,747.19,117.64
2024-07-01,Indonesia,China,9.97,54.93,915.39,1069.2,1048.11,65.42,21.8,1.49,298.1,5.49,0.838,30.9,30.12,153.8,1091.05,246.17
2023-04-01,Malaysia,China,13.84,46.26,856.96,992.05,976.11,71.06,31.27,1.448,223.8,4.17,0.49,29.0,28.18,135.09,1063.79,170.04
2015-05-01,Indonesia,EU-27,4.18,41.27,741.13,903.21,905.55,53.66,23.97,1.032,223.0,3.95,0.655,17.1,24.41,162.08,840.1,185.39
2015-09-01,Indonesia,Pakistan,17.35,35.94,733.17,895.56,890.84,43.47,17.73,1.104,201.8,4.38,0.669,17.6,27.21,162.38,923.32,141.83
2018-07-01,Indonesia,China,7.42,42.17,740.46,886.62,914.83,46.12,25.77,1.243,302.0,5.79,0.824,21.9,21.67,146.16,868.41,256.16
2020-05-01,Indonesia,USA,0.0,42.56,850.81,969.57,999.35,52.67,29.45,1.322,142.6,5.71,0.723,24.6,22.41,118.77,922.82,97.13
2015-07-01,Indonesia,India,15.97,45.73,781.13,907.08,944.61,44.87,25.49,1.102,335.6,5.62,0.832,17.4,21.8,125.94,988.43,254.41
2017-11-01,Indonesia,Pakistan,10.97,40.59,709.64,814.73,839.24,55.64,27.45,1.063,188.0,7.43,0.315,20.9,22.75,105.09,862.98,118.73
2023-09-01,Indonesia,China,7.67,38.37,830.36,969.01,966.33,77.05,23.96,1.404,314.2,4.69,0.677,29.6,30.32,138.65,961.18,233.31
2024-12-01,Indonesia,EU-27,11.94,51.07,919.88,1040.62,1084.58,71.44,24.94,1.5,201.4,4.16,0.203,31.5,28.04,120.74,1114.79,117.64
2015-01-01,Indonesia,EU-27,2.98,33.04,764.68,903.95,928.33,47.92,31.17,0.978,222.1,6.29,0.136,16.6,31.28,139.27,853.55,142.67
2017-12-01,Indonesia,China,6.01,39.25,688.96,819.05,827.86,58.69,25.45,1.214,291.7,5.82,0.17,21.0,23.83,130.08,798.93,208.01
2016-04-01,Indonesia,China,9.51,37.25,749.11,874.79,903.93,46.81,23.98,1.017,311.4,4.33,0.441,18.5,31.78,125.68,887.4,223.45
2018-02-01,Indonesia,India,12.46,34.31,745.1,853.52,924.48,57.47,28.19,1.187,321.9,6.55,0.198,21.2,28.12,108.42,908.24,212.38
2019-07-01,Indonesia,USA,1.53,41.6,816.66,962.79,1006.85,55.96,18.84,1.111,131.1,2.77,0.845,23.4,27.86,146.13,890.56,111.45
2019-09-01,Indonesia,EU-27,8.65,44.04,841.12,950.51,997.67,64.04,20.76,1.263,202.8,4.83,0.677,23.6,27.99,109.39,984.31,141.85
2022-11-01,Indonesia,China,1.7,31.38,802.61,956.53,982.42,63.35,41.79,1.363,321.4,6.22,0.327,28.4,27.38,153.92,890.68,226.03
2020-10-01,Malaysia,India,26.03,35.19,823.93,986.42,1002.74,65.1,24.42,1.313,262.8,4.92,0.526,25.2,30.55,162.49,1113.5,175.15
2019-08-01,Indonesia,EU-27,6.5,42.64,842.78,968.19,1009.17,60.06,22.45,1.194,205.7,5.14,0.769,23.5,33.66,125.41,966.86,158.71
2015-07-01,Indonesia,EU-27,10.37,41.29,772.91,863.01,941.09,54.11,25.09,1.072,206.1,3.63,0.843,17.4,32.46,90.1,926.34,152.47
2019-04-01,Indonesia,USA,0.0,49.55,801.13,972.23,922.91,58.56,20.47,1.321,129.2,4.64,0.475,23.0,36.1,171.1,871.15,122.49
2023-07-01,Malaysia,India,16.05,45.56,885.73,1037.45,1039.79,60.39,24.37,1.418,275.8,4.22,0.853,29.4,31.89,151.72,1109.08,198.85
2023-07-01,Indonesia,Pakistan,17.25,44.38,824.05,954.76,992.42,71.6,30.11,1.486,207.6,5.74,0.885,29.4,27.12,130.71,1053.51,134.75
2020-07-01,Malaysia,China,8.4,44.72,822.75,977.15,991.45,64.73,27.78,1.28,252.7,2.7,0.851,24.9,27.72,154.4,970.45,201.25
2019-03-01,Malaysia,USA,2.77,51.18,833.79,961.24,1026.65,50.8,19.99,1.194,114.0,5.28,0.347,22.9,24.42,127.46,929.99,74.38
2018-07-01,Indonesia,India,17.66,39.0,755.98,886.06,904.63,60.69,20.9,1.115,343.0,5.21,0.844,21.9,22.59,130.09,959.93,259.24
2020-04-01,Indonesia,EU-27,5.21,28.67,834.04,976.33,961.86,52.78,28.18,1.244,210.8,6.59,0.492,24.5,33.39,142.29,937.36,172.63
2023-09-01,Indonesia,EU-27,8.0,43.39,838.43,961.85,971.01,61.42,28.77,1.494,201.9,5.25,0.666,29.6,26.06,123.42,983.39,148.49
2015-12-01,Malaysia,EU-27,9.22,37.75,745.9,886.11,903.48,52.37,27.01,1.006,177.3,4.54,0.191,18.0,22.01,140.21,885.43,135.06
2014-12-01,Indonesia,Pakistan,15.12,42.04,742.0,843.63,869.21,48.28,31.16,1.027,165.8,3.78,0.194,16.5,23.15,101.63,938.47,102.19
2014-06-01,Malaysia,Pakistan,18.42,41.78,729.41,847.93,946.53,49.02,22.0,0.964,180.2,3.09,0.8,15.8,33.49,118.52,939.29,114.15
2024-12-01,Indonesia,EU-27,8.95,55.08,922.18,1028.59,1079.35,58.88,23.8,1.465,194.2,4.42,0.193,31.5,28.41,106.4,1090.69,132.41
2020-07-01,Indonesia,Pakistan,13.82,40.77,808.93,984.14,934.74,64.91,26.04,1.251,182.6,3.44,0.863,24.9,25.51,175.21,996.76,143.65
2021-02-01,Malaysia,Pakistan,14.68,50.09,817.54,948.92,1038.06,59.67,40.9,1.319,156.7,4.99,0.216,25.8,36.73,131.38,1041.88,102.64
2016-04-01,Malaysia,China,5.31,40.54,736.35,892.95,888.11,56.59,27.58,1.281,241.6,6.08,0.519,18.5,29.46,156.61,847.18,196.72
2020-04-01,Malaysia,EU-27,3.93,52.7,854.88,1010.36,979.31,59.21,20.99,1.242,193.2,4.96,0.509,24.5,28.89,155.48,965.06,153.43
2020-12-01,Malaysia,Pakistan,16.04,40.73,822.01,976.03,926.7,62.07,19.86,1.286,163.0,4.59,0.203,25.5,25.34,154.02,1024.21,93.99
2015-06-01,Indonesia,USA,2.02,32.88,747.58,869.82,931.44,51.58,28.31,1.058,136.8,4.4,0.799,17.2,30.52,122.24,825.14,106.48
2014-08-01,Malaysia,USA,2.16,47.21,774.75,905.19,977.35,51.38,35.4,1.149,92.6,4.84,0.803,16.0,24.92,130.44,875.88,93.17
2016-04-01,Indonesia,India,17.21,37.69,710.2,812.65,860.0,52.71,27.02,1.224,327.1,4.61,0.506,18.5,24.08,102.44,908.25,226.2
2020-05-01,Indonesia,Pakistan,23.26,48.38,845.37,987.21,984.61,53.21,30.64,1.306,189.4,6.03,0.673,24.6,28.71,141.84,1139.43,131.8
2018-10-01,Malaysia,EU-27,9.1,36.1,754.33,901.53,915.85,57.37,27.71,1.194,171.3,6.34,0.496,22.2,31.19,147.21,892.6,141.7
2016-11-01,Indonesia,India,10.45,42.06,698.46,831.81,882.88,50.47,24.13,1.217,337.1,6.27,0.313,19.4,34.36,133.35,844.54,240.32
2018-03-01,Malaysia,Pakistan,15.51,33.61,705.25,817.85,823.96,53.41,27.55,1.083,158.1,3.37,0.316,21.4,28.81,112.6,885.26,98.14
2021-01-01,Indonesia,EU-27,5.42,46.61,825.78,933.65,959.3,62.91,47.29,1.39,213.3,4.78,0.148,25.6,34.07,107.88,969.5,120.81
2017-01-01,Indonesia,India,8.68,37.12,720.99,854.17,883.78,53.63,23.82,0.935,320.6,4.31,0.168,19.6,29.21,133.18,849.81,231.36
2014-12-01,Indonesia,India,15.79,35.31,727.19,869.32,899.98,42.63,24.95,1.059,355.4,4.5,0.199,16.5,24.99,142.13,911.75,208.6
2016-04-01,Malaysia,China,3.08,32.93,738.9,865.53,913.07,57.64,25.5,1.034,240.4,3.52,0.491,18.5,25.17,126.63,821.88,193.95
2015-07-01,Malaysia,USA,0.0,46.23,773.34,923.99,948.57,50.44,24.99,1.074,108.1,5.34,0.868,17.4,35.32,150.66,844.56,121.86
2019-12-01,Indonesia,EU-27,7.91,41.82,831.01,994.2,956.6,59.71,20.84,1.275,197.1,3.22,0.161,24.0,30.93,163.18,964.34,125.64
2017-12-01,Indonesia,Pakistan,23.77,33.81,698.14,819.22,867.21,61.45,30.64,1.284,181.8,6.03,0.153,21.0,31.49,121.08,943.84,117.92
2014-03-01,Indonesia,China,11.4,28.98,717.75,863.05,801.62,41.07,27.33,1.068,307.3,5.28,0.315,15.4,23.07,145.31,862.26,222.48
2018-09-01,Indonesia,India,12.86,34.03,724.52,824.68,916.43,52.08,25.8,1.321,333.8,4.87,0.673,22.1,30.32,100.15,885.21,238.55
2019-09-01,Malaysia,USA,1.77,47.67,830.67,954.76,963.42,63.44,25.02,1.256,100.2,4.24,0.666,23.6,26.71,124.09,919.37,91.33
2022-08-01,Indonesia,EU-27,0.0,34.93,812.75,895.18,956.07,67.63,32.9,1.439,195.0,3.6,0.804,28.0,23.8,82.43,880.59,157.04
2014-09-01,Malaysia,Pakistan,13.57,39.48,723.81,903.14,903.71,45.95,24.32,1.119,136.5,4.73,0.659,16.1,31.27,179.34,894.47,134.79
2022-12-01,Indonesia,India,21.02,36.7,800.49,983.99,936.26,68.86,36.43,1.241,330.6,5.32,0.154,28.5,14.41,183.5,1057.22,221.5
2023-03-01,Malaysia,China,9.99,41.79,820.94,938.05,931.79,68.25,18.49,1.382,234.3,4.24,0.308,28.9,28.25,117.11,969.23,177.06
2014-10-01,Malaysia,EU-27,3.25,34.18,759.12,897.13,901.83,52.02,23.26,1.024,167.0,4.07,0.459,16.2,35.59,138.01,843.12,139.07
2021-11-01,Malaysia,India,11.27,38.1,752.89,853.01,885.49,59.85,43.7,1.304,270.1,5.06,0.321,26.9,26.6,100.13,928.77,179.59
2024-08-01,Indonesia,Pakistan,15.78,49.82,923.46,1050.57,1088.0,75.96,24.69,1.5,192.5,4.78,0.812,31.0,21.84,127.11,1155.44,129.7
2018-07-01,Indonesia,India,13.77,37.15,746.8,877.05,940.12,65.89,22.8,1.273,338.2,2.68,0.856,21.9,27.51,130.26,917.85,242.64
2015-03-01,Malaysia,India,13.98,37.04,732.54,870.34,893.17,54.05,27.32,1.143,293.5,3.82,0.317,16.9,34.76,137.81,908.28,186.51
2015-03-01,Indonesia,USA,2.72,36.6,771.59,943.8,987.51,41.17,30.61,0.961,123.0,4.63,0.338,16.9,28.15,172.21,861.66,115.97
2014-06-01,Indonesia,USA,0.0,26.82,691.51,805.59,848.35,49.89,24.69,0.981,113.3,4.04,0.816,15.8,25.56,114.09,743.02,121.76
2024-08-01,Malaysia,EU-27,3.1,48.48,922.69,1069.0,1024.52,67.08,21.49,1.48,154.0,3.34,0.765,31.0,21.81,146.31,1023.44,157.1
2015-01-01,Indonesia,EU-27,2.34,37.46,728.85,855.38,887.13,44.77,24.64,1.085,196.2,5.54,0.128,16.6,30.05,126.53,809.42,149.49
2023-06-01,Malaysia,EU-27,6.36,49.23,850.5,965.29,1090.97,64.03,25.65,1.462,207.1,4.05,0.758,29.2,23.49,114.79,984.21,145.38
2019-04-01,Indonesia,EU-27,0.0,43.44,800.67,916.3,928.87,55.37,28.77,1.175,186.3,3.89,0.52,23.0,34.02,115.63,872.89,158.43
2024-08-01,Malaysia,China,9.28,53.29,937.91,1071.11,1121.5,63.52,27.68,1.5,228.9,5.48,0.779,31.0,34.6,133.2,1113.45,217.49
2014-05-01,Malaysia,Pakistan,14.61,30.41,706.84,809.99,846.2,39.97,21.33,1.017,184.9,5.6,0.67,15.6,29.76,103.15,869.43,120.67
2019-03-01,Indonesia,India,22.13,42.85,767.11,900.42,922.19,63.13,21.05,1.231,349.7,4.3,0.34,22.9,25.15,133.31,1014.92,211.16
2024-04-01,Indonesia,Pakistan,18.15,48.43,878.72,986.31,972.28,64.25,28.24,1.436,201.2,5.42,0.494,30.5,28.37,107.59,1128.8,118.73
2020-11-01,Indonesia,Pakistan,19.32,40.56,808.86,933.8,969.7,65.22,23.99,1.439,192.4,4.32,0.336,25.4,33.11,124.94,1042.2,93.13
2016-06-01,Malaysia,USA,0.0,42.18,727.8,872.02,898.5,56.67,20.51,1.245,97.1,4.1,0.775,18.8,29.14,144.22,790.5,120.69
2015-06-01,Malaysia,EU-27,0.0,42.58,757.41,905.88,937.27,54.89,26.95,1.163,174.6,2.9,0.802,17.2,22.54,148.48,826.93,163.07
2017-01-01,Indonesia,EU-27,4.09,25.51,674.71,759.34,862.62,65.26,21.09,0.99,214.6,4.09,0.135,19.6,28.27,84.62,750.81,140.24
2015-02-01,Indonesia,India,16.55,36.9,768.88,870.56,905.39,45.21,28.3,1.08,329.7,4.02,0.202,16.8,29.38,101.68,972.13,212.55
2018-05-01,Indonesia,USA,0.0,32.64,699.27,864.42,862.14,53.96,29.11,1.295,130.6,3.53,0.698,21.6,25.51,165.16,761.02,130.3
2016-07-01,Indonesia,USA,0.0,30.82,697.54,804.84,864.44,56.51,28.27,1.014,159.9,5.25,0.847,18.9,34.15,107.3,756.63,110.04
2017-02-01,Malaysia,EU-27,7.76,34.1,695.71,843.81,872.37,57.92,26.57,1.16,191.0,5.08,0.199,19.8,31.67,148.1,815.04,124.88
2019-11-01,Malaysia,USA,1.72,45.87,828.85,960.43,952.57,57.64,23.85,1.221,114.1,5.88,0.354,23.9,40.07,131.58,914.0,77.54
2014-07-01,Malaysia,EU-27,0.0,32.58,714.46,839.68,842.52,46.51,21.22,1.049,186.7,4.36,0.823,15.9,35.06,125.22,768.25,149.31
2019-04-01,Malaysia,China,5.91,40.53,842.92,968.41,935.45,58.3,31.16,1.262,237.0,4.83,0.501,23.0,20.56,125.49,968.65,196.88
2024-04-01,Indonesia,USA,1.43,51.37,921.23,1040.85,1114.87,70.31,21.49,1.404,124.9,4.16,0.487,30.5,25.24,119.61,1008.32,91.29
2017-04-01,Indonesia,China,6.88,36.32,679.66,805.07,844.93,48.63,22.69,1.111,298.6,3.99,0.491,20.0,30.66,125.41,789.52,228.86
2014-09-01,Malaysia,Pakistan,10.05,35.57,725.26,832.36,857.68,51.34,16.42,1.035,177.9,4.8,0.646,16.1,27.24,107.09,855.39,119.95
2014-06-01,Malaysia,USA,0.0,37.02,704.9,845.19,897.61,45.87,24.22,1.057,97.2,5.24,0.798,15.8,22.01,140.29,766.13,116.16
2017-12-01,Malaysia,EU-27,8.79,36.39,709.31,868.0,897.9,54.12,28.81,1.112,177.8,6.67,0.226,21.0,34.03,158.68,842.62,138.1
2016-11-01,Malaysia,USA,3.33,23.03,645.45,817.16,777.9,38.94,20.43,1.053,102.3,6.42,0.296,19.4,33.76,171.71,711.82,112.88
2020-06-01,Indonesia,Pakistan,20.32,40.9,831.01,936.61,977.65,59.65,24.89,1.403,185.2,4.77,0.84,24.8,25.53,105.6,1079.05,126.73
2022-06-01,Malaysia,USA,2.51,40.47,774.68,913.91,927.32,58.4,37.91,1.305,118.8,4.73,0.786,27.8,36.02,139.23,874.43,102.77
2021-04-01,Malaysia,USA,2.07,34.62,774.37,897.22,855.79,65.13,35.47,1.428,107.1,5.55,0.486,26.0,33.28,122.85,861.9,81.53
2016-09-01,Indonesia,India,12.15,39.42,714.57,848.32,858.39,53.63,23.93,1.086,332.0,4.91,0.677,19.1,33.9,133.76,872.43,258.83
2021-03-01,Malaysia,China,6.98,41.19,795.92,936.49,933.69,52.17,43.76,1.361,252.9,5.52,0.292,25.9,36.22,140.57,942.34,208.15
2020-03-01,Indonesia,India,22.94,46.8,790.87,906.07,907.74,59.61,24.36,1.219,311.2,4.85,0.368,24.4,27.06,115.2,1059.75,219.32
2020-09-01,Malaysia,India,16.05,52.22,837.23,983.8,943.66,63.82,27.82,1.324,273.6,6.04,0.658,25.1,32.98,146.57,1064.45,211.12
2014-08-01,Malaysia,India,9.7,34.86,744.55,847.6,944.71,51.21,25.66,1.075,277.7,4.79,0.789,16.0,28.55,103.05,883.14,220.67
2022-06-01,Malaysia,EU-27,3.94,43.33,816.39,970.64,939.61,70.46,34.95,1.394,164.5,6.18,0.854,27.8,29.99,154.26,929.93,177.03
2020-12-01,Indonesia,China,7.82,47.7,824.26,952.38,979.93,59.17,25.81,1.392,272.5,6.32,0.215,25.5,29.74,128.13,967.98,213.26
2018-11-01,Indonesia,China,4.67,46.29,785.99,919.4,878.76,58.59,31.35,1.329,294.5,4.46,0.285,22.4,33.4,133.41,903.99,200.8
2023-01-01,Indonesia,India,19.73,27.76,773.61,947.78,954.45,57.3,19.25,1.397,338.0,5.64,0.123,28.6,39.91,174.17,982.52,230.31
2016-05-01,Malaysia,EU-27,3.34,33.87,700.53,834.61,838.9,46.14,19.57,1.092,181.9,5.83,0.685,18.6,27.65,134.09,779.18,150.0
2017-12-01,Indonesia,China,6.46,27.47,703.02,799.4,901.76,49.13,30.09,1.383,296.3,6.8,0.241,21.0,30.55,96.38,809.71,201.64
2017-11-01,Malaysia,USA,0.0,32.66,692.92,829.53,810.62,51.06,19.62,1.23,110.9,4.55,0.311,20.9,24.93,136.62,745.2,81.57
2023-05-01,Indonesia,EU-27,3.38,38.01,779.14,933.1,893.02,69.69,16.87,1.458,200.0,4.43,0.673,29.1,21.76,153.96,862.21,182.28
2023-09-01,Malaysia,India,21.31,51.41,851.32,972.75,963.34,57.48,23.74,1.452,290.4,5.09,0.685,29.6,30.44,121.43,1123.89,187.36
2015-12-01,Malaysia,Pakistan,17.86,40.69,734.99,884.07,890.06,48.65,28.32,1.213,184.3,4.85,0.195,18.0,22.86,149.08,947.63,98.22
2016-01-01,Malaysia,EU-27,4.12,46.18,739.28,862.68,836.48,52.31,27.61,1.014,188.3,3.84,0.148,18.1,29.59,123.41,846.6,110.35
2024-11-01,Malaysia,India,11.91,50.86,964.22,1112.47,1125.09,64.26,24.03,1.412,274.7,2.76,0.352,31.4,27.71,148.26,1162.9,188.26
2020-05-01,Indonesia,India,24.73,48.54,857.18,973.1,1017.69,60.23,27.86,1.235,327.9,4.57,0.687,24.6,33.77,115.92,1164.46,222.76
2022-04-01,Indonesia,India,23.08,35.54,746.14,886.94,874.29,56.45,44.23,1.411,328.7,5.9,0.508,27.5,29.9,140.79,1016.53,231.4
2014-05-01,Indonesia,India,19.49,32.57,725.65,876.74,873.01,49.14,24.19,0.893,338.0,4.3,0.669,15.6,33.41,151.09,934.92,235.31
2019-04-01,Malaysia,India,16.53,45.15,802.8,951.26,949.91,61.18,24.58,1.266,277.9,4.4,0.491,23.0,28.94,148.46,1016.74,192.69
2023-06-01,Indonesia,India,23.72,42.17,849.52,1025.15,1000.92,67.13,28.27,1.5,306.3,3.36,0.818,29.2,28.65,175.63,1138.15,240.49
2020-11-01,Malaysia,EU-27,2.68,55.72,804.14,924.58,978.22,48.42,24.58,1.317,175.1,6.52,0.319,25.4,21.02,120.44,908.1,142.17
2019-11-01,Indonesia,EU-27,6.76,42.82,821.53,951.35,997.46,68.1,25.56,1.13,212.4,4.16,0.303,23.9,32.83,129.82,950.08,141.91
2021-03-01,Malaysia,India,18.63,41.41,812.2,960.96,969.3,59.79,36.98,1.194,279.7,4.32,0.292,25.9,31.56,148.75,1056.53,164.08
2014-10-01,Indonesia,China,13.76,36.92,742.53,872.16,884.08,57.97,30.38,0.992,304.4,4.48,0.531,16.2,34.37,129.63,921.26,215.74
2020-09-01,Malaysia,USA,0.0,36.25,821.12,918.67,989.74,56.22,23.7,1.383,123.9,3.48,0.656,25.1,21.0,97.55,881.08,79.45
2021-03-01,Malaysia,Pakistan,13.95,47.65,813.86,946.23,1017.33,54.31,39.48,1.339,127.5,5.0,0.334,25.9,29.46,132.37,1026.72,104.18
2016-07-01,Malaysia,USA,3.67,44.97,746.25,860.52,960.12,54.88,29.12,1.249,123.8,5.53,0.859,18.9,31.92,114.27,850.41,108.72
2019-04-01,Malaysia,China,7.24,48.32,794.23,951.91,927.42,53.31,25.05,1.165,232.5,3.9,0.486,23.0,23.01,157.67,930.39,212.4
2023-01-01,Indonesia,Pakistan,22.73,33.52,815.89,900.58,979.19,63.88,23.42,1.449,187.8,4.3,0.115,28.6,32.1,84.69,1071.22,80.73
2020-05-01,Malaysia,USA,0.0,48.84,830.82,966.81,1048.34,64.25,36.83,1.258,92.7,5.41,0.715,24.6,31.65,136.0,916.48,101.43
2014-07-01,Malaysia,China,3.5,35.64,709.28,803.06,857.7,45.26,26.17,1.065,259.8,4.99,0.866,15.9,23.1,93.78,798.04,179.63
2022-05-01,Malaysia,China,9.42,35.23,761.59,898.83,946.17,65.16,44.34,1.405,236.5,3.52,0.695,27.6,32.53,137.25,920.39,203.05
2016-09-01,Indonesia,India,19.91,35.13,710.87,805.2,880.3,52.97,20.68,1.164,332.8,4.59,0.681,19.1,31.21,94.33,919.29,201.81
2015-01-01,Indonesia,EU-27,2.37,39.85,786.66,912.46,900.34,53.07,28.69,1.245,208.2,5.78,0.128,16.6,27.01,125.81,875.44,135.23
2024-07-01,Malaysia,EU-27,3.44,52.21,891.79,1018.76,986.27,61.67,26.92,1.474,186.0,4.16,0.855,30.9,24.64,126.98,1004.35,144.64
2015-12-01,Indonesia,EU-27,9.98,37.92,729.46,833.53,895.56,54.32,22.48,1.096,209.4,3.31,0.158,18.0,33.02,104.07,868.71,120.79
2023-12-01,Indonesia,China,5.53,49.09,867.08,971.66,1003.08,73.9,26.87,1.5,306.7,5.63,0.233,30.0,26.44,104.58,995.18,193.02
2016-08-01,Malaysia,Pakistan,14.74,38.78,698.24,806.83,842.59,60.83,23.82,1.233,167.2,4.76,0.822,19.0,29.58,108.59,873.01,110.23
2018-07-01,Indonesia,China,7.79,51.43,761.35,894.77,891.04,56.57,25.0,1.26,305.1,4.65,0.859,21.9,31.05,133.42,903.04,254.78
2018-11-01,Malaysia,Pakistan,13.08,34.22,772.71,891.5,925.13,54.13,17.99,1.173,165.8,3.15,0.335,22.4,41.6,118.79,932.85,98.77
2019-02-01,Malaysia,China,13.45,46.92,808.67,917.79,974.19,58.29,21.7,1.316,245.9,6.12,0.166,22.8,32.63,109.12,995.27,153.33
2023-09-01,Malaysia,Pakistan,21.07,40.25,863.18,983.92,974.85,64.31,19.65,1.5,159.3,3.23,0.676,29.6,28.51,120.74,1117.55,112.77
2017-04-01,Malaysia,EU-27,8.26,36.39,678.92,837.97,829.43,57.88,20.64,1.099,172.4,5.31,0.5,20.0,25.03,159.05,796.78,137.3
2015-07-01,Indonesia,EU-27,6.58,45.08,771.91,920.76,948.62,51.09,25.02,1.058,189.5,5.68,0.848,17.4,35.68,148.85,897.43,184.28
2014-06-01,Malaysia,India,9.43,37.31,735.0,876.48,884.94,49.83,30.48,0.912,268.1,4.01,0.825,15.8,27.37,141.48,878.5,242.49
2016-01-01,Indonesia,USA,0.0,46.89,769.71,901.63,922.03,55.28,23.06,1.155,140.5,6.03,0.152,18.1,31.65,131.93,839.65,87.9
2024-06-01,Indonesia,EU-27,3.03,41.63,919.01,1043.7,1088.39,64.48,27.43,1.407,204.5,4.79,0.791,30.8,31.92,124.69,1018.04,183.9
2020-05-01,Malaysia,Pakistan,14.51,48.91,874.86,988.7,995.28,62.84,26.27,1.276,175.7,2.89,0.641,24.6,27.08,113.84,1087.85,106.66
2015-10-01,Indonesia,India,8.91,35.55,757.26,863.99,858.9,46.96,23.37,1.119,333.8,4.32,0.513,17.8,23.8,106.72,888.92,230.61
2018-10-01,Indonesia,China,2.49,39.33,752.83,933.06,912.72,58.63,25.11,1.298,295.0,4.45,0.499,22.2,36.92,180.23,837.64,239.55
2018-07-01,Malaysia,China,2.85,36.18,723.37,858.64,777.5,49.32,23.95,1.105,248.8,5.58,0.822,21.9,29.28,135.27,805.8,216.2
2022-12-01,Malaysia,USA,0.0,43.04,810.44,932.14,928.54,58.08,37.97,1.373,112.2,4.57,0.203,28.5,28.5,121.7,891.45,70.85
2021-05-01,Indonesia,Pakistan,22.59,39.43,811.24,962.29,963.35,44.36,40.28,1.379,201.7,7.47,0.68,26.1,33.63,151.06,1092.26,129.38
2022-01-01,Indonesia,Pakistan,14.08,43.39,794.95,908.53,999.82,61.4,43.42,1.362,190.8,6.48,0.146,27.1,33.89,113.58,1005.94,120.13
2015-07-01,Malaysia,Pakistan,3.46,46.17,783.72,938.37,918.46,49.52,28.19,0.949,168.6,4.98,0.863,17.4,32.9,154.65,887.73,156.86
2020-09-01,Indonesia,Pakistan,18.33,38.27,810.7,920.74,941.13,62.19,28.45,1.308,212.8,3.54,0.707,25.1,27.59,110.05,1038.21,128.6
2022-06-01,Indonesia,USA,3.78,48.25,780.65,942.57,910.12,69.24,42.17,1.334,142.8,6.01,0.82,27.8,19.13,161.91,904.02,139.82
2018-09-01,Malaysia,Pakistan,17.49,36.21,772.53,878.17,921.07,69.27,25.87,1.266,163.4,5.05,0.666,22.1,28.06,105.64,980.62,104.69
2024-06-01,Indonesia,EU-27,13.38,40.21,898.66,1004.07,1084.48,68.25,31.05,1.5,193.5,5.26,0.776,30.8,32.32,105.42,1099.64,149.49
2019-02-01,Malaysia,India,23.07,47.48,792.72,945.91,947.62,55.35,25.99,1.24,287.8,4.79,0.168,22.8,30.89,153.19,1066.02,176.54
2019-06-01,Malaysia,Pakistan,16.34,38.96,838.49,982.13,998.2,61.07,31.32,1.256,192.7,7.57,0.798,23.2,31.02,143.64,1057.25,119.87
2021-11-01,Malaysia,China,4.75,36.75,763.41,878.12,942.71,55.62,37.89,1.331,242.2,5.35,0.352,26.9,39.16,114.7,877.89,191.65
2020-03-01,Indonesia,China,5.37,47.82,828.79,979.53,990.76,65.13,21.74,1.264,287.4,3.68,0.327,24.4,33.93,150.74,946.57,229.62
2019-08-01,Malaysia,Pakistan,13.69,38.48,830.88,992.92,966.3,58.37,26.0,1.276,174.0,4.92,0.755,23.5,25.74,162.04,1017.95,126.66
2020-07-01,Indonesia,EU-27,9.4,39.35,856.85,974.94,1027.74,60.26,27.87,1.25,226.1,3.52,0.872,24.9,30.02,118.09,1010.92,159.17
2021-09-01,Indonesia,USA,2.88,40.22,788.52,914.34,975.74,64.83,42.23,1.405,147.3,5.67,0.699,26.6,26.26,125.82,896.04,100.94
2023-09-01,Indonesia,Pakistan,15.15,43.0,834.49,940.98,982.61,67.06,21.86,1.423,167.0,4.44,0.667,29.6,24.35,106.49,1035.58,131.23
2018-07-01,Indonesia,USA,2.39,34.62,755.81,896.47,901.87,55.47,25.43,1.335,131.6,4.99,0.87,21.9,35.78,140.66,835.37,136.12
2023-12-01,Indonesia,China,11.43,51.12,880.14,1021.59,1027.1,59.43,23.17,1.5,289.4,6.62,0.195,30.0,21.71,141.45,1063.56,215.92
2016-08-01,Malaysia,India,9.36,31.98,729.45,918.05,912.84,44.93,34.14,1.116,277.2,4.48,0.776,19.0,26.36,188.6,870.01,250.33
2020-12-01,Indonesia,India,21.8,32.09,769.88,893.99,874.0,55.19,21.89,1.426,333.7,5.07,0.21,25.5,30.1,124.1,1003.49,217.12
2016-04-01,Indonesia,Pakistan,12.92,37.92,738.64,835.43,858.87,45.87,32.42,1.166,184.2,6.19,0.521,18.5,26.64,96.79,913.49,119.24
2020-12-01,Indonesia,EU-27,7.66,44.19,805.71,951.95,982.87,55.5,21.59,1.341,215.2,5.36,0.191,25.5,31.44,146.23,938.29,138.46
2024-09-01,Indonesia,China,2.78,45.46,929.01,1037.47,1103.65,66.61,20.73,1.5,298.3,4.84,0.668,31.1,24.71,108.46,1022.88,221.11
2019-02-01,Malaysia,Pakistan,12.56,47.93,788.01,906.62,954.98,63.84,26.6,1.222,154.0,3.8,0.179,22.8,24.8,118.61,970.86,85.04
2016-01-01,Indonesia,China,7.42,44.07,746.81,861.61,908.25,55.35,21.75,1.018,280.6,5.01,0.147,18.1,23.93,114.79,872.92,214.22
2014-04-01,Malaysia,EU-27,4.96,35.85,712.3,849.42,867.69,51.13,21.95,0.902,159.8,3.11,0.504,15.5,34.7,137.12,808.32,129.96
2022-03-01,Malaysia,China,10.47,45.88,793.65,906.7,929.78,65.65,30.92,1.259,237.3,5.38,0.339,27.4,15.39,113.05,961.59,177.14
2018-02-01,Malaysia,Pakistan,11.45,30.66,724.74,859.35,876.19,64.58,15.95,1.114,149.3,5.12,0.216,21.2,25.18,134.61,859.69,103.88
2024-11-01,Malaysia,EU-27,0.98,54.35,956.55,1077.84,1074.8,62.33,26.08,1.382,190.3,5.91,0.321,31.4,34.38,121.29,1047.12,125.99
2016-03-01,Indonesia,India,15.77,34.79,731.17,837.94,901.91,48.32,30.35,1.204,332.5,1.95,0.319,18.4,27.53,106.76,921.86,203.1
2017-05-01,Malaysia,Pakistan,17.27,37.95,703.65,849.38,836.24,53.22,26.62,1.204,146.9,5.45,0.693,20.1,29.97,145.73,900.86,121.25
2017-08-01,Indonesia,China,10.13,37.59,689.33,820.48,805.01,55.59,29.51,1.186,304.0,5.0,0.801,20.5,31.75,131.15,833.09,232.62
2015-06-01,Indonesia,USA,6.6,32.51,735.85,874.12,850.19,52.05,27.18,1.041,145.0,4.98,0.794,17.2,26.3,138.27,848.02,113.99
2016-02-01,Malaysia,EU-27,3.99,29.04,749.7,879.08,906.87,62.31,29.19,1.019,152.7,5.55,0.198,18.2,26.75,129.38,840.17,134.69
2019-02-01,Indonesia,EU-27,0.0,38.24,814.59,937.83,1007.09,62.33,25.65,1.323,211.4,2.26,0.173,22.8,33.6,123.24,878.48,131.34
2023-03-01,Malaysia,Pakistan,10.57,47.98,832.17,938.66,973.45,70.22,21.03,1.409,159.3,4.12,0.341,28.9,30.77,106.49,996.47,95.76
2019-06-01,Indonesia,USA,0.0,46.56,808.98,923.89,972.53,47.72,32.56,1.384,128.9,5.46,0.799,23.2,26.93,114.91,888.1,128.6
2016-07-01,Malaysia,Pakistan,8.74,38.56,729.27,845.31,829.04,56.09,26.93,1.096,159.2,4.79,0.866,18.9,32.49,116.04,864.26,145.65
2016-02-01,Indonesia,Pakistan,15.67,46.1,773.15,907.57,913.25,46.47,25.64,1.102,173.3,5.53,0.152,18.2,30.27,134.43,977.23,110.44
2021-12-01,Malaysia,EU-27,7.63,45.58,788.49,926.15,958.27,75.06,51.44,1.398,170.0,4.5,0.218,27.0,23.74,137.66,953.05,104.17
2017-02-01,Malaysia,EU-27,3.59,21.02,676.69,812.65,833.13,62.37,25.52,1.125,181.9,5.66,0.22,19.8,35.56,135.95,749.22,133.38
2022-09-01,Malaysia,Pakistan,14.69,47.09,789.72,968.45,916.59,68.9,37.11,1.398,189.6,4.63,0.688,28.1,32.97,178.72,1002.34,106.6
2022-05-01,Malaysia,EU-27,4.77,53.17,784.61,917.2,903.39,57.2,46.49,1.408,182.7,5.4,0.664,27.6,26.54,132.59,926.43,150.4
2020-06-01,Indonesia,USA,0.0,37.52,852.38,966.83,956.38,53.69,33.21,1.226,129.9,4.94,0.825,24.8,32.44,114.46,923.1,112.66
2015-04-01,Malaysia,EU-27,7.35,38.58,800.33,933.53,984.38,52.73,27.9,1.029,169.2,4.41,0.473,17.0,28.51,133.2,930.5,133.73
2022-07-01,Indonesia,USA,3.56,29.8,766.92,893.19,960.5,65.26,44.44,1.434,142.5,4.62,0.892,27.9,32.92,126.27,871.06,98.02
2016-07-01,Indonesia,USA,4.97,34.96,708.15,835.28,860.61,57.54,30.69,1.085,156.0,4.84,0.856,18.9,28.27,127.13,812.23,112.2
2019-05-01,Malaysia,EU-27,7.68,54.83,862.92,987.55,973.0,64.92,20.64,1.183,180.7,4.44,0.663,23.1,33.49,124.63,1010.46,129.59
2014-09-01,Indonesia,EU-27,8.46,36.05,717.43,838.71,820.17,46.74,26.41,1.232,220.8,6.03,0.684,16.1,36.37,121.28,845.87,166.72
2015-09-01,Malaysia,India,12.79,33.5,726.67,868.3,914.88,44.06,20.68,1.095,268.2,5.92,0.674,17.6,24.66,141.63,880.7,212.28
2021-12-01,Malaysia,Pakistan,13.49,43.21,769.75,902.34,922.93,62.75,44.16,1.29,158.6,5.16,0.202,27.0,31.46,132.59,972.77,85.61
2020-06-01,Indonesia,Pakistan,22.13,47.23,827.3,930.53,1014.16,62.77,24.58,1.214,181.3,5.47,0.789,24.8,36.59,103.23,1098.08,118.64
2019-02-01,Malaysia,EU-27,6.42,39.89,774.41,888.91,859.53,55.49,26.32,1.259,168.3,3.54,0.212,22.8,25.58,114.51,894.55,107.71
2024-10-01,Indonesia,Pakistan,21.11,53.91,940.75,1094.69,1094.79,70.17,32.19,1.5,195.5,3.57,0.516,31.2,31.72,153.94,1243.57,93.67
2020-01-01,Malaysia,EU-27,9.02,53.0,838.24,975.38,994.74,66.84,17.99,1.26,163.0,6.68,0.136,24.1,33.12,137.15,991.24,141.39
2016-05-01,Indonesia,USA,5.34,37.12,714.71,854.83,854.04,54.43,26.5,1.07,132.4,3.13,0.706,18.6,25.21,140.12,819.87,102.4
2016-09-01,Indonesia,China,11.96,39.01,704.52,842.31,891.61,54.17,29.33,1.046,306.2,3.41,0.715,19.1,33.49,137.79,865.3,213.95
2020-08-01,Malaysia,Pakistan,15.66,41.87,809.83,959.12,932.37,59.09,21.89,1.307,160.7,5.67,0.852,25.0,20.12,149.29,1010.38,118.16
2021-01-01,Indonesia,India,23.83,45.9,823.32,968.57,934.36,58.66,42.05,1.202,301.7,6.76,0.147,25.6,21.66,145.25,1128.48,219.18
2021-04-01,Malaysia,Pakistan,14.67,48.18,805.77,936.7,978.52,61.38,37.48,1.335,144.2,4.95,0.516,26.0,26.86,130.93,1022.23,123.73
2024-09-01,Indonesia,EU-27,6.86,55.33,928.33,1046.58,1057.87,70.26,30.91,1.44,233.7,4.97,0.674,31.1,32.08,118.25,1084.18,154.03
2022-09-01,Malaysia,India,15.24,40.39,742.98,859.4,898.31,65.69,39.66,1.295,257.2,6.44,0.679,28.1,27.81,116.43,948.43,203.01
2018-04-01,Indonesia,Pakistan,16.67,44.45,714.41,843.32,823.79,53.15,25.36,1.216,218.6,3.22,0.469,21.5,26.11,128.91,914.97,109.54
2023-07-01,Indonesia,Pakistan,20.38,44.01,843.46,941.44,961.65,51.86,27.31,1.491,174.5,4.24,0.839,29.4,34.98,97.98,1101.17,121.58
2024-08-01,Indonesia,India,24.56,50.58,916.24,972.85,1087.5,61.08,28.4,1.5,362.6,5.86,0.807,31.0,34.34,56.61,1239.7,176.93
2015-09-01,Malaysia,Pakistan,18.74,40.23,780.77,915.7,934.73,46.82,23.9,1.004,156.3,3.63,0.682,17.6,33.87,134.93,1003.26,107.19
2021-02-01,Malaysia,India,17.37,39.69,819.18,946.87,969.34,58.7,41.72,1.321,281.4,5.82,0.176,25.8,25.82,127.68,1057.07,185.93
2019-05-01,Indonesia,Pakistan,14.27,42.52,816.83,925.98,981.0,58.99,25.56,1.299,204.9,4.79,0.641,23.1,33.63,109.14,1011.22,133.22
2016-10-01,Malaysia,China,5.38,33.22,715.56,863.17,868.73,59.67,27.84,1.178,239.3,4.35,0.487,19.2,26.28,147.61,818.38,212.07
2022-11-01,Indonesia,India,18.67,47.11,787.83,951.39,906.84,59.12,39.42,1.397,342.8,6.46,0.364,28.4,37.77,163.56,1037.63,232.44
2016-09-01,Indonesia,USA,0.45,36.49,699.6,845.93,827.44,51.23,27.13,1.139,139.2,4.3,0.661,19.1,18.41,146.34,766.62,127.36
2019-01-01,Indonesia,USA,1.52,45.03,802.35,953.25,972.11,59.8,26.7,1.188,116.1,5.22,0.176,22.6,29.37,150.9,887.4,104.11
2014-11-01,Malaysia,EU-27,0.0,28.11,723.88,840.53,889.93,52.77,25.27,1.077,179.7,4.66,0.342,16.4,33.03,116.65,777.27,128.19
2017-11-01,Indonesia,EU-27,5.51,28.61,686.42,817.27,845.85,59.41,24.65,1.198,211.3,3.26,0.318,20.9,24.88,130.85,780.47,141.76
2023-10-01,Indonesia,EU-27,0.0,49.64,875.28,1024.72,1012.6,69.72,21.06,1.5,192.9,4.01,0.472,29.8,24.43,149.44,945.98,166.97
2015-05-01,Malaysia,India,13.47,39.4,743.14,837.21,905.05,41.67,32.51,1.104,265.8,4.99,0.693,17.1,31.65,94.06,924.83,196.06
2023-12-01,Indonesia,India,17.65,47.36,906.1,1059.72,1000.28,57.23,25.2,1.5,341.5,5.05,0.193,30.0,29.53,153.62,1151.43,216.99
2016-12-01,Malaysia,China,10.77,27.91,685.53,791.34,841.96,50.59,20.28,1.202,244.7,5.42,0.216,19.5,27.75,105.82,812.72,146.01
2018-02-01,Indonesia,Pakistan,17.28,41.47,748.05,850.65,930.04,51.27,30.74,1.214,158.6,4.75,0.212,21.2,30.84,102.6,962.02,106.12
2016-11-01,Malaysia,EU-27,6.62,39.7,684.69,831.24,865.25,47.65,28.38,0.973,187.1,5.28,0.335,19.4,28.65,146.55,802.58,141.39
2016-12-01,Malaysia,Pakistan,11.76,44.48,725.87,831.03,893.66,55.86,27.94,1.088,156.2,2.83,0.203,19.5,24.01,105.15,892.19,80.21
2022-01-01,Malaysia,China,10.84,30.25,762.26,881.99,943.3,61.4,37.82,1.338,236.6,4.67,0.144,27.1,33.64,119.73,920.37,175.72
2023-11-01,Indonesia,USA,0.0,48.68,864.89,1019.58,997.28,60.67,28.58,1.389,138.6,3.03,0.386,29.9,24.97,154.7,942.14,89.49
2014-08-01,Indonesia,EU-27,7.71,41.01,747.62,881.31,966.99,50.86,24.03,0.916,203.8,3.05,0.822,16.0,31.63,133.69,875.3,158.68
2016-11-01,Indonesia,China,10.12,31.04,692.32,825.93,842.01,53.85,29.21,1.144,309.8,6.06,0.326,19.4,31.66,133.62,828.7,222.89
2023-02-01,Indonesia,Pakistan,14.74,46.44,855.54,979.13,994.48,66.03,25.39,1.5,188.2,7.19,0.17,28.8,29.19,123.59,1064.06,112.46
2014-05-01,Malaysia,China,6.99,34.61,717.32,856.09,840.46,53.22,25.79,0.933,265.1,4.71,0.674,15.6,26.94,138.77,832.1,192.52
2019-04-01,Indonesia,Pakistan,16.28,42.35,807.52,908.8,959.44,59.21,28.93,1.201,168.2,5.61,0.51,23.0,33.56,101.28,1021.84,112.7
2020-02-01,Malaysia,EU-27,6.17,51.49,845.32,984.41,993.78,55.21,20.83,1.195,185.0,4.24,0.181,24.2,26.6,139.09,974.28,124.32
2021-03-01,Malaysia,Pakistan,15.23,47.25,793.04,910.11,953.58,52.06,43.46,1.326,158.9,6.29,0.352,25.9,29.53,117.07,1018.38,98.9
2017-10-01,Malaysia,EU-27,6.19,26.43,711.44,833.88,836.42,48.08,22.95,1.202,161.2,6.03,0.542,20.8,37.98,122.45,807.92,146.97
2023-05-01,Malaysia,EU-27,3.49,57.24,850.07,965.73,995.14,68.63,28.69,1.4,199.3,5.58,0.66,29.1,31.04,115.66,968.71,135.0
2024-04-01,Indonesia,China,6.95,49.09,915.63,1032.31,1106.16,69.49,20.97,1.491,296.5,5.11,0.466,30.5,27.38,116.67,1054.18,208.8
2023-05-01,Indonesia,India,21.13,51.21,823.42,943.87,956.41,67.45,24.79,1.5,327.5,5.31,0.663,29.1,32.42,120.45,1089.49,213.41
2017-04-01,Malaysia,EU-27,5.31,16.69,666.45,777.24,833.98,58.17,33.73,1.271,186.1,3.76,0.475,20.0,29.73,110.79,754.91,124.98
2016-03-01,Indonesia,China,8.56,38.86,747.92,909.73,881.24,50.93,22.04,1.074,259.2,3.72,0.335,18.4,34.33,161.81,878.03,236.38
2022-06-01,Malaysia,Pakistan,15.16,36.3,807.9,939.39,998.99,63.44,40.58,1.348,152.2,6.51,0.794,27.8,28.3,131.49,1018.9,130.88
2016-03-01,Malaysia,China,8.63,34.39,706.74,860.9,869.29,51.4,24.55,1.131,262.1,3.74,0.288,18.4,30.24,154.16,831.77,184.86
2019-02-01,Malaysia,Pakistan,17.13,45.11,808.85,949.57,1018.06,62.05,22.01,1.165,160.9,4.37,0.168,22.8,28.25,140.72,1025.98,94.96
2014-08-01,Indonesia,China,8.96,32.1,733.09,872.22,847.58,45.34,24.69,1.205,277.9,6.22,0.81,16.0,23.88,139.12,860.64,249.09
2023-03-01,Malaysia,India,15.91,40.56,818.93,967.71,961.01,72.69,21.32,1.383,273.8,4.31,0.336,28.9,31.71,148.78,1020.94,191.19
2020-10-01,Malaysia,USA,0.0,44.18,856.99,1015.06,1036.76,59.63,23.01,1.201,118.9,4.77,0.504,25.2,33.49,158.07,924.18,105.7
2016-01-01,Indonesia,USA,1.57,37.7,734.01,833.43,856.09,54.53,28.85,1.091,140.4,4.31,0.127,18.1,30.37,99.43,813.14,77.23
2021-01-01,Indonesia,India,24.8,36.39,816.75,968.57,965.08,64.73,44.5,1.308,332.2,4.95,0.158,25.6,22.62,151.82,1120.25,190.34
2018-11-01,Indonesia,Pakistan,18.56,36.22,765.25,880.27,939.25,55.78,26.55,1.159,189.8,5.67,0.317,22.4,31.25,115.02,981.67,118.27
2024-08-01,Indonesia,India,20.68,50.57,915.7,1060.19,1041.19,65.9,18.57,1.5,329.9,3.55,0.827,31.0,36.21,144.5,1188.48,232.02
2024-06-01,Indonesia,India,20.71,48.37,915.75,1009.92,1041.34,56.98,31.31,1.491,330.6,3.8,0.798,30.8,34.6,94.17,1201.55,192.55
2016-01-01,Indonesia,China,7.42,46.66,751.03,886.59,867.89,49.33,26.39,1.055,323.6,5.58,0.166,18.1,36.54,135.55,885.27,214.76
2015-05-01,Indonesia,EU-27,1.42,34.09,750.01,899.92,918.62,47.68,21.74,1.06,214.7,5.19,0.684,17.1,30.97,149.92,817.31,183.02
2019-07-01,Indonesia,EU-27,8.83,43.5,836.61,958.02,948.46,60.84,31.63,1.205,225.9,5.98,0.815,23.4,41.71,121.41,992.27,168.18
2016-11-01,Malaysia,China,8.28,34.2,708.21,800.09,845.25,47.57,19.13,1.158,240.7,5.58,0.326,19.4,21.42,91.89,824.62,180.19
2014-02-01,Malaysia,China,0.0,34.26,673.09,778.34,821.67,43.51,32.5,1.044,246.8,5.96,0.204,15.2,25.97,105.26,739.85,166.99
2016-06-01,Indonesia,Pakistan,18.03,35.98,700.1,852.61,830.4,48.19,25.67,1.077,173.9,4.97,0.806,18.8,28.81,152.51,899.05,155.83
2017-07-01,Indonesia,China,10.28,32.87,697.02,825.26,844.53,52.68,27.01,1.107,287.1,5.38,0.858,20.4,27.85,128.25,834.72,254.94
2024-11-01,Indonesia,USA,0.46,59.49,916.64,1015.39,1096.04,62.5,27.99,1.495,129.9,6.17,0.34,31.4,35.88,98.75,1008.69,85.71
2016-05-01,Malaysia,China,1.59,32.37,729.98,871.91,866.14,49.0,22.52,1.137,229.3,4.09,0.696,18.6,24.92,141.93,797.37,210.36
2014-04-01,Malaysia,Pakistan,16.04,40.79,741.09,862.91,907.88,55.82,18.07,1.125,154.4,7.47,0.483,15.5,32.37,121.82,928.3,122.11
2020-11-01,Indonesia,Pakistan,21.18,44.62,808.4,935.97,941.78,56.28,27.43,1.34,199.4,4.61,0.347,25.4,29.53,127.57,1066.89,103.36
2022-11-01,Malaysia,Pakistan,13.11,30.09,788.16,899.91,923.96,67.39,39.33,1.385,144.5,5.75,0.321,28.4,35.48,111.75,970.05,91.55
2018-03-01,Indonesia,India,19.13,28.68,719.53,835.39,823.56,48.66,18.98,1.136,303.7,5.84,0.323,21.4,27.66,115.87,913.93,235.39
2016-07-01,Malaysia,Pakistan,14.87,42.4,728.12,829.12,858.94,56.01,29.5,0.977,164.8,4.77,0.812,18.9,19.6,101.0,919.0,110.71
2024-08-01,Malaysia,USA,0.0,54.53,900.6,1040.3,1008.16,65.64,24.68,1.5,114.7,3.54,0.845,31.0,34.87,139.7,979.81,86.7
2020-06-01,Indonesia,USA,0.0,40.12,821.46,975.81,993.59,62.54,30.8,1.329,120.8,6.09,0.841,24.8,27.11,154.35,892.38,127.29
2023-11-01,Malaysia,China,6.6,47.1,894.42,1070.94,1063.0,68.68,23.41,1.389,243.6,5.11,0.308,29.9,28.26,176.53,1028.58,213.21
2020-11-01,Indonesia,USA,0.0,44.57,789.48,922.53,958.9,60.96,26.42,1.331,139.7,4.19,0.343,25.4,29.97,133.05,860.47,84.01
2020-10-01,Indonesia,China,3.59,42.58,837.02,937.89,969.66,56.67,29.24,1.213,304.8,4.79,0.498,25.2,19.61,100.88,941.41,206.13
2022-06-01,Malaysia,EU-27,4.89,46.03,809.26,930.0,943.86,64.06,39.04,1.411,182.7,3.33,0.781,27.8,23.7,120.75,938.03,146.64
2022-06-01,Indonesia,Pakistan,19.15,44.2,782.43,913.9,968.46,65.21,36.56,1.5,169.8,5.09,0.809,27.8,41.89,131.47,1028.5,135.65
2017-01-01,Malaysia,China,14.13,31.4,679.69,814.32,875.82,59.75,17.5,1.192,231.4,4.44,0.149,19.6,30.01,134.63,831.57,169.99
2016-06-01,Indonesia,EU-27,17.28,29.78,713.47,837.92,868.88,56.78,26.97,1.103,200.7,4.37,0.801,18.8,30.98,124.45,903.29,155.67
2017-02-01,Indonesia,EU-27,8.38,35.65,700.46,848.97,828.1,46.29,28.28,1.135,220.0,6.4,0.228,19.8,25.91,148.5,828.48,164.24
2014-02-01,Indonesia,Pakistan,15.29,39.03,721.75,868.76,894.77,44.66,24.09,0.928,189.9,4.61,0.214,15.2,32.06,147.01,904.9,129.99
2023-08-01,Indonesia,USA,0.82,36.18,836.2,967.16,1002.04,68.04,18.15,1.364,139.6,2.9,0.816,29.5,28.49,130.96,897.85,99.23
2016-03-01,Indonesia,USA,0.0,39.07,757.68,894.57,915.68,51.18,28.99,1.092,147.6,4.74,0.339,18.4,29.45,136.88,825.75,92.53
2023-06-01,Malaysia,India,18.89,56.11,854.82,963.79,986.45,59.46,24.86,1.322,252.5,5.28,0.803,29.2,34.48,108.98,1112.57,202.59
2022-02-01,Malaysia,EU-27,5.17,44.11,772.84,908.02,908.96,61.62,39.2,1.315,168.2,4.66,0.171,27.2,25.17,135.18,900.44,123.67
2023-03-01,Indonesia,USA,0.0,42.08,848.69,974.08,1011.57,71.93,30.58,1.409,136.5,3.69,0.314,28.9,28.82,125.39,921.35,95.72
2020-03-01,Malaysia,EU-27,4.96,44.84,844.83,973.13,997.34,65.47,26.22,1.259,158.8,5.33,0.287,24.4,28.18,128.3,961.3,126.64
2019-01-01,Indonesia,EU-27,8.94,27.65,762.42,890.99,940.87,58.87,27.73,1.29,231.8,3.36,0.183,22.6,28.35,128.57,890.92,126.3
2015-06-01,Indonesia,USA,0.0,35.55,760.27,928.81,914.19,42.1,33.16,1.011,126.9,4.43,0.835,17.2,34.8,168.54,828.98,147.11
2014-06-01,Malaysia,India,5.7,38.39,726.48,849.28,854.87,45.17,18.85,0.922,297.6,6.28,0.779,15.8,24.97,122.8,828.36,234.97
2019-12-01,Malaysia,India,22.7,42.6,827.27,941.91,920.07,54.11,27.32,1.387,293.8,3.63,0.203,24.0,34.26,114.64,1100.86,155.27
2015-05-01,Malaysia,China,6.23,42.74,766.7,879.72,995.76,39.25,27.16,1.074,257.0,3.96,0.692,17.1,29.35,113.02,888.77,203.58
2014-02-01,Malaysia,India,15.86,40.0,688.76,800.22,822.69,46.91,23.13,0.916,264.4,4.78,0.205,15.2,25.07,111.46,871.14,205.85
2017-03-01,Indonesia,India,19.27,28.4,683.48,805.6,842.18,50.08,27.73,1.235,332.3,6.09,0.321,19.9,24.37,122.12,882.12,232.28
2023-08-01,Malaysia,India,17.16,47.8,890.97,1018.36,1052.8,60.93,24.36,1.387,277.3,2.75,0.841,29.5,28.06,127.39,1128.41,188.97
2024-04-01,Indonesia,Pakistan,16.74,49.63,898.49,1015.53,1050.61,70.93,28.6,1.5,185.8,3.1,0.482,30.5,33.01,117.04,1140.17,120.54
2016-07-01,Indonesia,USA,1.1,33.1,715.02,828.11,908.01,58.47,29.82,1.153,126.5,5.77,0.857,18.9,21.7,113.09,786.51,111.33
2019-10-01,Malaysia,China,10.29,42.03,814.07,934.57,975.71,63.32,24.61,1.263,252.7,2.67,0.509,23.8,34.32,120.51,971.34,176.33
2020-09-01,Indonesia,India,21.21,56.29,834.87,925.1,1003.55,58.54,24.97,1.311,320.0,6.01,0.698,25.1,31.85,90.23,1110.41,205.15
2018-12-01,Indonesia,USA,1.63,44.84,780.07,916.86,911.39,59.44,25.46,1.316,136.8,4.16,0.184,22.5,33.64,136.79,864.24,88.5
2020-12-01,Indonesia,EU-27,11.19,44.79,796.8,913.21,960.51,56.36,21.27,1.364,189.5,4.8,0.214,25.5,33.55,116.42,959.41,128.59
2020-01-01,Malaysia,Pakistan,10.87,39.69,838.22,985.88,986.75,62.63,30.02,1.333,129.3,4.62,0.102,24.1,39.99,147.66,1006.59,95.81
2014-04-01,Indonesia,China,10.88,28.76,724.89,836.37,849.08,42.8,27.15,0.966,289.3,2.91,0.498,15.5,26.27,111.48,865.74,210.69
2014-12-01,Indonesia,Pakistan,25.03,39.12,747.31,853.62,930.1,52.87,23.78,0.959,196.2,4.42,0.184,16.5,27.42,106.31,1013.03,80.92
2022-11-01,Indonesia,India,26.77,45.51,826.77,963.95,901.18,64.4,40.18,1.277,327.7,3.16,0.301,28.4,22.74,137.17,1156.71,215.36
2023-07-01,Indonesia,China,8.27,50.21,859.67,1022.98,999.65,67.04,29.41,1.396,314.4,4.28,0.828,29.4,35.41,163.31,1016.99,242.81
2021-01-01,Indonesia,EU-27,6.71,45.78,829.43,966.44,1007.58,54.85,33.59,1.288,193.8,4.17,0.171,25.6,34.76,137.01,969.79,133.67
2015-01-01,Malaysia,USA,0.0,43.08,780.88,944.78,917.33,46.25,24.11,0.996,120.3,6.74,0.15,16.6,27.01,163.89,848.08,104.3
2014-12-01,Indonesia,Pakistan,23.84,31.05,743.59,879.59,877.12,48.94,27.35,1.206,189.2,5.52,0.182,16.5,25.63,136.0,993.2,91.69
2016-05-01,Indonesia,EU-27,9.26,33.44,725.16,839.43,889.37,64.51,22.94,1.051,240.1,5.71,0.683,18.6,35.73,114.27,853.94,164.88
2019-12-01,Malaysia,EU-27,5.51,32.38,838.68,1030.14,996.11,51.56,29.12,1.333,155.4,5.23,0.191,24.0,26.06,191.46,949.79,165.47
2014-12-01,Indonesia,China,13.57,38.04,742.18,867.0,928.75,49.67,23.79,0.954,266.3,4.12,0.211,16.5,27.82,124.82,913.15,197.04
2023-08-01,Indonesia,Pakistan,16.68,42.24,850.82,981.57,1032.37,64.68,20.01,1.347,196.2,5.26,0.822,29.5,29.15,130.75,1065.37,145.37
2017-08-01,Malaysia,India,8.56,32.74,674.46,792.32,813.67,54.64,27.4,1.081,292.6,4.68,0.83,20.5,30.86,117.86,797.46,222.59
2016-11-01,Indonesia,Pakistan,13.77,29.95,692.23,857.32,858.97,54.9,29.4,1.179,168.6,6.2,0.308,19.4,31.79,165.09,855.07,160.57
2018-06-01,Indonesia,China,8.06,41.95,730.38,864.24,920.29,55.13,20.95,1.21,288.8,4.56,0.785,21.8,22.86,133.86,857.2,220.57
2019-01-01,Malaysia,EU-27,7.85,42.24,785.43,907.39,949.7,57.96,25.91,1.302,170.3,4.75,0.145,22.6,36.84,121.96,920.6,119.65
2022-02-01,Indonesia,India,16.76,39.14,777.09,921.75,941.83,57.31,34.94,1.438,344.0,5.17,0.184,27.2,34.51,144.67,993.8,213.53
2019-07-01,Indonesia,China,14.62,44.89,824.48,963.42,1006.94,49.41,27.26,1.286,302.0,5.49,0.912,23.4,39.37,138.94,1027.75,224.06
2023-02-01,Indonesia,Pakistan,18.38,48.64,842.86,972.87,975.84,62.29,30.82,1.453,190.6,3.99,0.221,28.8,33.9,130.01,1091.86,94.43
2019-09-01,Indonesia,EU-27,10.34,43.98,831.95,980.15,969.62,61.29,27.41,1.22,216.2,2.0,0.642,23.6,32.86,148.2,996.71,133.99
2023-11-01,Malaysia,Pakistan,16.0,56.47,867.28,966.85,993.31,70.67,28.59,1.363,169.9,3.48,0.339,29.9,28.77,99.57,1104.69,75.4
2016-02-01,Malaysia,Pakistan,14.53,38.96,730.86,815.23,911.31,53.4,21.47,1.081,167.1,3.96,0.221,18.2,28.88,84.37,906.23,67.24
2019-10-01,Malaysia,Pakistan,12.72,51.17,842.34,994.09,990.41,51.68,25.2,1.234,171.2,6.13,0.508,23.8,28.36,151.75,1035.58,122.13
2020-05-01,Indonesia,Pakistan,20.07,48.28,862.45,968.7,1037.8,68.16,25.28,1.302,174.2,5.23,0.672,24.6,24.21,106.25,1123.89,108.01
2015-10-01,Indonesia,India,17.48,32.24,750.19,921.49,888.97,65.84,27.04,1.092,337.6,5.11,0.513,17.8,26.54,171.31,950.95,247.52
2023-02-01,Malaysia,China,8.75,50.23,820.68,934.21,960.02,66.49,23.36,1.268,265.3,4.85,0.199,28.8,26.06,113.54,972.48,158.39
2016-09-01,Malaysia,Pakistan,20.77,26.45,691.66,811.01,756.21,53.73,32.59,1.105,183.6,5.42,0.664,19.1,33.15,119.35,906.61,120.12
2016-04-01,Malaysia,USA,0.94,42.21,735.0,858.17,878.46,48.17,31.64,1.085,109.8,4.16,0.519,18.5,23.83,123.18,816.43,81.53
2021-12-01,Indonesia,USA,0.0,26.04,703.63,790.98,821.96,60.41,40.83,1.428,129.3,4.44,0.22,27.0,27.51,87.35,770.5,52.13
2015-11-01,Indonesia,India,18.6,37.14,759.14,887.14,897.13,52.4,23.95,1.084,327.9,4.64,0.358,17.9,26.14,128.01,972.81,233.54
2018-11-01,Malaysia,EU-27,12.44,47.56,791.08,919.97,938.07,52.76,22.25,1.278,172.5,3.3,0.383,22.4,25.69,128.89,967.97,107.03
2014-11-01,Indonesia,India,18.28,36.84,739.19,873.37,911.19,47.82,23.27,1.022,300.0,5.92,0.323,16.4,32.63,134.18,945.44,244.62
2017-04-01,Malaysia,EU-27,7.33,38.68,656.62,773.68,794.6,50.83,26.41,1.078,184.3,6.28,0.517,20.0,23.09,117.06,774.62,137.28
2024-09-01,Malaysia,USA,0.0,54.07,910.12,1062.15,1080.86,72.97,31.15,1.5,109.6,3.08,0.676,31.1,32.87,152.02,995.34,100.93
2017-02-01,Indonesia,USA,4.84,31.36,689.92,844.41,830.62,48.86,27.14,1.155,112.6,6.36,0.205,19.8,33.6,154.49,784.66,121.3
2023-03-01,Indonesia,India,16.96,44.29,836.94,965.86,1026.68,68.22,27.3,1.372,346.6,2.82,0.341,28.9,33.45,128.92,1062.62,195.37
2020-10-01,Indonesia,EU-27,4.47,43.69,833.21,936.21,1010.65,53.67,26.17,1.307,217.3,6.35,0.499,25.2,25.36,103.0,943.41,146.24
2017-10-01,Malaysia,India,8.5,39.82,693.15,821.13,831.7,57.68,26.53,1.157,264.5,5.73,0.496,20.8,37.35,127.98,824.02,222.58
2019-04-01,Malaysia,Pakistan,16.74,46.4,833.05,946.96,974.02,60.56,30.63,1.332,156.0,4.01,0.477,23.0,32.34,113.91,1062.45,110.78
2020-09-01,Malaysia,EU-27,8.76,44.89,811.58,934.08,956.1,67.12,22.02,1.311,201.8,4.65,0.678,25.1,30.93,122.51,955.45,128.74
2019-09-01,Indonesia,China,10.68,45.24,820.04,957.13,949.3,59.19,39.08,1.374,308.9,5.45,0.694,23.6,30.81,137.09,1000.91,218.68
2024-05-01,Malaysia,India,22.48,53.72,901.08,1036.75,1038.76,63.22,23.66,1.5,258.7,3.77,0.656,30.6,27.13,135.68,1198.45,184.19
2020-08-01,Indonesia,India,20.6,47.62,833.43,1006.36,992.52,69.69,29.48,1.347,327.1,3.16,0.851,25.0,27.01,172.93,1098.1,265.48
2023-07-01,Indonesia,USA,0.29,46.73,836.37,988.44,1033.62,58.61,28.81,1.39,125.3,6.32,0.819,29.4,30.64,152.07,914.51,130.76
2014-07-01,Malaysia,Pakistan,13.94,41.02,722.15,868.06,876.08,44.14,31.2,0.951,166.6,4.1,0.876,15.9,36.83,145.92,905.1,106.88
2018-09-01,Indonesia,EU-27,1.67,36.1,751.33,870.52,905.44,61.76,32.62,1.274,218.4,5.21,0.681,22.1,27.66,119.19,833.73,157.27
2022-01-01,Malaysia,China,13.22,44.21,791.41,905.64,909.49,61.92,36.27,1.491,258.8,3.76,0.131,27.1,29.46,114.23,987.13,156.41
2016-06-01,Malaysia,India,8.56,25.93,691.23,854.17,881.32,55.62,23.06,1.264,278.2,4.82,0.806,18.8,28.06,162.94,803.55,232.02
2020-09-01,Indonesia,India,19.97,46.07,836.5,1010.19,1009.54,67.32,21.71,1.287,323.8,5.29,0.661,25.1,25.82,173.69,1084.86,252.15
2019-01-01,Malaysia,USA,0.0,38.85,786.57,939.97,953.81,58.65,16.98,1.288,117.8,7.44,0.155,22.6,35.65,153.41,842.4,100.39
2016-02-01,Indonesia,India,22.64,31.82,736.62,892.18,845.41,55.2,18.33,1.132,349.5,3.81,0.216,18.2,36.24,155.56,964.87,210.86
2022-02-01,Indonesia,Pakistan,15.93,32.81,754.17,866.36,903.85,70.02,37.59,1.328,191.5,4.18,0.186,27.2,29.18,112.19,955.89,94.52
2024-08-01,Indonesia,EU-27,7.13,48.31,942.72,1106.08,1051.07,65.8,22.27,1.412,209.3,5.36,0.823,31.0,28.14,163.36,1085.54,193.26
2017-09-01,Malaysia,EU-27,4.96,33.34,723.95,862.31,833.07,48.35,32.02,1.213,173.2,3.99,0.659,20.6,26.67,138.36,828.49,136.92
2018-03-01,Indonesia,Pakistan,16.52,31.65,695.39,810.04,842.51,51.74,24.77,1.098,198.1,5.15,0.318,21.4,31.04,114.65,876.01,113.71
2023-11-01,Malaysia,China,7.21,48.68,860.61,1038.22,960.26,54.24,31.43,1.46,242.3,4.81,0.34,29.9,24.15,177.62,1008.56,216.36
2017-12-01,Malaysia,USA,1.19,29.05,669.88,790.24,826.67,56.64,26.61,1.267,121.7,5.1,0.178,21.0,17.04,120.36,734.17,58.35
2018-06-01,Malaysia,EU-27,2.65,36.88,728.44,851.56,879.25,48.54,30.23,1.146,158.9,4.86,0.788,21.8,32.44,123.11,816.61,155.47
2016-01-01,Indonesia,Pakistan,16.13,45.03,724.5,869.14,871.67,57.07,27.64,1.131,178.8,5.05,0.139,18.1,22.3,144.64,925.77,110.02
2022-06-01,Indonesia,USA,0.0,49.35,775.75,908.68,929.42,56.94,39.1,1.378,161.8,5.6,0.802,27.8,31.18,132.93,864.2,123.21
2015-07-01,Indonesia,EU-27,3.97,37.95,745.69,854.62,881.12,59.01,28.67,1.079,181.2,5.18,0.834,17.4,32.03,108.93,844.56,166.03
2018-11-01,Indonesia,Pakistan,19.66,33.53,770.67,901.03,909.45,59.16,36.46,1.169,150.9,4.72,0.302,22.4,29.73,130.35,1005.91,118.61
2015-09-01,Indonesia,USA,3.62,36.36,761.43,887.99,956.4,50.93,24.4,0.973,156.4,3.71,0.672,17.6,27.91,126.56,851.96,98.11
2020-08-01,Malaysia,EU-27,2.72,44.31,856.42,970.74,1041.95,57.53,24.54,1.458,151.2,6.01,0.812,25.0,28.98,114.33,950.47,144.08
2019-10-01,Indonesia,India,17.41,48.67,862.62,1007.38,988.03,64.06,29.96,1.203,324.5,4.0,0.513,23.8,34.06,144.76,1105.11,209.22
2024-07-01,Malaysia,India,18.67,39.7,897.66,1031.81,1062.39,70.1,31.88,1.5,273.9,6.09,0.824,30.9,28.19,134.15,1150.22,217.15
2017-02-01,Malaysia,EU-27,3.05,40.03,730.66,842.53,868.28,53.77,28.8,1.194,193.5,4.72,0.182,19.8,25.17,111.87,823.91,110.61
2018-02-01,Malaysia,Pakistan,13.38,50.06,722.49,849.03,892.14,48.5,31.44,1.355,184.9,4.72,0.202,21.2,30.51,126.54,911.56,84.36
2016-03-01,Malaysia,EU-27,9.14,42.23,761.08,899.1,931.61,45.98,20.7,1.014,179.5,7.06,0.323,18.4,34.3,138.02,899.35,133.67
2014-04-01,Indonesia,USA,1.12,37.39,730.45,844.23,875.57,44.34,22.15,1.015,147.1,5.04,0.481,15.5,31.6,113.78,798.86,94.53
2019-01-01,Indonesia,EU-27,9.5,37.43,792.34,907.01,953.11,46.6,27.56,1.258,216.9,5.13,0.188,22.6,31.04,114.67,938.76,149.97
2021-08-01,Malaysia,USA,2.25,47.39,796.51,931.95,962.24,69.37,38.82,1.248,97.6,6.46,0.841,26.5,24.43,135.44,902.57,105.19
2023-09-01,Indonesia,USA,0.0,39.8,855.88,961.18,1041.08,58.72,22.88,1.365,140.1,5.26,0.733,29.6,19.82,105.3,918.57,98.93
2014-07-01,Indonesia,EU-27,3.18,30.01,723.78,875.81,929.25,45.14,19.97,0.979,200.4,4.92,0.84,15.9,27.07,152.03,798.33,195.25
2018-11-01,Malaysia,USA,0.0,33.63,770.54,877.1,909.67,56.77,30.64,1.073,105.6,5.05,0.335,22.4,37.06,106.56,834.8,81.09
2022-02-01,Malaysia,India,16.9,41.43,788.02,907.81,908.42,57.5,44.46,1.456,268.9,3.34,0.18,27.2,28.72,119.8,1021.61,168.57
2022-07-01,Indonesia,China,9.4,43.43,804.98,925.42,982.54,67.09,38.14,1.5,310.3,4.7,0.847,27.9,28.05,120.44,969.89,226.28
2019-07-01,Indonesia,EU-27,6.6,45.75,821.54,948.66,971.31,58.92,25.46,1.323,217.2,7.05,0.864,23.4,26.27,127.12,951.69,170.21
2022-11-01,Indonesia,India,20.4,36.97,785.85,897.78,936.0,62.79,37.93,1.472,349.3,4.64,0.303,28.4,24.98,111.93,1036.32,201.1
2022-02-01,Indonesia,India,21.39,34.18,744.21,842.66,817.73,72.18,34.84,1.5,340.7,4.67,0.221,27.2,31.94,98.45,987.14,191.96
2018-07-01,Malaysia,Pakistan,15.87,35.3,734.03,852.91,915.67,58.65,27.69,1.175,147.4,5.33,0.839,21.9,24.66,118.88,923.47,132.04
2015-08-01,Indonesia,India,18.89,34.03,744.73,862.0,942.34,55.93,20.91,1.116,325.1,5.09,0.811,17.5,28.02,117.27,950.69,254.39
2018-08-01,Indonesia,India,17.61,40.2,725.9,883.73,883.7,56.58,30.89,1.226,360.3,5.72,0.845,22.0,30.43,157.83,937.35,262.69
2023-01-01,Indonesia,EU-27,12.13,42.7,788.55,912.02,929.91,66.05,21.97,1.444,202.4,4.45,0.146,28.6,28.16,123.47,956.69,112.26
2023-01-01,Malaysia,USA,5.9,47.57,807.41,953.02,1004.77,61.1,25.69,1.457,132.9,4.94,0.158,28.6,27.32,145.61,932.61,80.16
2020-01-01,Indonesia,India,22.57,41.14,839.6,969.61,1009.38,67.41,24.83,1.277,336.4,5.17,0.155,24.1,37.86,130.0,1109.97,211.88
2021-03-01,Indonesia,EU-27,0.0,38.0,788.53,929.34,934.69,55.13,43.16,1.257,222.9,6.19,0.334,25.9,29.17,140.81,869.69,174.69
2021-04-01,Malaysia,China,8.6,46.04,797.84,920.48,932.92,67.61,38.75,1.431,263.0,4.74,0.513,26.0,31.09,122.64,958.57,182.41
2020-06-01,Indonesia,USA,0.0,52.05,837.1,970.52,957.77,62.09,21.19,1.307,135.7,4.14,0.821,24.8,23.71,133.41,910.34,109.71
2019-07-01,Malaysia,India,15.17,44.2,842.61,967.75,971.07,57.94,17.99,1.318,284.7,7.09,0.846,23.4,32.9,125.14,1042.05,214.08
2018-12-01,Malaysia,EU-27,0.54,43.05,788.24,927.22,887.41,58.95,27.17,1.157,168.5,5.94,0.219,22.5,40.18,138.99,863.12,121.12
2018-06-01,Malaysia,China,6.58,39.28,753.72,909.78,938.66,60.6,29.73,1.218,245.6,4.34,0.774,21.8,26.85,156.06,876.85,210.62
2021-05-01,Indonesia,EU-27,7.48,40.07,806.64,924.61,956.24,62.57,38.51,1.342,208.9,5.61,0.677,26.1,24.68,117.97,951.47,155.67
2024-12-01,Indonesia,Pakistan,15.25,50.94,940.69,1102.47,1082.59,63.98,24.02,1.5,201.3,5.07,0.164,31.5,31.48,161.78,1170.55,109.41
2018-11-01,Indonesia,Pakistan,18.8,36.27,799.77,883.62,945.96,53.58,27.05,1.068,169.1,3.92,0.314,22.4,31.94,83.85,1025.32,71.06
2023-09-01,Malaysia,China,5.55,41.73,856.33,981.48,1001.84,68.53,25.9,1.25,235.7,5.7,0.691,29.6,21.96,125.15,975.24,205.12
2015-09-01,Malaysia,USA,2.68,30.71,729.61,872.23,863.2,46.09,24.89,1.088,102.0,3.6,0.664,17.6,31.7,142.62,806.25,104.8
2017-10-01,Malaysia,EU-27,5.39,27.99,685.12,799.16,841.61,60.53,30.37,1.112,199.7,4.64,0.482,20.8,32.79,114.04,783.55,131.31
2022-07-01,Malaysia,China,8.25,33.86,788.2,925.87,938.61,69.53,40.59,1.455,254.2,5.27,0.87,27.9,31.05,137.68,933.78,191.34
2018-06-01,Malaysia,India,14.7,30.52,701.37,821.98,815.55,54.64,33.54,1.003,269.5,5.18,0.779,21.8,24.56,120.61,877.91,224.24
2015-02-01,Indonesia,India,12.77,36.78,790.63,912.84,975.55,51.44,17.1,0.983,341.1,4.72,0.185,16.8,29.41,122.21,952.34,230.65
2024-05-01,Malaysia,USA,0.0,45.73,909.82,1007.98,1015.4,66.17,29.35,1.5,117.7,2.92,0.682,30.6,31.65,98.16,984.9,68.03
2020-05-01,Malaysia,India,16.51,47.94,850.31,934.95,961.75,62.42,30.59,1.347,290.7,4.92,0.656,24.6,24.12,84.64,1082.18,180.63
2020-07-01,Indonesia,USA,0.0,45.41,872.82,1020.58,1059.97,65.0,22.48,1.132,141.3,6.14,0.848,24.9,45.02,147.76,940.71,130.13
2019-07-01,Indonesia,USA,1.3,48.63,803.01,941.5,955.19,62.46,19.82,1.252,127.5,5.69,0.834,23.4,25.09,138.49,882.78,116.57
2021-06-01,Indonesia,Pakistan,17.08,45.27,816.77,967.63,953.83,59.84,41.83,1.318,217.7,4.3,0.752,26.2,25.6,150.86,1058.28,128.05
2017-12-01,Malaysia,China,4.91,30.81,697.28,823.28,888.46,48.31,24.49,1.186,229.1,5.05,0.171,21.0,30.68,126.0,789.51,192.47
2016-03-01,Malaysia,India,10.6,33.68,703.32,875.47,879.02,55.22,28.89,1.063,287.1,4.96,0.294,18.4,25.12,172.15,847.05,201.47
2021-01-01,Malaysia,EU-27,4.8,38.72,815.12,912.1,919.65,63.7,40.63,1.366,181.5,5.3,0.16,25.6,27.17,96.98,937.45,112.76
2018-06-01,Malaysia,Pakistan,19.61,34.77,729.3,838.61,835.14,46.52,32.07,1.295,148.7,5.45,0.826,21.8,29.42,109.31,952.27,114.7
2015-07-01,Malaysia,USA,6.12,42.64,763.63,918.59,898.87,48.65,28.3,1.094,116.3,3.08,0.854,17.4,26.68,154.96,885.63,119.45
2024-01-01,Indonesia,USA,0.0,52.37,865.84,1010.34,1056.57,61.79,25.84,1.475,140.2,4.57,0.143,30.1,25.45,144.51,944.05,83.72
2019-02-01,Indonesia,USA,0.0,35.55,762.24,902.51,937.09,58.45,22.04,1.168,140.5,4.87,0.179,22.8,33.66,140.27,819.84,99.85
2024-03-01,Indonesia,EU-27,3.67,52.08,926.9,1069.82,1026.09,64.62,25.2,1.498,237.1,4.27,0.288,30.4,30.19,142.92,1041.02,146.49
2014-05-01,Malaysia,India,6.37,51.38,701.48,835.33,870.37,48.26,26.13,1.221,271.2,3.75,0.669,15.6,35.5,133.85,828.57,217.11
2019-04-01,Indonesia,Pakistan,13.33,54.88,810.8,976.27,983.49,61.89,24.04,1.285,190.5,4.95,0.518,23.0,35.37,165.46,1008.31,122.54
2020-05-01,Indonesia,EU-27,6.53,39.64,818.51,929.84,988.37,64.96,29.0,1.204,193.1,5.44,0.643,24.6,23.63,111.34,945.08,173.83
2021-03-01,Malaysia,EU-27,7.87,50.14,808.32,917.03,960.39,63.57,38.95,1.31,193.3,5.38,0.35,25.9,39.76,108.72,967.99,106.82
2017-07-01,Malaysia,China,11.12,33.24,704.15,851.19,850.92,66.1,19.85,1.112,264.5,6.22,0.873,20.4,26.0,147.05,841.41,203.41
2021-01-01,Indonesia,China,2.67,44.15,823.72,943.68,944.92,63.78,44.88,1.358,306.3,3.7,0.123,25.6,28.58,119.96,937.09,192.79
2014-10-01,Malaysia,China,8.87,41.29,739.51,844.37,880.84,47.21,24.95,1.097,226.5,5.25,0.491,16.2,31.27,104.85,877.19,189.4
2024-02-01,Indonesia,USA,0.81,40.99,898.44,1014.32,1054.96,63.37,32.3,1.477,127.0,4.45,0.223,30.2,24.98,115.88,979.57,72.64
2016-01-01,Malaysia,EU-27,4.57,31.17,719.56,854.55,883.03,57.07,22.32,1.039,191.8,5.54,0.1,18.1,31.27,134.99,808.37,126.84
2016-08-01,Malaysia,China,9.21,29.99,704.26,848.31,793.12,65.94,25.34,1.053,249.4,3.99,0.806,19.0,27.56,144.04,829.56,207.9
2023-07-01,Indonesia,Pakistan,15.1,42.18,877.52,1022.1,1061.7,67.13,27.08,1.483,195.8,5.45,0.825,29.4,27.15,144.58,1089.73,134.01
2022-05-01,Indonesia,India,20.96,35.37,761.84,891.98,904.78,62.96,39.56,1.326,338.9,4.26,0.648,27.6,22.55,130.14,1012.12,231.42
2019-08-01,Indonesia,Pakistan,20.53,47.79,829.34,993.44,1013.84,65.43,29.04,1.305,190.1,5.12,0.808,23.5,39.55,164.09,1092.18,140.92
2014-11-01,Malaysia,Pakistan,18.66,37.3,757.41,875.32,882.47,45.32,29.06,1.069,161.4,4.42,0.335,16.4,27.87,117.91,977.48,94.94
2019-09-01,Malaysia,Pakistan,12.98,53.77,854.51,975.41,1013.71,52.51,20.65,1.213,153.1,4.17,0.682,23.6,30.71,120.9,1049.5,120.15
2017-11-01,Indonesia,India,14.77,34.6,707.93,861.55,884.98,58.41,19.03,1.2,339.7,4.74,0.284,20.9,19.37,153.62,874.06,210.17
2017-02-01,Indonesia,Pakistan,19.76,26.12,664.64,786.48,806.29,54.99,22.5,1.26,199.1,4.02,0.172,19.8,27.51,121.84,854.21,99.22
2015-08-01,Indonesia,China,7.19,41.0,738.16,907.76,888.61,51.31,18.79,1.046,269.9,4.78,0.794,17.5,21.85,169.6,855.34,279.99
2014-12-01,Indonesia,Pakistan,19.19,43.22,763.42,905.23,939.75,50.21,21.73,1.126,194.4,5.76,0.212,16.5,22.03,141.82,987.33,114.4
2018-09-01,Indonesia,India,12.67,37.46,733.14,859.06,868.43,61.16,24.72,1.34,341.2,4.68,0.668,22.1,29.97,125.91,896.05,257.64
2019-01-01,Malaysia,USA,1.19,48.24,799.65,955.87,930.49,51.18,32.0,1.351,97.2,4.47,0.136,22.6,29.24,156.22,890.32,89.11
2021-12-01,Malaysia,China,11.05,43.45,771.79,929.33,920.88,69.15,41.36,1.5,237.2,3.16,0.18,27.0,28.84,157.54,951.3,181.33
2019-06-01,Indonesia,India,15.98,46.73,834.74,954.93,1002.95,58.84,23.05,1.274,313.1,4.76,0.829,23.2,28.08,120.19,1049.02,257.64
2019-01-01,Malaysia,EU-27,1.67,38.06,794.87,934.99,927.05,51.82,24.02,1.188,179.9,4.65,0.125,22.6,32.74,140.13,871.3,128.58
2015-11-01,Malaysia,India,11.73,38.1,741.48,884.32,918.89,48.75,21.6,1.012,302.4,7.34,0.294,17.9,32.71,142.84,895.15,203.06
2019-07-01,Indonesia,Pakistan,23.23,44.17,830.53,941.12,952.5,64.43,20.42,1.239,181.6,4.0,0.845,23.4,34.12,110.58,1103.04,132.98
2015-02-01,Malaysia,USA,2.53,44.52,760.05,892.85,904.01,48.96,18.79,1.099,95.9,4.33,0.198,16.8,29.92,132.8,844.21,73.19
2023-07-01,Indonesia,India,25.72,39.25,830.12,989.08,957.94,62.95,24.32,1.5,353.3,4.16,0.873,29.4,30.66,158.96,1123.57,221.47
2024-04-01,Malaysia,India,16.58,55.88,924.99,1069.64,1006.02,61.43,24.81,1.5,262.7,5.21,0.503,30.5,25.84,144.65,1172.39,190.39
2021-01-01,Malaysia,Pakistan,9.37,50.32,842.33,953.64,974.38,61.24,44.44,1.369,160.2,5.4,0.155,25.6,34.22,111.31,1024.88,115.91
2017-02-01,Malaysia,USA,2.77,33.75,689.29,842.39,834.17,54.67,25.04,1.099,139.0,5.15,0.174,19.8,26.43,153.1,768.81,89.65
2018-01-01,Malaysia,Pakistan,13.62,33.42,705.61,849.97,901.74,45.23,25.51,1.362,155.0,6.78,0.137,21.1,23.03,144.36,868.67,105.48
2021-12-01,Indonesia,Pakistan,15.83,44.29,774.89,920.38,914.84,64.3,39.0,1.219,169.5,5.99,0.192,27.0,31.49,145.5,994.02,116.5
2018-03-01,Malaysia,USA,0.0,37.65,736.81,887.99,846.52,61.3,25.75,1.235,121.4,4.38,0.346,21.4,36.7,151.18,800.21,97.32
2019-02-01,Indonesia,Pakistan,18.44,34.96,776.85,874.98,933.72,51.66,30.34,1.285,197.4,4.72,0.224,22.8,31.69,98.13,997.43,87.95
2024-04-01,Malaysia,Pakistan,14.77,49.03,887.22,1027.98,1011.29,69.12,29.35,1.5,154.0,4.91,0.523,30.5,37.92,140.76,1108.19,111.77
2016-11-01,Indonesia,EU-27,3.47,41.37,738.45,862.84,845.0,60.97,23.3,1.042,208.7,3.11,0.365,19.4,33.01,124.39,830.99,138.63
2019-03-01,Malaysia,China,13.91,37.85,807.32,905.6,912.37,58.4,22.89,1.205,238.3,4.43,0.332,22.9,28.33,98.28,988.81,145.36
2015-11-01,Malaysia,India,8.18,45.25,740.06,835.53,853.49,58.52,26.96,1.07,257.0,6.06,0.336,17.9,34.5,95.48,878.74,196.45
2016-02-01,Malaysia,Pakistan,14.41,40.6,773.96,880.62,956.72,60.55,26.11,1.219,143.7,4.69,0.208,18.2,26.6,106.66,961.85,71.1
2019-05-01,Indonesia,Pakistan,19.67,37.37,799.15,903.92,980.89,55.17,34.08,1.401,204.3,4.12,0.674,23.1,20.11,104.77,1041.84,116.07
2018-01-01,Indonesia,Pakistan,9.57,35.53,726.37,873.89,905.72,64.5,21.44,1.223,193.6,5.18,0.14,21.1,31.59,147.52,858.28,125.75
2014-07-01,Indonesia,India,16.52,35.23,720.75,798.37,872.26,45.77,24.96,1.076,332.7,4.63,0.829,15.9,25.66,77.62,909.96,240.56
2023-01-01,Malaysia,USA,0.0,43.02,778.21,914.93,946.54,69.18,27.44,1.5,96.0,4.89,0.149,28.6,21.79,136.72,848.67,85.08
2020-10-01,Malaysia,EU-27,1.47,34.36,815.05,917.65,943.55,56.35,26.77,1.338,162.3,4.05,0.502,25.2,30.1,102.6,889.04,133.73
2017-08-01,Malaysia,China,7.08,39.17,684.89,820.34,908.06,47.58,27.77,1.222,241.0,5.77,0.821,20.5,31.77,135.45,805.02,224.87
2014-11-01,Malaysia,Pakistan,16.98,40.36,752.49,895.06,922.12,51.32,30.74,0.991,163.4,6.02,0.309,16.4,26.54,142.57,963.41,107.82
2014-01-01,Indonesia,USA,0.0,33.58,689.17,827.17,825.54,59.12,26.42,0.851,120.8,3.45,0.164,15.1,21.53,138.0,749.17,95.05
2015-09-01,Indonesia,China,9.46,33.5,732.18,884.01,893.16,49.11,28.53,1.178,317.2,4.83,0.703,17.6,31.69,151.83,869.33,209.11
2018-01-01,Malaysia,EU-27,9.0,30.4,716.38,837.65,903.91,51.66,27.07,1.282,196.3,5.66,0.172,21.1,34.63,121.27,843.48,112.94
2024-02-01,Indonesia,China,7.49,48.72,905.65,1070.54,1055.06,65.69,21.58,1.5,281.1,4.68,0.203,30.2,21.95,164.89,1049.01,227.12
2018-05-01,Indonesia,EU-27,9.62,42.23,730.74,830.14,845.93,59.07,25.79,1.243,186.3,3.51,0.668,21.6,29.46,99.4,875.63,143.82
2024-09-01,Indonesia,Pakistan,10.18,47.52,922.05,1088.74,1091.95,70.05,20.48,1.5,202.2,5.24,0.67,31.1,28.67,166.69,1090.8,177.19
2024-06-01,Malaysia,Pakistan,11.94,51.39,889.3,1040.49,1017.11,75.82,22.49,1.461,158.5,4.83,0.836,30.8,37.14,151.19,1078.23,118.61
2023-10-01,Malaysia,China,10.56,47.12,869.61,1001.72,1057.06,73.42,30.83,1.5,252.4,5.62,0.492,29.8,22.99,132.11,1047.66,186.43
2021-07-01,Malaysia,India,14.17,43.59,783.01,909.71,917.85,62.55,37.99,1.271,287.5,6.66,0.861,26.4,31.2,126.7,987.1,215.19
2023-06-01,Malaysia,USA,0.73,49.31,815.23,909.53,983.34,71.48,26.73,1.5,114.6,4.81,0.819,29.2,29.22,94.3,897.81,99.73
2014-11-01,Indonesia,EU-27,5.11,40.1,729.95,838.2,906.65,48.43,19.76,1.225,191.6,5.42,0.336,16.4,29.28,108.25,830.16,147.35
2018-11-01,Indonesia,Pakistan,15.38,40.73,789.27,870.82,928.02,59.61,25.26,1.104,201.2,4.93,0.301,22.4,39.24,81.54,986.84,106.03
2022-02-01,Malaysia,USA,0.0,44.91,751.63,905.64,904.06,65.48,31.12,1.279,106.7,4.21,0.197,27.2,26.58,154.02,827.65,90.53
2014-12-01,Malaysia,Pakistan,15.16,44.12,747.68,897.39,876.58,56.54,24.63,0.985,159.7,7.36,0.17,16.5,33.39,149.71,940.17,107.44
2014-02-01,Malaysia,India,11.72,32.47,703.05,839.55,811.51,48.96,25.82,1.084,279.4,3.76,0.207,15.2,29.78,136.5,850.59,177.36
2020-01-01,Malaysia,USA,0.0,53.74,822.1,969.86,956.13,63.49,36.53,1.314,128.6,4.35,0.139,24.1,35.97,147.75,912.38,83.94
2024-04-01,Malaysia,India,16.56,54.91,911.55,1074.51,1080.29,67.03,23.65,1.5,278.4,4.62,0.523,30.5,32.47,162.96,1154.06,189.52
2024-02-01,Indonesia,Pakistan,24.91,51.62,893.1,978.8,1049.98,69.63,21.46,1.484,170.8,5.56,0.211,30.2,26.19,85.7,1206.82,52.7
2014-07-01,Malaysia,Pakistan,17.02,25.83,763.64,875.34,1010.01,49.9,30.03,0.876,156.6,4.25,0.859,15.9,30.9,111.7,959.01,127.94
2024-03-01,Malaysia,USA,0.0,47.87,924.76,1036.16,1048.98,76.11,34.78,1.457,109.6,5.2,0.301,30.4,25.39,111.4,1007.41,73.53
2017-12-01,Malaysia,Pakistan,16.3,33.61,760.21,874.94,921.81,55.7,26.1,1.125,135.3,4.37,0.233,21.0,27.3,114.73,953.6,100.25
2016-10-01,Malaysia,USA,1.02,32.49,712.13,791.0,831.7,51.64,19.48,1.175,134.2,3.23,0.508,19.2,35.66,78.87,771.88,71.98
2016-03-01,Malaysia,India,13.32,38.44,727.89,849.69,921.48,51.61,23.65,1.081,243.3,5.14,0.284,18.4,36.3,121.79,895.23,204.07
2019-10-01,Malaysia,USA,7.51,45.84,834.04,994.46,967.79,51.55,21.21,1.229,75.3,3.74,0.503,23.8,31.39,160.42,968.78,84.21
2015-06-01,Indonesia,China,7.86,34.55,764.27,925.69,936.09,50.65,20.64,1.008,309.8,4.54,0.769,17.2,26.96,161.42,883.88,256.63
2016-06-01,Indonesia,China,9.92,35.3,712.85,846.52,844.0,54.11,31.28,1.132,298.1,4.93,0.808,18.8,32.07,133.67,856.77,236.95
2019-06-01,Indonesia,China,14.83,40.5,800.36,915.98,968.45,58.35,24.3,1.276,303.8,4.68,0.785,23.2,30.71,115.62,993.47,222.89
2017-03-01,Malaysia,USA,0.27,25.55,674.6,805.37,793.51,59.28,28.49,1.247,115.9,6.22,0.315,19.9,26.36,130.77,730.58,92.0
2020-03-01,Indonesia,EU-27,8.52,40.63,839.14,995.66,993.92,65.34,18.03,1.339,215.9,3.78,0.341,24.4,36.95,156.51,974.3,130.9
2014-12-01,Indonesia,India,16.88,38.57,716.19,865.9,851.82,55.63,25.48,1.001,328.7,4.82,0.197,16.5,30.49,149.71,911.96,221.27
2021-10-01,Malaysia,EU-27,3.91,41.57,795.68,924.61,960.78,63.67,44.93,1.381,209.2,6.1,0.499,26.8,31.1,128.93,916.69,133.97
2023-02-01,Indonesia,EU-27,5.23,37.22,837.29,983.06,1002.71,72.04,28.08,1.432,214.6,4.43,0.21,28.8,28.87,145.76,949.84,155.14
2021-07-01,Indonesia,EU-27,8.16,37.0,749.11,867.86,881.0,59.32,34.27,1.349,200.8,5.55,0.851,26.4,34.02,118.76,887.35,163.9
2020-06-01,Indonesia,USA,0.0,41.54,862.02,1000.22,1029.89,52.59,28.39,1.299,127.8,5.76,0.798,24.8,36.67,138.2,931.95,124.14
2014-05-01,Indonesia,China,8.18,25.88,700.15,852.83,866.35,53.67,28.47,1.082,294.9,6.4,0.686,15.6,30.07,152.68,816.24,244.61
2019-07-01,Malaysia,India,20.13,43.68,810.21,965.69,962.82,55.88,23.64,1.134,266.5,5.17,0.847,23.4,37.59,155.48,1054.19,218.54
2020-07-01,Malaysia,EU-27,1.32,50.41,823.39,933.89,959.09,73.13,19.77,1.329,176.9,4.1,0.864,24.9,26.0,110.51,905.35,136.26
2014-01-01,Malaysia,China,5.82,26.81,681.84,841.27,826.11,46.54,22.85,1.072,270.8,6.43,0.159,15.1,26.11,159.43,774.06,184.97
2015-04-01,Indonesia,Pakistan,20.99,39.91,770.7,903.77,925.36,55.89,23.46,1.061,174.4,5.59,0.496,17.0,24.47,133.08,1009.16,134.78
2016-06-01,Malaysia,USA,6.9,35.08,718.8,825.78,825.07,59.75,30.51,1.103,113.4,4.4,0.818,18.8,31.59,106.98,838.51,98.47
2021-11-01,Indonesia,Pakistan,12.74,41.04,838.26,985.26,998.71,60.04,37.4,1.43,150.1,4.84,0.334,26.9,37.53,147.0,1033.45,113.57
2022-04-01,Malaysia,Pakistan,11.48,44.39,770.64,919.49,959.93,58.97,41.08,1.402,168.4,3.27,0.509,27.5,30.9,148.85,954.4,109.18
2019-05-01,Indonesia,Pakistan,17.95,42.86,828.6,952.49,956.57,57.14,29.03,1.154,173.2,5.02,0.662,23.1,29.16,123.88,1062.09,121.84
2023-09-01,Indonesia,USA,1.32,47.03,855.85,972.01,1019.13,71.01,29.28,1.427,152.9,7.8,0.662,29.6,36.05,116.16,944.49,116.92
2014-04-01,Malaysia,Pakistan,13.62,34.3,706.78,830.57,857.16,53.76,26.62,1.044,144.7,5.0,0.494,15.5,27.51,123.79,872.29,123.98
2024-05-01,Malaysia,EU-27,5.19,53.21,885.24,992.37,1029.3,74.86,21.14,1.476,175.2,2.61,0.69,30.6,25.61,107.13,1009.42,131.45
2017-04-01,Malaysia,EU-27,9.25,32.5,697.85,873.23,869.33,53.64,20.05,1.098,170.7,5.58,0.499,20.0,32.04,175.37,819.78,153.91
2016-07-01,Malaysia,India,13.03,30.78,722.37,870.56,858.18,51.75,30.13,0.944,256.7,3.12,0.872,18.9,31.08,148.19,885.36,213.58
2016-08-01,Indonesia,Pakistan,16.15,32.61,708.27,834.77,865.44,44.26,25.15,1.04,190.0,4.52,0.774,19.0,27.22,126.5,889.72,140.05
2023-09-01,Malaysia,USA,0.0,51.63,881.22,1036.3,1059.09,68.29,23.34,1.5,107.8,4.66,0.687,29.6,38.03,155.09,956.19,114.31
2015-06-01,Indonesia,India,16.67,34.37,734.94,888.26,858.96,47.6,25.99,1.016,339.2,3.69,0.809,17.2,36.88,153.33,927.84,257.47
2017-10-01,Malaysia,EU-27,2.64,39.04,721.57,865.16,886.2,54.0,25.18,1.149,204.8,6.14,0.471,20.8,42.97,143.58,806.53,157.64
2024-11-01,Malaysia,India,19.3,47.93,905.26,998.65,1058.26,69.89,23.59,1.5,264.3,4.84,0.341,31.4,26.84,93.39,1165.34,162.08
2019-07-01,Malaysia,China,7.61,39.6,801.57,931.73,972.83,58.22,23.91,1.157,254.1,5.01,0.821,23.4,27.97,130.16,930.93,204.41
2015-08-01,Indonesia,USA,0.62,49.34,748.35,872.37,862.79,44.25,23.74,1.12,119.7,4.16,0.782,17.5,26.33,124.02,826.53,113.57
2016-04-01,Indonesia,India,15.41,35.33,697.41,816.36,847.11,53.33,25.7,1.12,311.1,4.72,0.498,18.5,28.37,118.95,875.29,238.96
2020-01-01,Indonesia,Pakistan,12.77,32.0,848.66,973.64,976.76,58.83,22.22,1.176,204.7,6.07,0.164,24.1,29.36,124.98,1018.23,103.55
2022-04-01,Indonesia,China,5.77,26.05,775.04,922.26,902.63,61.8,38.24,1.368,295.8,6.22,0.502,27.5,32.24,147.22,887.76,258.62
2023-02-01,Indonesia,Pakistan,20.99,34.92,821.25,959.54,943.97,69.33,20.02,1.433,192.7,5.7,0.215,28.8,32.61,138.29,1060.12,101.92
2021-04-01,Indonesia,EU-27,2.38,46.81,788.92,938.58,958.03,65.76,44.31,1.267,210.7,5.24,0.519,26.0,29.13,149.66,900.95,170.03
2016-05-01,Malaysia,Pakistan,16.05,31.19,713.31,860.33,829.67,56.12,19.44,1.22,158.2,4.25,0.667,18.6,25.1,147.03,886.59,119.02
2022-06-01,Indonesia,EU-27,10.23,47.8,780.38,881.42,952.54,59.48,38.45,1.332,187.3,2.89,0.773,27.8,27.29,101.04,955.27,130.14
2024-08-01,Malaysia,India,16.13,52.17,924.73,1070.3,1069.78,65.01,29.7,1.5,275.5,4.7,0.783,31.0,32.2,145.57,1168.91,199.89
2015-03-01,Indonesia,Pakistan,15.89,43.95,761.12,902.54,935.58,47.6,30.97,1.086,176.4,5.5,0.34,16.9,36.22,141.42,968.88,118.32
2015-12-01,Malaysia,USA,2.65,36.84,760.11,848.48,871.97,54.53,25.26,1.075,102.3,7.09,0.216,18.0,25.18,88.37,843.99,78.49
2014-11-01,Indonesia,Pakistan,10.78,43.27,728.07,855.93,876.01,57.55,17.87,1.12,186.9,5.34,0.322,16.4,29.63,127.86,874.25,124.9
2023-12-01,Indonesia,Pakistan,17.39,61.02,886.99,1000.9,1001.49,52.78,19.3,1.5,191.9,4.77,0.211,30.0,28.64,113.92,1135.55,93.62
2015-03-01,Malaysia,USA,0.0,42.89,729.79,884.42,879.06,54.59,20.96,1.066,84.3,5.1,0.331,16.9,22.45,154.63,793.64,105.77
2023-12-01,Indonesia,China,10.6,49.28,885.54,1065.73,1020.55,68.82,30.87,1.5,320.5,5.65,0.225,30.0,24.85,180.19,1068.03,191.86
2024-11-01,Indonesia,India,20.45,46.0,883.8,1030.09,1059.06,63.01,34.92,1.384,340.8,4.17,0.309,31.4,31.93,146.3,1162.02,213.53
2023-02-01,Malaysia,India,18.56,38.24,830.2,959.12,975.73,67.49,23.92,1.303,260.9,2.66,0.244,28.8,29.87,128.92,1057.98,178.56
2022-10-01,Indonesia,USA,0.0,41.9,775.38,925.98,923.07,68.98,40.19,1.319,107.0,4.5,0.494,28.2,28.65,150.6,857.47,126.41
2014-09-01,Malaysia,China,11.66,35.62,751.52,911.42,933.64,40.57,33.28,1.024,262.6,3.62,0.676,16.1,43.07,159.9,916.09,172.73
2017-09-01,Indonesia,USA,0.0,25.71,696.56,870.0,855.27,56.74,19.74,1.235,152.2,4.25,0.669,20.6,28.59,173.45,742.0,124.0
2019-07-01,Malaysia,Pakistan,22.16,50.53,843.37,981.5,992.72,58.68,22.56,1.262,175.2,5.96,0.82,23.4,27.49,138.13,1119.58,106.84
2022-08-01,Indonesia,EU-27,5.04,37.26,794.52,913.31,974.41,66.87,46.64,1.241,207.7,3.69,0.806,28.0,30.68,118.79,922.73,170.81
2024-07-01,Indonesia,EU-27,6.2,44.58,940.75,1048.27,1080.44,67.09,26.74,1.5,212.7,5.75,0.848,30.9,34.19,107.51,1074.86,142.43
2015-04-01,Indonesia,EU-27,7.92,37.53,787.1,903.28,926.47,53.62,29.86,1.124,219.7,5.1,0.497,17.0,24.63,116.19,922.17,139.22
2022-03-01,Indonesia,Pakistan,25.28,47.69,777.97,897.02,969.78,71.38,45.85,1.5,190.6,5.43,0.357,27.4,29.56,119.05,1091.81,90.85
2022-10-01,Malaysia,USA,2.24,38.84,779.48,947.22,880.7,53.16,41.73,1.401,118.9,4.5,0.518,28.2,34.66,167.74,879.31,124.57
2014-01-01,Malaysia,India,12.7,33.89,691.88,832.12,818.8,49.1,27.41,1.094,255.4,5.39,0.155,15.1,33.47,140.24,848.84,196.64
2015-01-01,Indonesia,EU-27,8.95,41.04,750.0,860.32,927.89,51.38,21.76,1.047,227.3,4.86,0.168,16.6,32.93,110.32,885.59,126.54
2020-08-01,Malaysia,USA,0.0,41.05,849.11,949.99,1001.84,68.91,30.8,1.36,96.7,3.6,0.758,25.0,21.02,100.87,920.97,85.6
2022-10-01,Malaysia,China,13.45,46.09,811.69,965.03,983.81,56.81,34.13,1.315,258.3,5.67,0.492,28.2,27.52,153.34,1011.91,184.88
2020-04-01,Indonesia,USA,0.93,46.29,840.07,964.54,999.51,56.99,25.59,1.315,121.9,4.59,0.473,24.5,21.17,124.47,920.45,106.03
2017-08-01,Malaysia,India,11.34,36.64,704.59,814.74,894.55,63.51,22.97,1.265,247.5,3.83,0.82,20.5,33.41,110.15,850.89,215.56
2016-10-01,Malaysia,China,12.83,40.25,718.22,854.32,889.34,51.19,25.24,1.089,249.3,3.8,0.494,19.2,35.78,136.1,884.28,171.91
2018-08-01,Malaysia,China,14.0,35.17,733.75,871.67,888.08,52.32,17.68,1.18,267.4,4.68,0.83,22.0,30.84,137.91,896.75,185.45
2021-04-01,Indonesia,India,18.98,34.48,777.21,938.59,979.66,63.25,42.24,1.184,343.7,4.38,0.491,26.0,24.63,161.39,1016.04,226.98
2017-01-01,Indonesia,USA,0.0,35.21,692.53,802.47,859.17,57.24,29.47,1.081,112.5,5.57,0.189,19.6,19.98,109.94,757.21,93.93
2015-03-01,Malaysia,India,19.28,38.79,768.48,900.86,929.06,48.42,24.1,1.038,262.9,5.61,0.315,16.9,29.37,132.38,991.63,199.43
2014-04-01,Indonesia,China,8.02,31.49,728.37,835.25,836.62,43.82,21.02,0.908,296.7,4.55,0.5,15.5,33.92,106.88,843.54,216.07
2024-10-01,Indonesia,China,8.04,58.79,939.23,1099.03,1040.82,57.29,26.62,1.463,283.9,5.52,0.531,31.2,20.65,159.8,1107.01,223.84
2015-12-01,Indonesia,Pakistan,16.82,36.95,790.16,908.79,924.34,61.8,26.62,1.111,186.6,6.28,0.221,18.0,26.69,118.63,997.35,107.35
2017-02-01,Indonesia,India,19.28,34.84,680.01,810.24,817.14,47.39,25.0,1.016,329.8,5.31,0.177,19.8,34.67,130.22,882.53,232.66
2017-06-01,Indonesia,India,20.78,33.69,697.46,839.48,832.9,48.34,21.99,1.122,344.4,6.01,0.791,20.2,39.95,142.02,909.62,243.26
2020-02-01,Malaysia,Pakistan,12.93,45.5,872.98,1018.19,1008.73,61.22,25.95,1.267,146.1,2.53,0.203,24.2,31.84,145.21,1066.55,92.65
2015-09-01,Malaysia,China,6.64,42.75,787.72,950.96,933.02,55.64,24.5,1.152,255.2,5.11,0.676,17.6,21.57,163.24,911.7,234.83
2015-11-01,Malaysia,India,16.56,39.28,788.97,924.55,919.64,50.14,32.1,1.117,259.2,5.8,0.341,17.9,26.64,135.58,1002.81,193.76
2024-05-01,Indonesia,Pakistan,13.94,51.48,890.79,999.14,1114.28,68.24,24.14,1.5,192.7,5.23,0.621,30.6,31.39,108.36,1101.09,128.41
2018-03-01,Malaysia,China,13.71,34.32,720.12,857.93,858.2,50.8,24.32,1.092,256.1,3.81,0.304,21.4,34.92,137.82,885.5,147.82
2016-08-01,Malaysia,USA,2.95,31.41,687.52,820.21,815.54,64.84,25.48,1.042,114.1,5.73,0.767,19.0,31.05,132.69,766.35,96.52
2014-07-01,Malaysia,China,5.71,42.13,731.41,847.69,855.36,49.16,23.69,0.967,278.5,6.1,0.826,15.9,25.59,116.28,842.72,205.57
2021-06-01,Malaysia,Pakistan,9.39,36.38,794.53,948.22,962.89,53.91,37.65,1.407,141.1,5.54,0.796,26.2,29.29,153.69,950.14,135.93
2019-04-01,Indonesia,EU-27,6.28,48.2,848.86,936.98,1013.27,44.76,24.9,1.342,218.0,5.22,0.507,23.0,26.71,88.11,979.83,135.04
2020-03-01,Malaysia,USA,0.0,55.87,885.7,1049.58,1064.29,58.52,24.54,1.333,124.5,4.72,0.344,24.4,28.59,163.88,966.11,96.58
2020-08-01,Malaysia,Pakistan,13.46,40.43,857.32,955.56,1030.19,56.71,38.96,1.33,177.5,3.01,0.821,25.0,35.28,98.24,1062.79,101.2
2019-08-01,Malaysia,China,13.89,46.36,823.28,933.5,979.98,63.78,24.62,1.301,258.1,3.28,0.799,23.5,26.67,110.22,1018.48,186.23
2014-01-01,Malaysia,EU-27,5.58,32.35,638.28,759.63,785.14,50.09,25.51,1.01,175.7,4.38,0.161,15.1,34.23,121.35,734.99,120.69
2021-06-01,Indonesia,Pakistan,13.72,31.26,788.58,922.46,957.39,62.54,42.09,1.194,190.8,3.85,0.802,26.2,29.17,133.88,980.16,138.99
2022-03-01,Indonesia,EU-27,2.18,36.87,796.41,925.9,978.66,64.14,39.46,1.415,208.8,4.98,0.318,27.4,35.65,129.49,891.76,145.32
2016-09-01,Indonesia,India,7.11,38.93,707.27,860.18,875.45,52.19,23.52,1.073,326.6,3.43,0.655,19.1,33.72,152.91,824.43,276.34
2014-10-01,Malaysia,India,13.95,44.38,744.06,874.1,906.84,43.58,29.79,0.998,268.5,3.44,0.499,16.2,20.95,130.04,932.37,185.94
2014-10-01,Indonesia,China,5.33,41.24,736.19,869.94,938.58,43.74,23.34,1.084,290.8,5.15,0.49,16.2,24.98,133.74,843.48,229.18
2016-04-01,Malaysia,USA,2.81,35.55,737.25,865.96,886.99,58.14,32.89,1.264,98.7,4.27,0.478,18.5,37.05,128.71,828.34,78.38
2018-03-01,Indonesia,India,20.02,27.13,709.68,875.9,834.3,57.15,26.51,1.11,345.7,3.7,0.307,21.4,32.09,166.22,916.16,234.51
2020-09-01,Malaysia,India,17.56,40.26,826.82,996.5,941.27,61.85,26.99,1.395,278.7,5.07,0.635,25.1,34.61,169.69,1051.1,206.97
2023-02-01,Indonesia,Pakistan,20.52,51.46,821.34,953.72,954.78,65.27,18.69,1.497,199.2,3.63,0.165,28.8,30.11,132.38,1074.47,91.93
2020-06-01,Malaysia,China,9.19,46.22,838.71,938.45,1035.51,57.93,24.5,1.382,247.4,4.01,0.799,24.8,31.69,99.74,993.04,181.47
2015-04-01,Malaysia,EU-27,5.61,34.99,752.99,892.58,897.24,51.56,23.97,0.944,192.4,5.09,0.493,17.0,26.34,139.59,857.51,121.65
2018-10-01,Malaysia,India,10.7,36.74,785.3,909.32,934.12,57.59,23.67,1.237,277.5,6.81,0.498,22.2,27.29,124.02,936.15,203.12
2016-01-01,Indonesia,India,19.35,29.53,734.28,863.11,832.0,59.57,23.03,1.192,335.8,5.01,0.168,18.1,32.62,128.83,939.1,213.71
2021-04-01,Indonesia,Pakistan,13.1,46.02,805.94,927.81,958.58,59.33,31.24,1.239,168.5,4.77,0.488,26.0,34.38,121.88,998.88,137.67
2017-01-01,Indonesia,EU-27,10.06,32.38,669.61,760.6,793.01,52.29,23.61,1.1,192.8,4.27,0.146,19.6,30.32,90.98,798.57,133.66
2017-02-01,Indonesia,USA,0.0,38.91,702.1,807.6,892.67,55.92,25.69,1.23,134.0,5.53,0.209,19.8,28.45,105.5,766.71,74.22
2020-11-01,Malaysia,EU-27,4.13,34.03,835.25,985.92,1007.75,59.96,19.07,1.353,188.2,5.87,0.298,25.4,41.47,150.67,925.03,153.11
2014-02-01,Malaysia,China,8.7,35.71,690.72,796.83,853.6,39.4,21.85,1.028,258.8,4.72,0.198,15.2,33.71,106.11,813.39,176.85
2016-03-01,Malaysia,EU-27,2.24,46.9,736.53,870.28,893.38,54.96,32.28,1.1,171.3,5.44,0.347,18.4,38.75,133.75,833.99,138.54
2021-07-01,Indonesia,China,8.82,37.01,765.21,890.4,924.6,64.39,41.44,1.279,318.4,4.77,0.869,26.4,32.77,125.19,918.04,232.06
2017-08-01,Malaysia,India,17.13,32.81,694.2,826.27,814.37,54.71,27.03,1.191,278.5,3.05,0.819,20.5,32.83,132.06,883.2,203.21
2016-08-01,Malaysia,EU-27,4.33,36.38,735.18,889.58,896.87,50.51,28.46,1.121,179.2,3.62,0.82,19.0,36.14,154.39,834.67,160.91
2022-08-01,Malaysia,EU-27,4.71,34.01,775.14,917.45,953.45,59.44,43.42,1.29,179.2,4.46,0.82,28.0,29.66,142.31,892.72,182.4
2018-05-01,Indonesia,Pakistan,18.56,34.42,746.0,898.78,908.34,60.9,33.01,1.058,171.8,4.47,0.66,21.6,29.87,152.78,964.41,134.98
2021-01-01,Malaysia,China,2.95,40.13,807.36,913.85,967.23,60.33,45.11,1.318,255.1,4.71,0.166,25.6,32.95,106.49,918.91,162.69
2021-10-01,Indonesia,China,10.47,51.05,824.0,946.38,993.8,60.19,37.68,1.23,291.7,3.12,0.504,26.8,29.33,122.38,1008.26,202.46
2023-09-01,Malaysia,Pakistan,17.6,40.23,811.5,942.75,911.41,73.14,28.4,1.4,149.6,4.68,0.687,29.6,32.35,131.26,1035.04,122.12
2017-06-01,Malaysia,Pakistan,11.18,38.29,704.1,822.4,850.22,50.05,27.48,1.097,181.8,6.19,0.781,20.2,23.09,118.3,855.92,132.82
2014-12-01,Indonesia,India,13.83,40.16,791.62,913.63,895.21,54.74,31.14,1.129,323.1,4.41,0.158,16.5,32.75,122.01,982.24,225.05
2016-05-01,Indonesia,EU-27,10.17,37.6,717.91,837.73,888.28,54.51,24.89,1.124,200.4,2.75,0.692,18.6,24.34,119.82,859.78,157.12
2020-03-01,Malaysia,EU-27,7.12,51.58,846.29,988.86,982.79,56.54,24.82,1.214,195.8,4.65,0.333,24.4,27.64,142.57,988.35,135.92
2024-07-01,Indonesia,Pakistan,19.53,49.11,911.28,1034.88,1098.61,64.81,19.43,1.5,189.6,4.96,0.856,30.9,37.23,123.6,1171.18,127.69
2023-07-01,Indonesia,India,23.87,37.38,802.37,926.42,968.67,63.81,24.67,1.444,334.2,5.54,0.832,29.4,30.29,124.05,1070.75,230.79
2017-07-01,Indonesia,China,12.23,37.81,704.47,834.95,857.94,67.74,26.06,1.139,292.4,6.2,0.838,20.4,32.89,130.48,862.33,232.61
2016-09-01,Indonesia,USA,0.0,31.26,691.13,838.14,817.16,49.9,25.86,1.234,148.9,3.78,0.657,19.1,27.19,147.01,748.24,112.68
2017-06-01,Malaysia,China,7.4,29.49,702.46,836.75,860.44,60.44,15.73,1.105,244.4,4.24,0.809,20.2,23.53,134.28,803.04,202.35
2016-02-01,Indonesia,USA,0.31,35.22,748.01,865.25,862.96,56.2,21.76,1.027,128.0,7.47,0.197,18.2,34.38,117.24,807.5,89.63
2023-12-01,Indonesia,China,3.15,46.54,857.69,968.05,1033.37,62.6,22.52,1.5,291.9,5.27,0.213,30.0,31.19,110.36,955.98,230.44
2023-12-01,Indonesia,Pakistan,17.54,44.21,887.78,1036.74,1049.16,68.53,25.02,1.457,185.0,5.18,0.204,30.0,30.15,148.96,1124.83,108.47
2018-08-01,Malaysia,Pakistan,15.43,37.43,742.79,849.06,873.51,60.07,27.55,1.199,172.9,3.7,0.818,22.0,36.23,106.27,932.4,121.92
2024-05-01,Indonesia,China,7.46,54.69,922.04,1058.16,1033.17,64.14,25.08,1.462,313.0,5.68,0.681,30.6,33.75,136.12,1076.54,229.44
2016-10-01,Indonesia,USA,0.0,33.56,707.2,856.53,839.56,46.89,24.58,1.149,126.1,4.36,0.529,19.2,25.17,149.33,765.34,127.55
2022-11-01,Malaysia,EU-27,3.25,40.75,810.37,929.29,964.41,60.11,44.17,1.451,158.3,4.57,0.305,28.4,26.7,118.93,924.42,125.85
2019-04-01,Malaysia,China,10.09,40.26,800.85,952.87,980.03,54.87,24.85,1.203,232.3,4.81,0.497,23.0,28.39,152.02,953.34,202.06
2018-10-01,Malaysia,India,12.59,45.06,773.28,913.75,980.65,55.0,17.72,1.234,309.0,3.85,0.529,22.2,29.45,140.47,941.35,211.62
2014-09-01,Indonesia,China,10.12,39.07,722.51,856.68,861.38,46.47,17.8,1.097,282.0,4.5,0.668,16.1,31.94,134.18,858.22,226.7
2018-02-01,Malaysia,China,6.8,35.36,727.15,821.37,882.76,52.53,29.51,1.271,233.9,6.76,0.205,21.2,32.76,94.22,845.9,166.22
2018-05-01,Malaysia,China,9.15,31.96,711.25,868.23,800.47,44.44,26.11,1.148,254.7,4.33,0.671,21.6,28.03,156.98,839.67,211.07
2021-07-01,Indonesia,EU-27,11.25,42.77,766.08,889.03,889.93,56.48,37.71,1.306,193.3,4.66,0.875,26.4,32.41,122.95,941.78,167.04
2022-08-01,Indonesia,USA,2.73,33.23,772.69,876.41,882.82,64.03,38.64,1.5,129.2,5.24,0.801,28.0,36.32,103.72,867.64,103.49
2022-07-01,Malaysia,EU-27,4.07,46.38,789.33,958.54,934.78,55.74,36.45,1.5,183.6,3.63,0.837,27.9,27.41,169.21,907.65,165.63
2021-11-01,Indonesia,China,5.45,49.73,801.55,924.77,942.83,63.47,41.32,1.381,297.7,3.43,0.346,26.9,41.35,123.22,941.21,200.37
2022-10-01,Malaysia,China,13.53,43.57,773.73,896.77,882.31,57.31,37.38,1.395,266.1,5.86,0.48,28.2,26.6,123.05,970.31,178.75
2017-04-01,Malaysia,India,8.61,29.95,684.79,823.21,806.77,61.39,26.1,1.121,279.7,3.36,0.464,20.0,25.35,138.42,804.63,215.12
2022-04-01,Indonesia,Pakistan,20.89,36.96,741.25,874.87,864.48,59.28,40.52,1.371,190.8,4.93,0.519,27.5,27.23,133.62,989.78,108.66
2017-12-01,Indonesia,India,13.49,39.76,691.47,841.55,807.07,51.09,25.85,1.191,337.2,6.19,0.199,21.0,21.17,150.07,859.25,229.74
2018-06-01,Malaysia,China,4.44,38.08,763.84,945.39,954.53,49.42,35.14,1.221,238.0,6.91,0.825,21.8,28.74,181.55,874.22,238.55
2016-08-01,Malaysia,India,11.84,38.49,726.19,882.46,908.77,47.63,16.89,1.153,299.3,5.94,0.755,19.0,31.99,156.27,874.13,216.94
2017-06-01,Malaysia,India,15.85,27.08,693.61,849.42,861.16,54.53,23.69,1.125,288.8,5.08,0.853,20.2,34.19,155.81,862.37,206.6
2024-09-01,Malaysia,China,2.65,51.34,920.08,1079.96,1049.87,68.07,26.29,1.5,225.8,4.52,0.704,31.1,37.93,159.88,1024.15,210.66
2014-05-01,Malaysia,USA,0.14,34.54,703.51,841.83,865.13,56.39,23.2,0.992,110.5,6.46,0.682,15.6,27.94,138.32,762.28,100.03
2015-11-01,Indonesia,India,17.15,37.08,745.4,874.4,877.45,49.58,14.4,1.136,339.1,3.52,0.355,17.9,28.76,129.0,933.54,226.88
2022-01-01,Indonesia,USA,0.0,37.43,777.66,876.9,951.74,73.02,40.77,1.4,102.8,5.67,0.114,27.1,34.07,99.24,855.87,62.26
2016-05-01,Malaysia,Pakistan,15.08,35.39,710.8,861.8,841.83,57.66,24.1,1.042,183.8,4.9,0.644,18.6,32.91,151.0,886.47,104.79
2020-01-01,Indonesia,China,8.3,42.66,842.14,969.07,988.64,62.31,28.76,1.213,297.1,5.46,0.166,24.1,36.58,126.92,989.35,210.01
2017-04-01,Malaysia,India,9.43,44.57,672.26,786.63,787.27,50.8,30.84,1.216,290.8,6.03,0.483,20.0,33.57,114.37,818.16,208.45
2016-07-01,Malaysia,EU-27,0.62,48.67,693.61,826.81,822.07,54.75,31.79,1.21,157.6,3.18,0.855,18.9,28.48,133.21,778.84,166.3
2014-08-01,Malaysia,India,12.42,42.81,721.1,829.04,823.43,53.74,28.51,0.967,256.3,6.3,0.839,16.0,34.24,107.94,890.8,212.03
2014-07-01,Indonesia,EU-27,7.3,43.24,716.33,823.54,871.81,57.16,30.27,0.84,220.6,4.22,0.86,15.9,29.71,107.21,847.45,181.71
2024-04-01,Indonesia,USA,0.72,50.17,894.37,1049.33,1011.95,68.92,24.95,1.5,137.5,5.24,0.514,30.5,23.03,154.96,976.5,101.4
2021-04-01,Malaysia,EU-27,5.79,32.38,792.31,887.68,927.2,65.63,40.04,1.314,154.7,4.35,0.515,26.0,23.67,95.37,914.77,128.37
2023-02-01,Malaysia,USA,0.0,38.2,783.35,907.93,956.35,69.09,19.98,1.457,109.1,4.59,0.189,28.8,34.31,124.58,841.53,79.06
2016-06-01,Indonesia,USA,1.03,40.31,736.56,867.75,892.5,55.82,25.72,0.994,126.5,5.26,0.811,18.8,40.0,131.19,810.88,116.14
2014-04-01,Malaysia,China,4.82,39.62,694.77,835.45,822.5,51.07,26.8,1.014,252.5,4.68,0.501,15.5,36.46,140.67,797.86,216.41
2015-10-01,Indonesia,EU-27,4.96,44.57,763.65,893.01,925.57,54.43,35.57,1.066,196.2,2.45,0.544,17.8,35.29,129.35,885.69,150.56
2019-08-01,Malaysia,India,19.54,45.22,850.88,991.58,998.45,54.72,22.81,1.158,274.3,5.79,0.809,23.5,33.61,140.7,1098.48,208.08
2014-03-01,Malaysia,China,13.16,34.02,687.81,813.95,820.87,61.11,27.71,1.048,255.7,6.36,0.344,15.4,20.07,126.14,848.22,182.22
2023-09-01,Indonesia,Pakistan,19.88,48.03,852.82,959.39,1053.6,73.52,21.88,1.476,190.5,5.66,0.666,29.6,32.89,106.56,1106.19,120.42
2024-06-01,Indonesia,China,9.0,56.55,934.17,1045.05,1091.99,69.79,30.14,1.352,320.7,4.28,0.827,30.8,26.69,110.89,1112.72,227.55
2024-02-01,Indonesia,China,9.71,52.22,926.06,1054.79,1069.77,52.96,26.06,1.5,306.6,4.38,0.179,30.2,24.21,128.74,1101.91,192.94
2015-12-01,Malaysia,India,13.64,43.86,751.08,877.04,899.29,48.18,25.09,1.09,269.5,6.6,0.185,18.0,26.72,125.96,931.92,187.3
2014-01-01,Malaysia,EU-27,2.28,33.65,683.94,789.66,866.72,44.72,18.79,1.024,164.8,4.63,0.166,15.1,36.31,105.73,753.13,122.51
2021-09-01,Malaysia,Pakistan,13.44,44.74,811.65,959.36,961.54,56.11,36.47,1.301,142.4,4.66,0.657,26.6,29.61,147.7,1012.83,125.98
2016-05-01,Malaysia,India,11.11,34.84,690.91,836.21,841.72,55.87,24.96,1.004,282.2,5.36,0.695,18.6,17.64,145.29,834.1,214.31
2022-05-01,Indonesia,India,23.73,49.38,768.37,899.08,910.48,67.65,33.07,1.333,333.5,5.09,0.703,27.6,21.26,130.72,1052.69,239.74
2014-11-01,Malaysia,USA,0.0,41.22,727.34,830.7,877.94,52.41,19.94,1.025,128.0,7.03,0.328,16.4,29.27,103.36,788.5,75.37
2021-11-01,Malaysia,USA,2.8,50.79,778.5,922.53,895.52,64.89,42.1,1.214,120.1,5.91,0.348,26.9,37.04,144.03,895.77,111.49
2016-03-01,Indonesia,Pakistan,19.78,26.99,705.59,842.17,887.28,47.74,27.39,1.128,190.5,4.11,0.34,18.4,33.97,136.58,910.27,125.47
2019-01-01,Malaysia,EU-27,5.59,45.1,836.59,960.63,964.31,64.06,30.41,1.309,178.7,7.27,0.122,22.6,38.29,124.04,963.07,128.07
2020-09-01,Malaysia,India,12.01,58.85,825.31,1000.62,932.95,56.36,21.09,1.36,283.2,3.89,0.69,25.1,24.66,175.31,1013.94,206.13
2014-04-01,Indonesia,India,14.6,41.19,680.98,825.71,776.13,50.57,26.13,1.075,338.7,4.7,0.522,15.5,31.9,144.73,857.59,243.64
2014-01-01,Indonesia,India,14.3,29.29,660.92,807.47,832.36,42.09,26.02,0.985,332.3,6.29,0.166,15.1,27.47,146.55,818.65,245.65
2023-11-01,Malaysia,EU-27,6.65,48.65,873.23,1010.78,1021.53,67.31,17.86,1.389,197.9,3.63,0.327,29.9,26.39,137.55,1002.2,123.18
2022-05-01,Malaysia,China,5.14,34.61,783.47,904.9,871.06,58.82,42.01,1.5,212.5,3.29,0.68,27.6,28.73,121.42,904.31,200.27
2017-03-01,Malaysia,India,16.88,29.72,689.06,835.36,862.63,58.52,22.17,1.115,262.4,5.6,0.284,19.9,36.52,146.3,866.01,198.82
2017-08-01,Indonesia,USA,0.0,44.56,691.55,789.27,856.83,52.78,33.59,1.001,137.7,4.97,0.81,20.5,27.21,97.72,769.7,106.45
2017-06-01,Malaysia,USA,0.33,24.13,669.03,783.52,863.89,55.47,26.47,1.22,103.5,4.57,0.804,20.2,30.37,114.49,722.0,105.36
2023-06-01,Indonesia,China,4.14,40.17,827.01,946.76,1000.05,64.05,28.89,1.46,309.2,4.2,0.782,29.2,25.91,119.75,933.15,223.21
2024-02-01,Indonesia,EU-27,0.2,57.03,895.46,1041.06,1067.93,71.83,24.38,1.5,209.4,6.44,0.23,30.2,35.33,145.6,978.87,170.99
2014-07-01,Indonesia,Pakistan,14.55,41.71,730.01,862.21,905.71,51.26,28.51,1.124,189.2,5.89,0.796,15.9,27.57,132.2,916.67,138.05
2021-01-01,Malaysia,India,19.0,47.71,831.95,920.2,998.68,69.48,40.69,1.322,294.1,5.56,0.145,25.6,25.79,88.26,1095.16,156.9
